provenance,slenderness,gamma,generator,load_design,sensors,sensor_positions,noise_fraction,support_model,trials,rank,status,EI_relative_bias,EI_relative_rmse,holdout_relative_rmse,compliance_absolute_bias
synthetic,10,0.0,Euler-Bernoulli,single,one,1.0,0.0,rigid,200,1,identified,2.220446049250313e-16,2.220446049250313e-16,3.705769144237565e-17,-0.0
synthetic,10,0.0,Euler-Bernoulli,single,one,1.0,0.0,flexible,200,1,unidentifiable,,,,
synthetic,10,0.0,Euler-Bernoulli,single,one,1.0,0.0025,rigid,200,1,identified,-5.90180872134416e-05,0.002632291173069296,0.000822572519056927,-0.0
synthetic,10,0.0,Euler-Bernoulli,single,one,1.0,0.0025,flexible,200,1,unidentifiable,,,,
synthetic,10,0.0,Euler-Bernoulli,single,one,1.0,0.01,rigid,200,1,identified,-3.054219336693864e-05,0.010734876198321013,0.003350760572670232,-0.0
synthetic,10,0.0,Euler-Bernoulli,single,one,1.0,0.01,flexible,200,1,unidentifiable,,,,
synthetic,10,0.0,Euler-Bernoulli,single,one,1.0,0.03,rigid,200,1,identified,0.003923914699948506,0.030439942818273166,0.009424818547765472,-0.0
synthetic,10,0.0,Euler-Bernoulli,single,one,1.0,0.03,flexible,200,1,unidentifiable,,,,
synthetic,10,0.0,Euler-Bernoulli,single,two_uniform,0.5;1.0,0.0,rigid,200,1,identified,2.220446049250313e-16,2.220446049250313e-16,2.929667744640936e-17,-0.0
synthetic,10,0.0,Euler-Bernoulli,single,two_uniform,0.5;1.0,0.0,flexible,200,2,identified,2.220446049250313e-16,2.220446049250313e-16,2.929667744640936e-17,0.0
synthetic,10,0.0,Euler-Bernoulli,single,two_uniform,0.5;1.0,0.0025,rigid,200,1,identified,-6.598124936427973e-05,0.002255767072832866,0.0005370886951385163,-0.0
synthetic,10,0.0,Euler-Bernoulli,single,two_uniform,0.5;1.0,0.0025,flexible,200,2,identified,0.005163321502278702,0.00949368099737745,0.0013332288434325516,1.3957793343388747e-08
synthetic,10,0.0,Euler-Bernoulli,single,two_uniform,0.5;1.0,0.01,rigid,200,1,identified,0.0001313972675402031,0.009217439024215374,0.0021926837838328445,-0.0
synthetic,10,0.0,Euler-Bernoulli,single,two_uniform,0.5;1.0,0.01,flexible,200,2,identified,0.023136967145434676,0.043781029572776874,0.005821742107610757,5.791277420181542e-08
synthetic,10,0.0,Euler-Bernoulli,single,two_uniform,0.5;1.0,0.03,rigid,200,1,identified,-0.0019861412415877935,0.028672338231025232,0.006883382707533513,-0.0
synthetic,10,0.0,Euler-Bernoulli,single,two_uniform,0.5;1.0,0.03,flexible,200,2,identified,0.0846166315876058,0.18043744724695335,0.01850278943599013,1.8000990758620282e-07
synthetic,10,0.0,Euler-Bernoulli,single,two_selected,0.5;1.0,0.0,rigid,200,1,identified,2.220446049250313e-16,2.220446049250313e-16,2.929667744640936e-17,-0.0
synthetic,10,0.0,Euler-Bernoulli,single,two_selected,0.5;1.0,0.0,flexible,200,2,identified,2.220446049250313e-16,2.220446049250313e-16,2.929667744640936e-17,0.0
synthetic,10,0.0,Euler-Bernoulli,single,two_selected,0.5;1.0,0.0025,rigid,200,1,identified,-0.00011183494729881394,0.0024074496820530133,0.0005733786870292467,-0.0
synthetic,10,0.0,Euler-Bernoulli,single,two_selected,0.5;1.0,0.0025,flexible,200,2,identified,0.006323787887952074,0.011556600322581382,0.0017942042614230965,1.711880990413712e-08
synthetic,10,0.0,Euler-Bernoulli,single,two_selected,0.5;1.0,0.01,rigid,200,1,identified,0.0001371594221463296,0.009566526144916005,0.0022788817950612572,-0.0
synthetic,10,0.0,Euler-Bernoulli,single,two_selected,0.5;1.0,0.01,flexible,200,2,identified,0.02130192691770829,0.04359062688131329,0.005722306304124821,5.3042225738302393e-08
synthetic,10,0.0,Euler-Bernoulli,single,two_selected,0.5;1.0,0.03,rigid,200,1,identified,0.0015005518898929154,0.029343451126727968,0.006977995134417898,-0.0
synthetic,10,0.0,Euler-Bernoulli,single,two_selected,0.5;1.0,0.03,flexible,200,2,identified,0.08787720216691525,0.16298814570819262,0.01895689924470015,1.8440493828403673e-07
synthetic,10,0.0,Euler-Bernoulli,single,four,0.25;0.5;0.75;1.0,0.0,rigid,200,1,identified,2.220446049250313e-16,2.220446049250313e-16,2.7889606023441766e-17,-0.0
synthetic,10,0.0,Euler-Bernoulli,single,four,0.25;0.5;0.75;1.0,0.0,flexible,200,2,identified,2.220446049250313e-16,2.220446049250313e-16,2.7889606023441766e-17,0.0
synthetic,10,0.0,Euler-Bernoulli,single,four,0.25;0.5;0.75;1.0,0.0025,rigid,200,1,identified,-0.00010835279434360411,0.0020412699838616498,0.0004118587114284663,-0.0
synthetic,10,0.0,Euler-Bernoulli,single,four,0.25;0.5;0.75;1.0,0.0025,flexible,200,2,identified,0.004506630381918201,0.008385561720873635,0.001011323143881988,1.1844863989805023e-08
synthetic,10,0.0,Euler-Bernoulli,single,four,0.25;0.5;0.75;1.0,0.01,rigid,200,1,identified,-0.0002557607113975841,0.008549882556269756,0.0017284655037274866,-0.0
synthetic,10,0.0,Euler-Bernoulli,single,four,0.25;0.5;0.75;1.0,0.01,flexible,200,2,identified,0.01807873750273763,0.033734799587637435,0.00411156377638974,4.5176294863663e-08
synthetic,10,0.0,Euler-Bernoulli,single,four,0.25;0.5;0.75;1.0,0.03,rigid,200,1,identified,0.0026725219630319656,0.024807058108432038,0.004968855107772097,-0.0
synthetic,10,0.0,Euler-Bernoulli,single,four,0.25;0.5;0.75;1.0,0.03,flexible,200,2,identified,0.06803708674761207,0.13468320376113443,0.011737363322079853,1.3611804875170915e-07
synthetic,10,0.0,Euler-Bernoulli,amplitudes,one,1.0,0.0,rigid,200,1,identified,-2.220446049250313e-16,2.220446049250313e-16,7.41153828847513e-17,-0.0
synthetic,10,0.0,Euler-Bernoulli,amplitudes,one,1.0,0.0,flexible,200,1,unidentifiable,,,,
synthetic,10,0.0,Euler-Bernoulli,amplitudes,one,1.0,0.0025,rigid,200,1,identified,2.9255304560160122e-05,0.0006996782750248496,0.00021865231866661868,-0.0
synthetic,10,0.0,Euler-Bernoulli,amplitudes,one,1.0,0.0025,flexible,200,1,unidentifiable,,,,
synthetic,10,0.0,Euler-Bernoulli,amplitudes,one,1.0,0.01,rigid,200,1,identified,-0.00023511061008838597,0.00260288576250453,0.0008139436816869587,-0.0
synthetic,10,0.0,Euler-Bernoulli,amplitudes,one,1.0,0.01,flexible,200,1,unidentifiable,,,,
synthetic,10,0.0,Euler-Bernoulli,amplitudes,one,1.0,0.03,rigid,200,1,identified,-0.00019088327888541146,0.007373046352666134,0.0023067554363480863,-0.0
synthetic,10,0.0,Euler-Bernoulli,amplitudes,one,1.0,0.03,flexible,200,1,unidentifiable,,,,
synthetic,10,0.0,Euler-Bernoulli,amplitudes,two_uniform,0.5;1.0,0.0,rigid,200,1,identified,0.0,0.0,0.0,-0.0
synthetic,10,0.0,Euler-Bernoulli,amplitudes,two_uniform,0.5;1.0,0.0,flexible,200,2,identified,0.0,0.0,0.0,0.0
synthetic,10,0.0,Euler-Bernoulli,amplitudes,two_uniform,0.5;1.0,0.0025,rigid,200,1,identified,-5.0664422725773536e-05,0.0006248409230770991,0.00014872550007969954,-0.0
synthetic,10,0.0,Euler-Bernoulli,amplitudes,two_uniform,0.5;1.0,0.0025,flexible,200,2,identified,0.001463175884574734,0.0027413308527704065,0.00041648007424324474,4.086871099533175e-09
synthetic,10,0.0,Euler-Bernoulli,amplitudes,two_uniform,0.5;1.0,0.01,rigid,200,1,identified,6.882029927195721e-05,0.0024579657364837914,0.0005844404913871797,-0.0
synthetic,10,0.0,Euler-Bernoulli,amplitudes,two_uniform,0.5;1.0,0.01,flexible,200,2,identified,0.00767119692583955,0.013348285966360455,0.0017839001762159235,2.016609388034893e-08
synthetic,10,0.0,Euler-Bernoulli,amplitudes,two_uniform,0.5;1.0,0.03,rigid,200,1,identified,0.0007082237687076781,0.007606116329306799,0.0018049581134808085,-0.0
synthetic,10,0.0,Euler-Bernoulli,amplitudes,two_uniform,0.5;1.0,0.03,flexible,200,2,identified,0.019318973914864885,0.035446280401911945,0.004468143468465815,4.746092866851386e-08
synthetic,10,0.0,Euler-Bernoulli,amplitudes,two_selected,0.5;1.0,0.0,rigid,200,1,identified,0.0,0.0,0.0,-0.0
synthetic,10,0.0,Euler-Bernoulli,amplitudes,two_selected,0.5;1.0,0.0,flexible,200,2,identified,0.0,0.0,0.0,0.0
synthetic,10,0.0,Euler-Bernoulli,amplitudes,two_selected,0.5;1.0,0.0025,rigid,200,1,identified,-7.081490771419008e-05,0.0005751950821029043,0.0001369323501459828,-0.0
synthetic,10,0.0,Euler-Bernoulli,amplitudes,two_selected,0.5;1.0,0.0025,flexible,200,2,identified,0.0015101177201258115,0.002882366344277418,0.0004357300090646932,4.266563565745848e-09
synthetic,10,0.0,Euler-Bernoulli,amplitudes,two_selected,0.5;1.0,0.01,rigid,200,1,identified,-0.0002600789172553691,0.0028251138552572524,0.0006730839336968064,-0.0
synthetic,10,0.0,Euler-Bernoulli,amplitudes,two_selected,0.5;1.0,0.01,flexible,200,2,identified,0.006505639806821712,0.01291926140749005,0.0018870657088273725,1.7933005389978258e-08
synthetic,10,0.0,Euler-Bernoulli,amplitudes,two_selected,0.5;1.0,0.03,rigid,200,1,identified,0.0012253427260819482,0.0077778816654225725,0.0018424283755821968,-0.0
synthetic,10,0.0,Euler-Bernoulli,amplitudes,two_selected,0.5;1.0,0.03,flexible,200,2,identified,0.021515699344681512,0.03881987154331751,0.004954044977480287,5.1440502008732596e-08
synthetic,10,0.0,Euler-Bernoulli,amplitudes,four,0.25;0.5;0.75;1.0,0.0,rigid,200,1,identified,0.0,0.0,0.0,-0.0
synthetic,10,0.0,Euler-Bernoulli,amplitudes,four,0.25;0.5;0.75;1.0,0.0,flexible,200,2,identified,0.0,0.0,0.0,0.0
synthetic,10,0.0,Euler-Bernoulli,amplitudes,four,0.25;0.5;0.75;1.0,0.0025,rigid,200,1,identified,2.1856729744713088e-05,0.0005850643500993993,0.00011796083140557835,-0.0
synthetic,10,0.0,Euler-Bernoulli,amplitudes,four,0.25;0.5;0.75;1.0,0.0025,flexible,200,2,identified,0.0012112822127063794,0.0023110362966620585,0.00026018121420356933,3.083397199741103e-09
synthetic,10,0.0,Euler-Bernoulli,amplitudes,four,0.25;0.5;0.75;1.0,0.01,rigid,200,1,identified,-5.82092571995152e-06,0.0023788967576666856,0.000479664076639505,-0.0
synthetic,10,0.0,Euler-Bernoulli,amplitudes,four,0.25;0.5;0.75;1.0,0.01,flexible,200,2,identified,0.005298428808409031,0.008958929722506786,0.0010968422189097985,1.3617408092232984e-08
synthetic,10,0.0,Euler-Bernoulli,amplitudes,four,0.25;0.5;0.75;1.0,0.03,rigid,200,1,identified,0.00013994210072808933,0.006932023994652753,0.0013999094207590172,-0.0
synthetic,10,0.0,Euler-Bernoulli,amplitudes,four,0.25;0.5;0.75;1.0,0.03,flexible,200,2,identified,0.015546167150692305,0.027965419092763146,0.003267873372253334,3.831581449587816e-08
synthetic,10,0.0,Euler-Bernoulli,locations,one,1.0,0.0,rigid,200,1,identified,2.220446049250313e-16,2.220446049250313e-16,3.705769144237565e-17,-0.0
synthetic,10,0.0,Euler-Bernoulli,locations,one,1.0,0.0,flexible,200,2,identified,2.220446049250313e-16,2.220446049250313e-16,3.705769144237565e-17,0.0
synthetic,10,0.0,Euler-Bernoulli,locations,one,1.0,0.0025,rigid,200,1,identified,-1.575362157105964e-05,0.0020649300465919863,0.0006451119111824525,-0.0
synthetic,10,0.0,Euler-Bernoulli,locations,one,1.0,0.0025,flexible,200,2,identified,0.011156686281670563,0.018937266558939316,0.0029977906877615254,2.9389873356549612e-08
synthetic,10,0.0,Euler-Bernoulli,locations,one,1.0,0.01,rigid,200,1,identified,-0.0002702083326241045,0.008758343903794541,0.002746481909905706,-0.0
synthetic,10,0.0,Euler-Bernoulli,locations,one,1.0,0.01,flexible,200,2,identified,0.047979313224363704,0.09304785570488244,0.012503289511083378,1.1209790015548008e-07
synthetic,10,0.0,Euler-Bernoulli,locations,one,1.0,0.03,rigid,200,1,identified,-0.0011384017024308674,0.02548983808345909,0.008006159485013025,-0.0
synthetic,10,0.0,Euler-Bernoulli,locations,one,1.0,0.03,flexible,200,2,identified,0.14147268945899794,0.34157435034691397,0.0294243742070368,2.360600695716087e-07
synthetic,10,0.0,Euler-Bernoulli,locations,two_uniform,0.5;1.0,0.0,rigid,200,1,identified,2.220446049250313e-16,2.220446049250313e-16,2.929667744640936e-17,-0.0
synthetic,10,0.0,Euler-Bernoulli,locations,two_uniform,0.5;1.0,0.0,flexible,200,2,identified,0.0,0.0,0.0,0.0
synthetic,10,0.0,Euler-Bernoulli,locations,two_uniform,0.5;1.0,0.0025,rigid,200,1,identified,3.686165273146802e-05,0.0020640374449820116,0.0004912701774557309,-0.0
synthetic,10,0.0,Euler-Bernoulli,locations,two_uniform,0.5;1.0,0.0025,flexible,200,2,identified,0.004704401606530789,0.008633604053638848,0.0011372163925486038,1.1858471995422077e-08
synthetic,10,0.0,Euler-Bernoulli,locations,two_uniform,0.5;1.0,0.01,rigid,200,1,identified,-0.0001282149299184948,0.007067493391509425,0.0016818518101405413,-0.0
synthetic,10,0.0,Euler-Bernoulli,locations,two_uniform,0.5;1.0,0.01,flexible,200,2,identified,0.02182464205902028,0.040177702389861375,0.00481655824783164,5.292729227362886e-08
synthetic,10,0.0,Euler-Bernoulli,locations,two_uniform,0.5;1.0,0.03,rigid,200,1,identified,0.0011758384708313763,0.023734415377071664,0.005596360670722529,-0.0
synthetic,10,0.0,Euler-Bernoulli,locations,two_uniform,0.5;1.0,0.03,flexible,200,2,identified,0.06399533359003391,0.12648712874653037,0.012501151610728378,1.3195009235553184e-07
synthetic,10,0.0,Euler-Bernoulli,locations,two_selected,0.5;1.0,0.0,rigid,200,1,identified,2.220446049250313e-16,2.220446049250313e-16,2.929667744640936e-17,-0.0
synthetic,10,0.0,Euler-Bernoulli,locations,two_selected,0.5;1.0,0.0,flexible,200,2,identified,0.0,0.0,0.0,0.0
synthetic,10,0.0,Euler-Bernoulli,locations,two_selected,0.5;1.0,0.0025,rigid,200,1,identified,-0.00028246730902819263,0.0019106380954776894,0.00045519604549467134,-0.0
synthetic,10,0.0,Euler-Bernoulli,locations,two_selected,0.5;1.0,0.0025,flexible,200,2,identified,0.004691337492817364,0.009045227083079229,0.001208047707761113,1.2628463256593412e-08
synthetic,10,0.0,Euler-Bernoulli,locations,two_selected,0.5;1.0,0.01,rigid,200,1,identified,-0.0006646649517006842,0.008275679195230843,0.001968473669899119,-0.0
synthetic,10,0.0,Euler-Bernoulli,locations,two_selected,0.5;1.0,0.01,flexible,200,2,identified,0.018392104361991277,0.034855010526446364,0.004392940228306584,4.6395797205256384e-08
synthetic,10,0.0,Euler-Bernoulli,locations,two_selected,0.5;1.0,0.03,rigid,200,1,identified,-0.0009702944896813076,0.024334955012861235,0.0058311276287087216,-0.0
synthetic,10,0.0,Euler-Bernoulli,locations,two_selected,0.5;1.0,0.03,flexible,200,2,identified,0.0522611267832383,0.11933338974532082,0.011818639736298367,1.1104397070665589e-07
synthetic,10,0.0,Euler-Bernoulli,locations,four,0.25;0.5;0.75;1.0,0.0,rigid,200,1,identified,2.220446049250313e-16,2.220446049250313e-16,2.7889606023441766e-17,-0.0
synthetic,10,0.0,Euler-Bernoulli,locations,four,0.25;0.5;0.75;1.0,0.0,flexible,200,2,identified,-2.220446049250313e-16,2.220446049250313e-16,4.270687921720306e-17,0.0
synthetic,10,0.0,Euler-Bernoulli,locations,four,0.25;0.5;0.75;1.0,0.0025,rigid,200,1,identified,-3.841764611276111e-05,0.0016441380922547937,0.00033153499103351624,-0.0
synthetic,10,0.0,Euler-Bernoulli,locations,four,0.25;0.5;0.75;1.0,0.0025,flexible,200,2,identified,0.0042220047220602385,0.0072966436511795315,0.0007889442170586395,1.0452917059162205e-08
synthetic,10,0.0,Euler-Bernoulli,locations,four,0.25;0.5;0.75;1.0,0.01,rigid,200,1,identified,-0.0008555464216618386,0.00656590415970771,0.0013259635446321533,-0.0
synthetic,10,0.0,Euler-Bernoulli,locations,four,0.25;0.5;0.75;1.0,0.01,flexible,200,2,identified,0.014146111634554013,0.028060803110876997,0.003106698305831839,3.552125828235554e-08
synthetic,10,0.0,Euler-Bernoulli,locations,four,0.25;0.5;0.75;1.0,0.03,rigid,200,1,identified,0.0011796015461613496,0.02183241476813446,0.004392068761652053,-0.0
synthetic,10,0.0,Euler-Bernoulli,locations,four,0.25;0.5;0.75;1.0,0.03,flexible,200,2,identified,0.060006256533117364,0.11143325075899391,0.009569470990539895,1.2294139817524291e-07
synthetic,10,0.0,Timoshenko,single,one,1.0,0.0,rigid,200,1,identified,-0.007739630879142756,0.007739630879142757,0.0014624999999999673,-0.0
synthetic,10,0.0,Timoshenko,single,one,1.0,0.0,flexible,200,1,unidentifiable,,,,
synthetic,10,0.0,Timoshenko,single,one,1.0,0.0025,rigid,200,1,identified,-0.007865055963007682,0.008211373377892963,0.001606406015847106,-0.0
synthetic,10,0.0,Timoshenko,single,one,1.0,0.0025,flexible,200,1,unidentifiable,,,,
synthetic,10,0.0,Timoshenko,single,one,1.0,0.01,rigid,200,1,identified,-0.007576671238701293,0.012070691990261886,0.0033280946258374402,-0.0
synthetic,10,0.0,Timoshenko,single,one,1.0,0.01,flexible,200,1,unidentifiable,,,,
synthetic,10,0.0,Timoshenko,single,one,1.0,0.03,rigid,200,1,identified,-0.008223055722524145,0.03206719571378848,0.009844595863434454,-0.0
synthetic,10,0.0,Timoshenko,single,one,1.0,0.03,flexible,200,1,unidentifiable,,,,
synthetic,10,0.0,Timoshenko,single,two_uniform,0.5;1.0,0.0,rigid,200,1,identified,-0.008149411525515737,0.008149411525515737,0.002239320344077425,-0.0
synthetic,10,0.0,Timoshenko,single,two_uniform,0.5;1.0,0.0,flexible,200,2,identified,1.3322676295501878e-15,1.3322676295501878e-15,0.0013788582233136848,2.2285714285717322e-08
synthetic,10,0.0,Timoshenko,single,two_uniform,0.5;1.0,0.0025,rigid,200,1,identified,-0.00855170676314936,0.008893639910403608,0.0022476934109421655,-0.0
synthetic,10,0.0,Timoshenko,single,two_uniform,0.5;1.0,0.0025,flexible,200,2,identified,0.0021503231858952094,0.011938528824500003,0.002095510471578253,2.886419806083557e-08
synthetic,10,0.0,Timoshenko,single,two_uniform,0.5;1.0,0.01,rigid,200,1,identified,-0.006442418715913065,0.011591881962892214,0.0034391304796966143,-0.0
synthetic,10,0.0,Timoshenko,single,two_uniform,0.5;1.0,0.01,flexible,200,2,identified,0.020669706714731548,0.04389493690069466,0.0057367894160061435,6.913093452100988e-08
synthetic,10,0.0,Timoshenko,single,two_uniform,0.5;1.0,0.03,rigid,200,1,identified,-0.006670207985358905,0.029045834117631723,0.007254270804204938,-0.0
synthetic,10,0.0,Timoshenko,single,two_uniform,0.5;1.0,0.03,flexible,200,2,identified,0.09846205723180214,0.19651700248894544,0.01895398474750811,2.1595274834215365e-07
synthetic,10,0.0,Timoshenko,single,two_selected,0.5;1.0,0.0,rigid,200,1,identified,-0.008149411525515737,0.008149411525515737,0.002239320344077425,-0.0
synthetic,10,0.0,Timoshenko,single,two_selected,0.5;1.0,0.0,flexible,200,2,identified,1.3322676295501878e-15,1.3322676295501878e-15,0.0013788582233136848,2.2285714285717322e-08
synthetic,10,0.0,Timoshenko,single,two_selected,0.5;1.0,0.0025,rigid,200,1,identified,-0.00824046778492006,0.008524970415908618,0.0022844157390879984,-0.0
synthetic,10,0.0,Timoshenko,single,two_selected,0.5;1.0,0.0025,flexible,200,2,identified,0.002375228295980285,0.011773901742628217,0.0020306455588117514,2.8622983671888304e-08
synthetic,10,0.0,Timoshenko,single,two_selected,0.5;1.0,0.01,rigid,200,1,identified,-0.008735549516215795,0.012504620223612562,0.003030779014633948,-0.0
synthetic,10,0.0,Timoshenko,single,two_selected,0.5;1.0,0.01,flexible,200,2,identified,0.023469318278603615,0.048166180271765315,0.006464320115057518,8.208680645285025e-08
synthetic,10,0.0,Timoshenko,single,two_selected,0.5;1.0,0.03,rigid,200,1,identified,-0.009701803156364774,0.027940763167267377,0.0066441616937477745,-0.0
synthetic,10,0.0,Timoshenko,single,two_selected,0.5;1.0,0.03,flexible,200,2,identified,0.0874044174749319,0.1853392758565739,0.01937928570364163,2.022859781578079e-07
synthetic,10,0.0,Timoshenko,single,four,0.25;0.5;0.75;1.0,0.0,rigid,200,1,identified,-0.008488170933455663,0.008488170933455663,0.002014227206372975,-0.0
synthetic,10,0.0,Timoshenko,single,four,0.25;0.5;0.75;1.0,0.0,flexible,200,2,identified,-1.1102230246251565e-15,1.1102230246251565e-15,0.001194126249606884,2.2285714285711472e-08
synthetic,10,0.0,Timoshenko,single,four,0.25;0.5;0.75;1.0,0.0025,rigid,200,1,identified,-0.008170885300733555,0.008420619576564784,0.002105512107787897,-0.0
synthetic,10,0.0,Timoshenko,single,four,0.25;0.5;0.75;1.0,0.0025,flexible,200,2,identified,0.0018848636291847803,0.009158468850696965,0.0015728417817743858,2.6147565149597768e-08
synthetic,10,0.0,Timoshenko,single,four,0.25;0.5;0.75;1.0,0.01,rigid,200,1,identified,-0.008903509372732921,0.011771568309740361,0.0025035710733547958,-0.0
synthetic,10,0.0,Timoshenko,single,four,0.25;0.5;0.75;1.0,0.01,flexible,200,2,identified,0.014015104956418747,0.03470925130217631,0.0040815141103844954,5.710358380879247e-08
synthetic,10,0.0,Timoshenko,single,four,0.25;0.5;0.75;1.0,0.03,rigid,200,1,identified,-0.009256239898166397,0.02731727870761906,0.0055437138674507185,-0.0
synthetic,10,0.0,Timoshenko,single,four,0.25;0.5;0.75;1.0,0.03,flexible,200,2,identified,0.04791400182139835,0.11381423031112843,0.010909631351613701,1.2513007941472976e-07
synthetic,10,0.0,Timoshenko,amplitudes,one,1.0,0.0,rigid,200,1,identified,-0.007739630879142978,0.00773963087914298,0.0014624999999998931,-0.0
synthetic,10,0.0,Timoshenko,amplitudes,one,1.0,0.0,flexible,200,1,unidentifiable,,,,
synthetic,10,0.0,Timoshenko,amplitudes,one,1.0,0.0025,rigid,200,1,identified,-0.007652776300259203,0.007677322985882981,0.0015026090631770803,-0.0
synthetic,10,0.0,Timoshenko,amplitudes,one,1.0,0.0025,flexible,200,1,unidentifiable,,,,
synthetic,10,0.0,Timoshenko,amplitudes,one,1.0,0.01,rigid,200,1,identified,-0.007953979893650195,0.008392647690308425,0.0016311310694340215,-0.0
synthetic,10,0.0,Timoshenko,amplitudes,one,1.0,0.01,flexible,200,1,unidentifiable,,,,
synthetic,10,0.0,Timoshenko,amplitudes,one,1.0,0.03,rigid,200,1,identified,-0.0075612881433866595,0.010416350600822176,0.0027254462884806784,-0.0
synthetic,10,0.0,Timoshenko,amplitudes,one,1.0,0.03,flexible,200,1,unidentifiable,,,,
synthetic,10,0.0,Timoshenko,amplitudes,two_uniform,0.5;1.0,0.0,rigid,200,1,identified,-0.008149411525515737,0.008149411525515737,0.002239320344077425,-0.0
synthetic,10,0.0,Timoshenko,amplitudes,two_uniform,0.5;1.0,0.0,flexible,200,2,identified,4.440892098500626e-16,4.440892098500626e-16,0.0013788582233136583,2.228571428571667e-08
synthetic,10,0.0,Timoshenko,amplitudes,two_uniform,0.5;1.0,0.0025,rigid,200,1,identified,-0.008123500678204526,0.00814421915207823,0.0022482139638273393,-0.0
synthetic,10,0.0,Timoshenko,amplitudes,two_uniform,0.5;1.0,0.0025,flexible,200,2,identified,-0.0004678432460285614,0.004084715668713611,0.0015254322110888187,2.0900960659467656e-08
synthetic,10,0.0,Timoshenko,amplitudes,two_uniform,0.5;1.0,0.01,rigid,200,1,identified,-0.008206021436994691,0.008562129024508489,0.0023054519665336552,-0.0
synthetic,10,0.0,Timoshenko,amplitudes,two_uniform,0.5;1.0,0.01,flexible,200,2,identified,0.0038191101955625494,0.013271426280307709,0.002145540536604357,3.235066963119111e-08
synthetic,10,0.0,Timoshenko,amplitudes,two_uniform,0.5;1.0,0.03,rigid,200,1,identified,-0.006733358462415373,0.010062496717716378,0.0030734762108678908,-0.0
synthetic,10,0.0,Timoshenko,amplitudes,two_uniform,0.5;1.0,0.03,flexible,200,2,identified,0.01725521787760608,0.038150048939924644,0.004651704554976545,6.169227713432186e-08
synthetic,10,0.0,Timoshenko,amplitudes,two_selected,0.5;1.0,0.0,rigid,200,1,identified,-0.008149411525515737,0.008149411525515737,0.002239320344077425,-0.0
synthetic,10,0.0,Timoshenko,amplitudes,two_selected,0.5;1.0,0.0,flexible,200,2,identified,4.440892098500626e-16,4.440892098500626e-16,0.0013788582233136583,2.228571428571667e-08
synthetic,10,0.0,Timoshenko,amplitudes,two_selected,0.5;1.0,0.0025,rigid,200,1,identified,-0.008249779392534238,0.008270976009796547,0.0022262623131459546,-0.0
synthetic,10,0.0,Timoshenko,amplitudes,two_selected,0.5;1.0,0.0025,flexible,200,2,identified,-0.0002932373400932725,0.004121530925950186,0.0015042801509212004,2.1721980315204185e-08
synthetic,10,0.0,Timoshenko,amplitudes,two_selected,0.5;1.0,0.01,rigid,200,1,identified,-0.008263668964791016,0.008639164440745058,0.002300509717294306,-0.0
synthetic,10,0.0,Timoshenko,amplitudes,two_selected,0.5;1.0,0.01,flexible,200,2,identified,0.0036156319503046143,0.013638810141347121,0.0020731572699265247,3.193303747751918e-08
synthetic,10,0.0,Timoshenko,amplitudes,two_selected,0.5;1.0,0.03,rigid,200,1,identified,-0.008384617899683935,0.011442720454267934,0.0028852087982378467,-0.0
synthetic,10,0.0,Timoshenko,amplitudes,two_selected,0.5;1.0,0.03,flexible,200,2,identified,0.020159981879420502,0.04312426840469285,0.005539375393857582,7.31687318235999e-08
synthetic,10,0.0,Timoshenko,amplitudes,four,0.25;0.5;0.75;1.0,0.0,rigid,200,1,identified,-0.008488170933455663,0.008488170933455663,0.002014227206372975,-0.0
synthetic,10,0.0,Timoshenko,amplitudes,four,0.25;0.5;0.75;1.0,0.0,flexible,200,2,identified,0.0,0.0,0.001194126249606886,2.2285714285713044e-08
synthetic,10,0.0,Timoshenko,amplitudes,four,0.25;0.5;0.75;1.0,0.0025,rigid,200,1,identified,-0.008564113818974001,0.008581412375671432,0.0020054016534356055,-0.0
synthetic,10,0.0,Timoshenko,amplitudes,four,0.25;0.5;0.75;1.0,0.0025,flexible,200,2,identified,1.746552903786114e-05,0.0032584634544118763,0.0012332768710186007,2.2505462889251396e-08
synthetic,10,0.0,Timoshenko,amplitudes,four,0.25;0.5;0.75;1.0,0.01,rigid,200,1,identified,-0.00846242691112323,0.008739958723477662,0.0020666687835943307,-0.0
synthetic,10,0.0,Timoshenko,amplitudes,four,0.25;0.5;0.75;1.0,0.01,flexible,200,2,identified,0.0021393506886325654,0.009690005639428309,0.001525321808543816,2.7557950089028164e-08
synthetic,10,0.0,Timoshenko,amplitudes,four,0.25;0.5;0.75;1.0,0.03,rigid,200,1,identified,-0.008330034147121752,0.01023053866309521,0.002370148297535067,-0.0
synthetic,10,0.0,Timoshenko,amplitudes,four,0.25;0.5;0.75;1.0,0.03,flexible,200,2,identified,0.011164942838990954,0.028676409181557148,0.0029994071905853343,4.9003565866277566e-08
synthetic,10,0.0,Timoshenko,locations,one,1.0,0.0,rigid,200,1,identified,-0.008146126768477924,0.008146126768477922,0.0013334277620397459,-0.0
synthetic,10,0.0,Timoshenko,locations,one,1.0,0.0,flexible,200,2,identified,-6.661338147750939e-16,6.661338147750939e-16,7.41153828847513e-17,2.228571428571256e-08
synthetic,10,0.0,Timoshenko,locations,one,1.0,0.0025,rigid,200,1,identified,-0.008210347884967587,0.008494551319049679,0.0014827506314187696,-0.0
synthetic,10,0.0,Timoshenko,locations,one,1.0,0.0025,flexible,200,2,identified,0.007578868009159631,0.022970474767921474,0.003418422957956859,4.168979094217314e-08
synthetic,10,0.0,Timoshenko,locations,one,1.0,0.01,rigid,200,1,identified,-0.0071099761196652626,0.01109683073132562,0.0031602806574218684,-0.0
synthetic,10,0.0,Timoshenko,locations,one,1.0,0.01,flexible,200,2,identified,0.055146609697053546,0.10768779603185835,0.013223023095510274,1.446403531825312e-07
synthetic,10,0.0,Timoshenko,locations,one,1.0,0.03,rigid,200,1,identified,-0.007461153494053265,0.026594955331805455,0.00819701423134464,-0.0
synthetic,10,0.0,Timoshenko,locations,one,1.0,0.03,flexible,200,2,identified,0.18644970367028565,0.5598508539893622,0.032215092908878126,2.8447169832629517e-07
synthetic,10,0.0,Timoshenko,locations,two_uniform,0.5;1.0,0.0,rigid,200,1,identified,-0.008703775750219744,0.008703775750219744,0.0021436698068828877,-0.0
synthetic,10,0.0,Timoshenko,locations,two_uniform,0.5;1.0,0.0,flexible,200,2,identified,0.0024600045653879743,0.0024600045653879743,0.00121604742163733,2.896951358520935e-08
synthetic,10,0.0,Timoshenko,locations,two_uniform,0.5;1.0,0.0025,rigid,200,1,identified,-0.008641709004732899,0.008885221727520353,0.0022107739504732327,-0.0
synthetic,10,0.0,Timoshenko,locations,two_uniform,0.5;1.0,0.0025,flexible,200,2,identified,0.0034553644099513886,0.010703015470618527,0.0017417010540706956,3.110906212798538e-08
synthetic,10,0.0,Timoshenko,locations,two_uniform,0.5;1.0,0.01,rigid,200,1,identified,-0.008256104013286431,0.011401893169083889,0.002917242846262986,-0.0
synthetic,10,0.0,Timoshenko,locations,two_uniform,0.5;1.0,0.01,flexible,200,2,identified,0.019198054407378675,0.04106430959593803,0.0046047400681807436,6.71188722712954e-08
synthetic,10,0.0,Timoshenko,locations,two_uniform,0.5;1.0,0.03,rigid,200,1,identified,-0.006182575982022956,0.026068385928237504,0.006555908315425443,-0.0
synthetic,10,0.0,Timoshenko,locations,two_uniform,0.5;1.0,0.03,flexible,200,2,identified,0.06546350706124882,0.13200163344266744,0.012930946642787195,1.5269130815937945e-07
synthetic,10,0.0,Timoshenko,locations,two_selected,0.5;1.0,0.0,rigid,200,1,identified,-0.008703775750219744,0.008703775750219744,0.0021436698068828877,-0.0
synthetic,10,0.0,Timoshenko,locations,two_selected,0.5;1.0,0.0,flexible,200,2,identified,0.0024600045653879743,0.0024600045653879743,0.00121604742163733,2.896951358520935e-08
synthetic,10,0.0,Timoshenko,locations,two_selected,0.5;1.0,0.0025,rigid,200,1,identified,-0.008442475272526492,0.00869029313276295,0.0022436362404543117,-0.0
synthetic,10,0.0,Timoshenko,locations,two_selected,0.5;1.0,0.0025,flexible,200,2,identified,0.0038398998773321535,0.01099583904330013,0.001798314651215629,3.1562413671539676e-08
synthetic,10,0.0,Timoshenko,locations,two_selected,0.5;1.0,0.01,rigid,200,1,identified,-0.007746500820898755,0.011010980108930514,0.0029744834651102624,-0.0
synthetic,10,0.0,Timoshenko,locations,two_selected,0.5;1.0,0.01,flexible,200,2,identified,0.017577464472556776,0.03987706796262851,0.004466499376979486,6.18480348390106e-08
synthetic,10,0.0,Timoshenko,locations,two_selected,0.5;1.0,0.03,rigid,200,1,identified,-0.00538602146021893,0.02277675740439785,0.005922334087425102,-0.0
synthetic,10,0.0,Timoshenko,locations,two_selected,0.5;1.0,0.03,flexible,200,2,identified,0.0585540253995288,0.11111596733695407,0.01094090872279256,1.4064495953487035e-07
synthetic,10,0.0,Timoshenko,locations,four,0.25;0.5;0.75;1.0,0.0,rigid,200,1,identified,-0.009293069406055121,0.009293069406055121,0.0018908023355759887,-0.0
synthetic,10,0.0,Timoshenko,locations,four,0.25;0.5;0.75;1.0,0.0,flexible,200,2,identified,0.002908696036536318,0.0029086960365363175,0.0009539434380461614,3.048605197621112e-08
synthetic,10,0.0,Timoshenko,locations,four,0.25;0.5;0.75;1.0,0.0025,rigid,200,1,identified,-0.009147996882849306,0.00928128322908618,0.001939149986119848,-0.0
synthetic,10,0.0,Timoshenko,locations,four,0.25;0.5;0.75;1.0,0.0025,flexible,200,2,identified,0.003088177663305468,0.009832936752865375,0.0013313582136136465,3.035543451824276e-08
synthetic,10,0.0,Timoshenko,locations,four,0.25;0.5;0.75;1.0,0.01,rigid,200,1,identified,-0.009679107162000274,0.011642765103330219,0.0022617720489631564,-0.0
synthetic,10,0.0,Timoshenko,locations,four,0.25;0.5;0.75;1.0,0.01,flexible,200,2,identified,0.00898823622538573,0.025673319564307597,0.0026640085829089423,4.512091920994882e-08
synthetic,10,0.0,Timoshenko,locations,four,0.25;0.5;0.75;1.0,0.03,rigid,200,1,identified,-0.007732693596301403,0.0224891755025142,0.004786756080181604,-0.0
synthetic,10,0.0,Timoshenko,locations,four,0.25;0.5;0.75;1.0,0.03,flexible,200,2,identified,0.04402855034071532,0.09101319019634653,0.008020705078920503,1.1254865408627404e-07
synthetic,10,0.01,Euler-Bernoulli,single,one,1.0,0.0,rigid,200,1,identified,-0.02912621359223333,0.02912621359223333,0.0054611650485435915,-8.57142857142857e-08
synthetic,10,0.01,Euler-Bernoulli,single,one,1.0,0.0,flexible,200,1,unidentifiable,,,,
synthetic,10,0.01,Euler-Bernoulli,single,one,1.0,0.0025,rigid,200,1,identified,-0.02913451423939052,0.029240133234398714,0.005514660279607392,-8.57142857142857e-08
synthetic,10,0.01,Euler-Bernoulli,single,one,1.0,0.0025,flexible,200,1,unidentifiable,,,,
synthetic,10,0.01,Euler-Bernoulli,single,one,1.0,0.01,rigid,200,1,identified,-0.02943100628618928,0.030929563393631277,0.006145856397211489,-8.57142857142857e-08
synthetic,10,0.01,Euler-Bernoulli,single,one,1.0,0.01,flexible,200,1,unidentifiable,,,,
synthetic,10,0.01,Euler-Bernoulli,single,one,1.0,0.03,rigid,200,1,identified,-0.028430087238647456,0.040852266773895016,0.010870863598325581,-8.57142857142857e-08
synthetic,10,0.01,Euler-Bernoulli,single,one,1.0,0.03,flexible,200,1,unidentifiable,,,,
synthetic,10,0.01,Euler-Bernoulli,single,two_uniform,0.5;1.0,0.0,rigid,200,1,identified,-0.030633365530564505,0.0306333655305645,0.004279687321796683,-8.57142857142857e-08
synthetic,10,0.01,Euler-Bernoulli,single,two_uniform,0.5;1.0,0.0,flexible,200,2,identified,-1.3322676295501878e-15,1.3322676295501878e-15,1.2720264521370153e-16,-3.1234339930002325e-21
synthetic,10,0.01,Euler-Bernoulli,single,two_uniform,0.5;1.0,0.0025,rigid,200,1,identified,-0.03051227058303487,0.03060332712301204,0.004346221494062913,-8.57142857142857e-08
synthetic,10,0.01,Euler-Bernoulli,single,two_uniform,0.5;1.0,0.0025,flexible,200,2,identified,0.0008686258311078921,0.015421438984010154,0.002156499374649479,1.3801258666260455e-09
synthetic,10,0.01,Euler-Bernoulli,single,two_uniform,0.5;1.0,0.01,rigid,200,1,identified,-0.030013140019778613,0.031292128824765154,0.004913727375972052,-8.57142857142857e-08
synthetic,10,0.01,Euler-Bernoulli,single,two_uniform,0.5;1.0,0.01,flexible,200,2,identified,0.0157616526519752,0.052255438449943487,0.006769866933844013,3.440067580490019e-08
synthetic,10,0.01,Euler-Bernoulli,single,two_uniform,0.5;1.0,0.03,rigid,200,1,identified,-0.028294256843671376,0.03802401762235451,0.0078046536096047225,-8.57142857142857e-08
synthetic,10,0.01,Euler-Bernoulli,single,two_uniform,0.5;1.0,0.03,flexible,200,2,identified,0.0883699643778683,0.19591705524098538,0.018964674580721486,1.652268193423069e-07
synthetic,10,0.01,Euler-Bernoulli,single,two_selected,0.5;1.0,0.0,rigid,200,1,identified,-0.030633365530564505,0.0306333655305645,0.004279687321796683,-8.57142857142857e-08
synthetic,10,0.01,Euler-Bernoulli,single,two_selected,0.5;1.0,0.0,flexible,200,2,identified,-1.3322676295501878e-15,1.3322676295501878e-15,1.2720264521370153e-16,-3.1234339930002325e-21
synthetic,10,0.01,Euler-Bernoulli,single,two_selected,0.5;1.0,0.0025,rigid,200,1,identified,-0.030305816814428378,0.030381235127251535,0.004388669691203127,-8.57142857142857e-08
synthetic,10,0.01,Euler-Bernoulli,single,two_selected,0.5;1.0,0.0025,flexible,200,2,identified,0.0011350626157379895,0.01461623644875786,0.0020656061917013586,1.568940140351511e-09
synthetic,10,0.01,Euler-Bernoulli,single,two_selected,0.5;1.0,0.01,rigid,200,1,identified,-0.029386858489245507,0.030645238985476234,0.005034093624697653,-8.57142857142857e-08
synthetic,10,0.01,Euler-Bernoulli,single,two_selected,0.5;1.0,0.01,flexible,200,2,identified,0.020541659547780106,0.05841154927463575,0.007253127788640391,4.395859773409467e-08
synthetic,10,0.01,Euler-Bernoulli,single,two_selected,0.5;1.0,0.03,rigid,200,1,identified,-0.02929796786776154,0.041301292157358026,0.008362338226767647,-8.57142857142857e-08
synthetic,10,0.01,Euler-Bernoulli,single,two_selected,0.5;1.0,0.03,flexible,200,2,identified,0.1002992199552511,0.21026469516647062,0.02007873413372179,1.9065652429726172e-07
synthetic,10,0.01,Euler-Bernoulli,single,four,0.25;0.5;0.75;1.0,0.0,rigid,200,1,identified,-0.031876713232039,0.031876713232039,0.003635712863260887,-8.57142857142857e-08
synthetic,10,0.01,Euler-Bernoulli,single,four,0.25;0.5;0.75;1.0,0.0,flexible,200,2,identified,-1.3322676295501878e-15,1.3322676295501878e-15,2.8175457699531934e-16,-4.605741650695258e-21
synthetic,10,0.01,Euler-Bernoulli,single,four,0.25;0.5;0.75;1.0,0.0025,rigid,200,1,identified,-0.03190320117837616,0.031962332072449424,0.003652309309659986,-8.57142857142857e-08
synthetic,10,0.01,Euler-Bernoulli,single,four,0.25;0.5;0.75;1.0,0.0025,flexible,200,2,identified,-0.0003352832647745241,0.011813905381204212,0.0013474164755408386,-1.1513961151298516e-09
synthetic,10,0.01,Euler-Bernoulli,single,four,0.25;0.5;0.75;1.0,0.01,rigid,200,1,identified,-0.030717814936658972,0.031736233008372305,0.004195475030060775,-8.57142857142857e-08
synthetic,10,0.01,Euler-Bernoulli,single,four,0.25;0.5;0.75;1.0,0.01,flexible,200,2,identified,0.01450541767758147,0.042004683219775615,0.0048172820848073426,3.0415850447020815e-08
synthetic,10,0.01,Euler-Bernoulli,single,four,0.25;0.5;0.75;1.0,0.03,rigid,200,1,identified,-0.027509226664024142,0.03604419595988657,0.006539979626838894,-8.57142857142857e-08
synthetic,10,0.01,Euler-Bernoulli,single,four,0.25;0.5;0.75;1.0,0.03,flexible,200,2,identified,0.06119812495853421,0.13838618627420063,0.011452026960696391,1.107765223809028e-07
synthetic,10,0.01,Euler-Bernoulli,amplitudes,one,1.0,0.0,rigid,200,1,identified,-0.02912621359223333,0.02912621359223333,0.0054611650485435915,-8.57142857142857e-08
synthetic,10,0.01,Euler-Bernoulli,amplitudes,one,1.0,0.0,flexible,200,1,unidentifiable,,,,
synthetic,10,0.01,Euler-Bernoulli,amplitudes,one,1.0,0.0025,rigid,200,1,identified,-0.029179219243153108,0.029187034242865305,0.005448291256217962,-8.57142857142857e-08
synthetic,10,0.01,Euler-Bernoulli,amplitudes,one,1.0,0.0025,flexible,200,1,unidentifiable,,,,
synthetic,10,0.01,Euler-Bernoulli,amplitudes,one,1.0,0.01,rigid,200,1,identified,-0.02905159504973246,0.029159583900320554,0.005542177969538635,-8.57142857142857e-08
synthetic,10,0.01,Euler-Bernoulli,amplitudes,one,1.0,0.01,flexible,200,1,unidentifiable,,,,
synthetic,10,0.01,Euler-Bernoulli,amplitudes,one,1.0,0.03,rigid,200,1,identified,-0.02989898727411855,0.03104149824304211,0.0058452142921691435,-8.57142857142857e-08
synthetic,10,0.01,Euler-Bernoulli,amplitudes,one,1.0,0.03,flexible,200,1,unidentifiable,,,,
synthetic,10,0.01,Euler-Bernoulli,amplitudes,two_uniform,0.5;1.0,0.0,rigid,200,1,identified,-0.03063336553056395,0.030633365530563953,0.004279687321796789,-8.57142857142857e-08
synthetic,10,0.01,Euler-Bernoulli,amplitudes,two_uniform,0.5;1.0,0.0,flexible,200,2,identified,-4.440892098500626e-16,4.440892098500626e-16,1.4834250102763348e-16,-1.9058241313221758e-21
synthetic,10,0.01,Euler-Bernoulli,amplitudes,two_uniform,0.5;1.0,0.0025,rigid,200,1,identified,-0.030615211910834512,0.030621062144643583,0.004286476984730448,-8.57142857142857e-08
synthetic,10,0.01,Euler-Bernoulli,amplitudes,two_uniform,0.5;1.0,0.0025,flexible,200,2,identified,-0.00017176586664157333,0.0036922027842863675,0.000522215817227818,-5.5421522393313e-10
synthetic,10,0.01,Euler-Bernoulli,amplitudes,two_uniform,0.5;1.0,0.01,rigid,200,1,identified,-0.030471885170040666,0.030558311028488234,0.004353842461683153,-8.57142857142857e-08
synthetic,10,0.01,Euler-Bernoulli,amplitudes,two_uniform,0.5;1.0,0.01,flexible,200,2,identified,-0.0020685664691471577,0.014237214283613906,0.0019734811509065113,-6.613748707976279e-09
synthetic,10,0.01,Euler-Bernoulli,amplitudes,two_uniform,0.5;1.0,0.03,rigid,200,1,identified,-0.030761825039158978,0.031620460585421464,0.004601297734859169,-8.57142857142857e-08
synthetic,10,0.01,Euler-Bernoulli,amplitudes,two_uniform,0.5;1.0,0.03,flexible,200,2,identified,0.010511411363199158,0.04417792296972636,0.0060046577916908804,2.4066730341425044e-08
synthetic,10,0.01,Euler-Bernoulli,amplitudes,two_selected,0.5;1.0,0.0,rigid,200,1,identified,-0.03063336553056395,0.030633365530563953,0.004279687321796789,-8.57142857142857e-08
synthetic,10,0.01,Euler-Bernoulli,amplitudes,two_selected,0.5;1.0,0.0,flexible,200,2,identified,-4.440892098500626e-16,4.440892098500626e-16,1.4834250102763348e-16,-1.9058241313221758e-21
synthetic,10,0.01,Euler-Bernoulli,amplitudes,two_selected,0.5;1.0,0.0025,rigid,200,1,identified,-0.030629752522318584,0.03063536026258878,0.0042828936078424225,-8.57142857142857e-08
synthetic,10,0.01,Euler-Bernoulli,amplitudes,two_selected,0.5;1.0,0.0025,flexible,200,2,identified,0.00043685559717797416,0.004306225633135412,0.0005853982301226047,1.1252969379510377e-09
synthetic,10,0.01,Euler-Bernoulli,amplitudes,two_selected,0.5;1.0,0.01,rigid,200,1,identified,-0.030532424090993944,0.030627862127863732,0.004343227905608702,-8.57142857142857e-08
synthetic,10,0.01,Euler-Bernoulli,amplitudes,two_selected,0.5;1.0,0.01,flexible,200,2,identified,1.852079565880016e-05,0.01571388526673374,0.002206608921147904,-8.925317097397171e-10
synthetic,10,0.01,Euler-Bernoulli,amplitudes,two_selected,0.5;1.0,0.03,rigid,200,1,identified,-0.030899251545167754,0.03183948158126641,0.004605978056209926,-8.57142857142857e-08
synthetic,10,0.01,Euler-Bernoulli,amplitudes,two_selected,0.5;1.0,0.03,flexible,200,2,identified,0.0010036569013307983,0.035466556203207,0.0047699619978336305,3.669106295643724e-10
synthetic,10,0.01,Euler-Bernoulli,amplitudes,four,0.25;0.5;0.75;1.0,0.0,rigid,200,1,identified,-0.031876713232039,0.031876713232039,0.003635712863260887,-8.57142857142857e-08
synthetic,10,0.01,Euler-Bernoulli,amplitudes,four,0.25;0.5;0.75;1.0,0.0,flexible,200,2,identified,-6.661338147750939e-16,6.661338147750939e-16,6.563582537584068e-17,-7.014491594449675e-22
synthetic,10,0.01,Euler-Bernoulli,amplitudes,four,0.25;0.5;0.75;1.0,0.0025,rigid,200,1,identified,-0.03190865339668372,0.03191339386625082,0.003631115426171948,-8.57142857142857e-08
synthetic,10,0.01,Euler-Bernoulli,amplitudes,four,0.25;0.5;0.75;1.0,0.0025,flexible,200,2,identified,-0.00037079082654303765,0.003123148305540782,0.0003376102244228915,-9.010831080075894e-10
synthetic,10,0.01,Euler-Bernoulli,amplitudes,four,0.25;0.5;0.75;1.0,0.01,rigid,200,1,identified,-0.031885990172267765,0.03195652106330568,0.003659909072044442,-8.57142857142857e-08
synthetic,10,0.01,Euler-Bernoulli,amplitudes,four,0.25;0.5;0.75;1.0,0.01,flexible,200,2,identified,0.0008787022491331448,0.011968728209399968,0.0014535247507076912,1.954393291327791e-09
synthetic,10,0.01,Euler-Bernoulli,amplitudes,four,0.25;0.5;0.75;1.0,0.03,rigid,200,1,identified,-0.03144091455324923,0.0320081382415216,0.0039209453855835776,-8.57142857142857e-08
synthetic,10,0.01,Euler-Bernoulli,amplitudes,four,0.25;0.5;0.75;1.0,0.03,flexible,200,2,identified,0.0029601564939454182,0.033920238962073676,0.003694692582824441,3.6955648848158383e-09
synthetic,10,0.01,Euler-Bernoulli,locations,one,1.0,0.0,rigid,200,1,identified,-0.030621298025332422,0.030621298025332422,0.004979192539356299,-8.57142857142857e-08
synthetic,10,0.01,Euler-Bernoulli,locations,one,1.0,0.0,flexible,200,2,identified,5.329070518200751e-15,5.329070518200751e-15,8.994585301547488e-16,1.4492204331929045e-20
synthetic,10,0.01,Euler-Bernoulli,locations,one,1.0,0.0025,rigid,200,1,identified,-0.030727496226415935,0.03079032748804643,0.004984207200819772,-8.57142857142857e-08
synthetic,10,0.01,Euler-Bernoulli,locations,one,1.0,0.0025,flexible,200,2,identified,0.0004698645870223128,0.025020003464268692,0.003988283384302975,-8.317682780288226e-11
synthetic,10,0.01,Euler-Bernoulli,locations,one,1.0,0.01,rigid,200,1,identified,-0.030111614072767266,0.031041837397183275,0.00567421112728728,-8.57142857142857e-08
synthetic,10,0.01,Euler-Bernoulli,locations,one,1.0,0.01,flexible,200,2,identified,0.033717152850111856,0.0932667144146582,0.012442131710638323,7.086261454481332e-08
synthetic,10,0.01,Euler-Bernoulli,locations,one,1.0,0.03,rigid,200,1,identified,-0.03020006577458634,0.04008791692567585,0.009784897780422306,-8.57142857142857e-08
synthetic,10,0.01,Euler-Bernoulli,locations,one,1.0,0.03,flexible,200,2,identified,0.20118487718879158,0.480918484748938,0.03360329822626262,2.9217710202706893e-07
synthetic,10,0.01,Euler-Bernoulli,locations,two_uniform,0.5;1.0,0.0,rigid,200,1,identified,-0.03217005745308177,0.03217005745308176,0.003911701252071082,-8.57142857142857e-08
synthetic,10,0.01,Euler-Bernoulli,locations,two_uniform,0.5;1.0,0.0,flexible,200,2,identified,-8.881784197001252e-16,8.881784197001252e-16,2.903454364480012e-16,-3.7190040340384124e-21
synthetic,10,0.01,Euler-Bernoulli,locations,two_uniform,0.5;1.0,0.0025,rigid,200,1,identified,-0.03221986661904596,0.032276516657825056,0.003927274237299667,-8.57142857142857e-08
synthetic,10,0.01,Euler-Bernoulli,locations,two_uniform,0.5;1.0,0.0025,flexible,200,2,identified,0.0004957707578048337,0.013019026909026586,0.0016058816917976365,9.89541186530164e-10
synthetic,10,0.01,Euler-Bernoulli,locations,two_uniform,0.5;1.0,0.01,rigid,200,1,identified,-0.031073737378873895,0.03198016437443559,0.0045575599128954754,-8.57142857142857e-08
synthetic,10,0.01,Euler-Bernoulli,locations,two_uniform,0.5;1.0,0.01,flexible,200,2,identified,0.005453614549111106,0.039567453146832875,0.004875050138978289,7.364769546520332e-09
synthetic,10,0.01,Euler-Bernoulli,locations,two_uniform,0.5;1.0,0.03,rigid,200,1,identified,-0.029751700628501517,0.03826599058837574,0.007345738206356593,-8.57142857142857e-08
synthetic,10,0.01,Euler-Bernoulli,locations,two_uniform,0.5;1.0,0.03,flexible,200,2,identified,0.06258568732669154,0.17020781202135232,0.013978587927269501,1.0676995912562718e-07
synthetic,10,0.01,Euler-Bernoulli,locations,two_selected,0.5;1.0,0.0,rigid,200,1,identified,-0.03217005745308177,0.03217005745308176,0.003911701252071082,-8.57142857142857e-08
synthetic,10,0.01,Euler-Bernoulli,locations,two_selected,0.5;1.0,0.0,flexible,200,2,identified,-8.881784197001252e-16,8.881784197001252e-16,2.903454364480012e-16,-3.7190040340384124e-21
synthetic,10,0.01,Euler-Bernoulli,locations,two_selected,0.5;1.0,0.0025,rigid,200,1,identified,-0.03193026131983563,0.03198390020062408,0.003994396892323714,-8.57142857142857e-08
synthetic,10,0.01,Euler-Bernoulli,locations,two_selected,0.5;1.0,0.0025,flexible,200,2,identified,0.00022983602261420098,0.011944201878538,0.0014782193874845148,-4.24318175823761e-10
synthetic,10,0.01,Euler-Bernoulli,locations,two_selected,0.5;1.0,0.01,rigid,200,1,identified,-0.03191397316514021,0.03290577928199201,0.004422936166082636,-8.57142857142857e-08
synthetic,10,0.01,Euler-Bernoulli,locations,two_selected,0.5;1.0,0.01,flexible,200,2,identified,0.01188707440430258,0.04379116522252714,0.004914446624004762,2.5459595462600408e-08
synthetic,10,0.01,Euler-Bernoulli,locations,two_selected,0.5;1.0,0.03,rigid,200,1,identified,-0.03243699388882175,0.039342194314800814,0.006630324178120533,-8.57142857142857e-08
synthetic,10,0.01,Euler-Bernoulli,locations,two_selected,0.5;1.0,0.03,flexible,200,2,identified,0.05831208427694287,0.1387967344944048,0.013270395180798337,1.1403004736557845e-07
synthetic,10,0.01,Euler-Bernoulli,locations,four,0.25;0.5;0.75;1.0,0.0,rigid,200,1,identified,-0.03337536009122877,0.03337536009122877,0.0033384914102039622,-8.57142857142857e-08
synthetic,10,0.01,Euler-Bernoulli,locations,four,0.25;0.5;0.75;1.0,0.0,flexible,200,2,identified,-2.220446049250313e-16,2.220446049250313e-16,6.033751249104188e-17,-9.396771758602394e-22
synthetic,10,0.01,Euler-Bernoulli,locations,four,0.25;0.5;0.75;1.0,0.0025,rigid,200,1,identified,-0.033468622198918024,0.033504896546626285,0.0033356056128430725,-8.57142857142857e-08
synthetic,10,0.01,Euler-Bernoulli,locations,four,0.25;0.5;0.75;1.0,0.0025,flexible,200,2,identified,-0.00020263365022759106,0.010778244374892486,0.0010481755248572114,-5.371620517839602e-10
synthetic,10,0.01,Euler-Bernoulli,locations,four,0.25;0.5;0.75;1.0,0.01,rigid,200,1,identified,-0.03238742984273512,0.033037662043092234,0.0037802186294519056,-8.57142857142857e-08
synthetic,10,0.01,Euler-Bernoulli,locations,four,0.25;0.5;0.75;1.0,0.01,flexible,200,2,identified,0.007602805901286685,0.03523444022038183,0.0036397133492182027,1.3448611503467823e-08
synthetic,10,0.01,Euler-Bernoulli,locations,four,0.25;0.5;0.75;1.0,0.03,rigid,200,1,identified,-0.03255737513095668,0.0381534165019263,0.00537499320762105,-8.57142857142857e-08
synthetic,10,0.01,Euler-Bernoulli,locations,four,0.25;0.5;0.75;1.0,0.03,flexible,200,2,identified,0.046221342550946426,0.11722859636414312,0.010330686295961487,8.664977717133723e-08
synthetic,10,0.01,Timoshenko,single,one,1.0,0.0,rigid,200,1,identified,-0.0364232029292737,0.036423202929273694,0.006881067961164955,-8.57142857142857e-08
synthetic,10,0.01,Timoshenko,single,one,1.0,0.0,flexible,200,1,unidentifiable,,,,
synthetic,10,0.01,Timoshenko,single,one,1.0,0.0025,rigid,200,1,identified,-0.03639766470295635,0.03648089189718086,0.006934165055465264,-8.57142857142857e-08
synthetic,10,0.01,Timoshenko,single,one,1.0,0.0025,flexible,200,1,unidentifiable,,,,
synthetic,10,0.01,Timoshenko,single,one,1.0,0.01,rigid,200,1,identified,-0.03583284658658175,0.03689048823121085,0.007605586660257198,-8.57142857142857e-08
synthetic,10,0.01,Timoshenko,single,one,1.0,0.01,flexible,200,1,unidentifiable,,,,
synthetic,10,0.01,Timoshenko,single,one,1.0,0.03,rigid,200,1,identified,-0.03254403213721664,0.04226857002971176,0.011789255737463629,-8.57142857142857e-08
synthetic,10,0.01,Timoshenko,single,one,1.0,0.03,flexible,200,1,unidentifiable,,,,
synthetic,10,0.01,Timoshenko,single,two_uniform,0.5;1.0,0.0,rigid,200,1,identified,-0.0382930488779859,0.0382930488779859,0.006252310976873626,-8.57142857142857e-08
synthetic,10,0.01,Timoshenko,single,two_uniform,0.5;1.0,0.0,flexible,200,2,identified,-2.220446049250313e-15,2.220446049250313e-15,0.0013386973041883484,2.228571428570735e-08
synthetic,10,0.01,Timoshenko,single,two_uniform,0.5;1.0,0.0025,rigid,200,1,identified,-0.038132341196998244,0.0381984078274276,0.006313047645486119,-8.57142857142857e-08
synthetic,10,0.01,Timoshenko,single,two_uniform,0.5;1.0,0.0025,flexible,200,2,identified,-4.234573973258604e-05,0.01616674035427318,0.002630878641021253,2.1009340422153742e-08
synthetic,10,0.01,Timoshenko,single,two_uniform,0.5;1.0,0.01,rigid,200,1,identified,-0.038771449006637065,0.03998428429939885,0.006590872907221905,-8.57142857142857e-08
synthetic,10,0.01,Timoshenko,single,two_uniform,0.5;1.0,0.01,flexible,200,2,identified,0.014501528448399725,0.05344090686345286,0.006599424966723731,5.6075980091601656e-08
synthetic,10,0.01,Timoshenko,single,two_uniform,0.5;1.0,0.03,rigid,200,1,identified,-0.03781812108185835,0.0478693182680232,0.00955782010103665,-8.57142857142857e-08
synthetic,10,0.01,Timoshenko,single,two_uniform,0.5;1.0,0.03,flexible,200,2,identified,0.07209595216730659,0.1840211057782838,0.018469532847379733,1.58540922304886e-07
synthetic,10,0.01,Timoshenko,single,two_selected,0.5;1.0,0.0,rigid,200,1,identified,-0.0382930488779859,0.0382930488779859,0.006252310976873626,-8.57142857142857e-08
synthetic,10,0.01,Timoshenko,single,two_selected,0.5;1.0,0.0,flexible,200,2,identified,-2.220446049250313e-15,2.220446049250313e-15,0.0013386973041883484,2.228571428570735e-08
synthetic,10,0.01,Timoshenko,single,two_selected,0.5;1.0,0.0025,rigid,200,1,identified,-0.03835887575190195,0.038430591471991,0.006263363185431742,-8.57142857142857e-08
synthetic,10,0.01,Timoshenko,single,two_selected,0.5;1.0,0.0025,flexible,200,2,identified,0.0020673774807586,0.014925680582220782,0.002409312751023968,2.7504602990742485e-08
synthetic,10,0.01,Timoshenko,single,two_selected,0.5;1.0,0.01,rigid,200,1,identified,-0.0380895284161041,0.039089676219968034,0.006654325441772077,-8.57142857142857e-08
synthetic,10,0.01,Timoshenko,single,two_selected,0.5;1.0,0.01,flexible,200,2,identified,0.007211844854148926,0.046906115758554114,0.006404971255935169,3.58799177298652e-08
synthetic,10,0.01,Timoshenko,single,two_selected,0.5;1.0,0.03,rigid,200,1,identified,-0.03496362630998095,0.04401850415498776,0.009528412841045091,-8.57142857142857e-08
synthetic,10,0.01,Timoshenko,single,two_selected,0.5;1.0,0.03,flexible,200,2,identified,0.08185648816497976,0.17686923504709734,0.01784316564101929,1.7464860038925094e-07
synthetic,10,0.01,Timoshenko,single,four,0.25;0.5;0.75;1.0,0.0,rigid,200,1,identified,-0.03983451240689839,0.039834512406898386,0.005478903718925604,-8.57142857142857e-08
synthetic,10,0.01,Timoshenko,single,four,0.25;0.5;0.75;1.0,0.0,flexible,200,2,identified,-1.1102230246251565e-15,1.1102230246251565e-15,0.0011593458734048023,2.22857142857105e-08
synthetic,10,0.01,Timoshenko,single,four,0.25;0.5;0.75;1.0,0.0025,rigid,200,1,identified,-0.03976235423220343,0.03980786933971855,0.005506893154895228,-8.57142857142857e-08
synthetic,10,0.01,Timoshenko,single,four,0.25;0.5;0.75;1.0,0.0025,flexible,200,2,identified,0.0005775093257743191,0.01256909518990127,0.0017919953027822125,2.318551397800318e-08
synthetic,10,0.01,Timoshenko,single,four,0.25;0.5;0.75;1.0,0.01,rigid,200,1,identified,-0.03957398311828559,0.040310499153517164,0.005750944554142392,-8.57142857142857e-08
synthetic,10,0.01,Timoshenko,single,four,0.25;0.5;0.75;1.0,0.01,flexible,200,2,identified,0.005377250736476297,0.04115596897124986,0.004698125396045117,3.1491438057631124e-08
synthetic,10,0.01,Timoshenko,single,four,0.25;0.5;0.75;1.0,0.03,rigid,200,1,identified,-0.03934211115857945,0.045637683380486196,0.007333355678897215,-8.57142857142857e-08
synthetic,10,0.01,Timoshenko,single,four,0.25;0.5;0.75;1.0,0.03,flexible,200,2,identified,0.056019547499445155,0.13341809789999753,0.011809115179094625,1.3177163822889777e-07
synthetic,10,0.01,Timoshenko,amplitudes,one,1.0,0.0,rigid,200,1,identified,-0.03642320292927348,0.036423202929273486,0.006881067961165027,-8.57142857142857e-08
synthetic,10,0.01,Timoshenko,amplitudes,one,1.0,0.0,flexible,200,1,unidentifiable,,,,
synthetic,10,0.01,Timoshenko,amplitudes,one,1.0,0.0025,rigid,200,1,identified,-0.03643539961426501,0.03644106343468954,0.006880146809022642,-8.57142857142857e-08
synthetic,10,0.01,Timoshenko,amplitudes,one,1.0,0.0025,flexible,200,1,unidentifiable,,,,
synthetic,10,0.01,Timoshenko,amplitudes,one,1.0,0.01,rigid,200,1,identified,-0.03628129762718992,0.03636087794410408,0.006969858178000027,-8.57142857142857e-08
synthetic,10,0.01,Timoshenko,amplitudes,one,1.0,0.01,flexible,200,1,unidentifiable,,,,
synthetic,10,0.01,Timoshenko,amplitudes,one,1.0,0.03,rigid,200,1,identified,-0.03696070784629926,0.03772788124968613,0.0071265504193009175,-8.57142857142857e-08
synthetic,10,0.01,Timoshenko,amplitudes,one,1.0,0.03,flexible,200,1,unidentifiable,,,,
synthetic,10,0.01,Timoshenko,amplitudes,two_uniform,0.5;1.0,0.0,rigid,200,1,identified,-0.03829304887798557,0.03829304887798557,0.006252310976873706,-8.57142857142857e-08
synthetic,10,0.01,Timoshenko,amplitudes,two_uniform,0.5;1.0,0.0,flexible,200,2,identified,-6.661338147750939e-16,6.661338147750939e-16,0.0013386973041882083,2.2285714285712078e-08
synthetic,10,0.01,Timoshenko,amplitudes,two_uniform,0.5;1.0,0.0025,rigid,200,1,identified,-0.03821842297825588,0.03822362720921013,0.0062713536804597896,-8.57142857142857e-08
synthetic,10,0.01,Timoshenko,amplitudes,two_uniform,0.5;1.0,0.0025,flexible,200,2,identified,-0.0002342354745037206,0.00400904318875608,0.00147967890209798,2.1389164126625847e-08
synthetic,10,0.01,Timoshenko,amplitudes,two_uniform,0.5;1.0,0.01,rigid,200,1,identified,-0.03829522913454057,0.03836357944963076,0.006276634755669755,-8.57142857142857e-08
synthetic,10,0.01,Timoshenko,amplitudes,two_uniform,0.5;1.0,0.01,flexible,200,2,identified,-0.0017243677953566044,0.016933783949631666,0.0027508727135779087,1.68509698575882e-08
synthetic,10,0.01,Timoshenko,amplitudes,two_uniform,0.5;1.0,0.03,rigid,200,1,identified,-0.03773255001719615,0.03835679025571172,0.006598059952348785,-8.57142857142857e-08
synthetic,10,0.01,Timoshenko,amplitudes,two_uniform,0.5;1.0,0.03,flexible,200,2,identified,0.0058913431762976235,0.04435434221309549,0.0058878270716911894,3.1725755630561555e-08
synthetic,10,0.01,Timoshenko,amplitudes,two_selected,0.5;1.0,0.0,rigid,200,1,identified,-0.03829304887798557,0.03829304887798557,0.006252310976873706,-8.57142857142857e-08
synthetic,10,0.01,Timoshenko,amplitudes,two_selected,0.5;1.0,0.0,flexible,200,2,identified,-6.661338147750939e-16,6.661338147750939e-16,0.0013386973041882083,2.2285714285712078e-08
synthetic,10,0.01,Timoshenko,amplitudes,two_selected,0.5;1.0,0.0025,rigid,200,1,identified,-0.03831369046655417,0.03831858969313953,0.006249351533835397,-8.57142857142857e-08
synthetic,10,0.01,Timoshenko,amplitudes,two_selected,0.5;1.0,0.0025,flexible,200,2,identified,-0.0007799437880403287,0.004020272729293001,0.0015069363610382767,2.0187920437948584e-08
synthetic,10,0.01,Timoshenko,amplitudes,two_selected,0.5;1.0,0.01,rigid,200,1,identified,-0.038415805551964534,0.03848755974401111,0.006250346990975366,-8.57142857142857e-08
synthetic,10,0.01,Timoshenko,amplitudes,two_selected,0.5;1.0,0.01,flexible,200,2,identified,-0.0010595651471822015,0.014457379651933194,0.0025303465183039923,1.9219521454001215e-08
synthetic,10,0.01,Timoshenko,amplitudes,two_selected,0.5;1.0,0.03,rigid,200,1,identified,-0.038323776213231006,0.039150598601493856,0.0065426315824249565,-8.57142857142857e-08
synthetic,10,0.01,Timoshenko,amplitudes,two_selected,0.5;1.0,0.03,flexible,200,2,identified,0.013191294873842362,0.04744915163659942,0.006293100875747486,5.260655204378816e-08
synthetic,10,0.01,Timoshenko,amplitudes,four,0.25;0.5;0.75;1.0,0.0,rigid,200,1,identified,-0.03983451240689839,0.039834512406898386,0.005478903718925604,-8.57142857142857e-08
synthetic,10,0.01,Timoshenko,amplitudes,four,0.25;0.5;0.75;1.0,0.0,flexible,200,2,identified,-4.440892098500626e-16,4.440892098500626e-16,0.0011593458734046392,2.2285714285713825e-08
synthetic,10,0.01,Timoshenko,amplitudes,four,0.25;0.5;0.75;1.0,0.0025,rigid,200,1,identified,-0.03985912089930552,0.03986233886867587,0.005475179713057899,-8.57142857142857e-08
synthetic,10,0.01,Timoshenko,amplitudes,four,0.25;0.5;0.75;1.0,0.0025,flexible,200,2,identified,6.396125202859815e-05,0.0027506839795802323,0.0011942633277701434,2.2502764791939936e-08
synthetic,10,0.01,Timoshenko,amplitudes,four,0.25;0.5;0.75;1.0,0.01,rigid,200,1,identified,-0.0398714000618321,0.0399272488523327,0.005489273044519112,-8.57142857142857e-08
synthetic,10,0.01,Timoshenko,amplitudes,four,0.25;0.5;0.75;1.0,0.01,flexible,200,2,identified,-0.0002353484173524245,0.012326602641409081,0.0018843222638694442,2.1394315774576337e-08
synthetic,10,0.01,Timoshenko,amplitudes,four,0.25;0.5;0.75;1.0,0.03,rigid,200,1,identified,-0.03976340524591292,0.040276865170116694,0.00565081108581348,-8.57142857142857e-08
synthetic,10,0.01,Timoshenko,amplitudes,four,0.25;0.5;0.75;1.0,0.03,flexible,200,2,identified,0.004527580401518176,0.036151155993131644,0.004200078348771929,3.071880557491769e-08
synthetic,10,0.01,Timoshenko,locations,one,1.0,0.0,rigid,200,1,identified,-0.038278083118257644,0.038278083118257644,0.006273782599589062,-8.57142857142857e-08
synthetic,10,0.01,Timoshenko,locations,one,1.0,0.0,flexible,200,2,identified,2.220446049250313e-15,2.220446049250313e-15,2.878267296495196e-16,2.2285714285719933e-08
synthetic,10,0.01,Timoshenko,locations,one,1.0,0.0025,rigid,200,1,identified,-0.03821565827129721,0.03827369715072323,0.0063305934035761124,-8.57142857142857e-08
synthetic,10,0.01,Timoshenko,locations,one,1.0,0.0025,flexible,200,2,identified,0.0016750157774827446,0.02639596272313593,0.00412269748779852,2.479155184553991e-08
synthetic,10,0.01,Timoshenko,locations,one,1.0,0.01,rigid,200,1,identified,-0.038482801086717845,0.03921378028897392,0.006664232401811104,-8.57142857142857e-08
synthetic,10,0.01,Timoshenko,locations,one,1.0,0.01,flexible,200,2,identified,0.038037057202849174,0.10308113520988517,0.01343597707646721,1.0270332208795149e-07
synthetic,10,0.01,Timoshenko,locations,one,1.0,0.03,rigid,200,1,identified,-0.0385077191597124,0.04590719480181003,0.010161160040159958,-8.57142857142857e-08
synthetic,10,0.01,Timoshenko,locations,one,1.0,0.03,flexible,200,2,identified,0.23382470860909557,0.6482214153764174,0.037185587809045836,3.1501076277159754e-07
synthetic,10,0.01,Timoshenko,locations,two_uniform,0.5;1.0,0.0,rigid,200,1,identified,-0.04032512234462315,0.040325122344623154,0.005787599327334687,-8.57142857142857e-08
synthetic,10,0.01,Timoshenko,locations,two_uniform,0.5;1.0,0.0,flexible,200,2,identified,0.0024600045653877523,0.0024600045653877523,0.001180628564696507,2.8969513585206584e-08
synthetic,10,0.01,Timoshenko,locations,two_uniform,0.5;1.0,0.0025,rigid,200,1,identified,-0.04074338618961281,0.04079342119251532,0.00571424246135463,-8.57142857142857e-08
synthetic,10,0.01,Timoshenko,locations,two_uniform,0.5;1.0,0.0025,flexible,200,2,identified,0.0027104764770572378,0.012974355691794753,0.001975894134242777,3.038612751238144e-08
synthetic,10,0.01,Timoshenko,locations,two_uniform,0.5;1.0,0.01,rigid,200,1,identified,-0.04028514420306111,0.04105784698796957,0.00611572952751701,-8.57142857142857e-08
synthetic,10,0.01,Timoshenko,locations,two_uniform,0.5;1.0,0.01,flexible,200,2,identified,0.010686172457141142,0.04475859441421243,0.005181235714152878,4.5353782247266355e-08
synthetic,10,0.01,Timoshenko,locations,two_uniform,0.5;1.0,0.03,rigid,200,1,identified,-0.03814299878186762,0.044353090055176125,0.008370590409376825,-8.57142857142857e-08
synthetic,10,0.01,Timoshenko,locations,two_uniform,0.5;1.0,0.03,flexible,200,2,identified,0.05952121609608494,0.13451392473527474,0.01257669233951014,1.3459470070678578e-07
synthetic,10,0.01,Timoshenko,locations,two_selected,0.5;1.0,0.0,rigid,200,1,identified,-0.04032512234462315,0.040325122344623154,0.005787599327334687,-8.57142857142857e-08
synthetic,10,0.01,Timoshenko,locations,two_selected,0.5;1.0,0.0,flexible,200,2,identified,0.0024600045653877523,0.0024600045653877523,0.001180628564696507,2.8969513585206584e-08
synthetic,10,0.01,Timoshenko,locations,two_selected,0.5;1.0,0.0025,rigid,200,1,identified,-0.040281751993552675,0.04033054852496737,0.005817848260385792,-8.57142857142857e-08
synthetic,10,0.01,Timoshenko,locations,two_selected,0.5;1.0,0.0025,flexible,200,2,identified,0.004123687767677308,0.012609289700230442,0.0018987438869496258,3.2760040015269995e-08
synthetic,10,0.01,Timoshenko,locations,two_selected,0.5;1.0,0.01,rigid,200,1,identified,-0.04039273932153486,0.04106634060691349,0.006051331647824263,-8.57142857142857e-08
synthetic,10,0.01,Timoshenko,locations,two_selected,0.5;1.0,0.01,flexible,200,2,identified,0.010330865276045365,0.0436487178890251,0.005315804381398496,4.495694265210189e-08
synthetic,10,0.01,Timoshenko,locations,two_selected,0.5;1.0,0.03,rigid,200,1,identified,-0.04122194724341893,0.04671772749982153,0.0077730892886241874,-8.57142857142857e-08
synthetic,10,0.01,Timoshenko,locations,two_selected,0.5;1.0,0.03,flexible,200,2,identified,0.05482388470321015,0.1459360334995843,0.013703533486704621,1.2745353717776502e-07
synthetic,10,0.01,Timoshenko,locations,four,0.25;0.5;0.75;1.0,0.0,rigid,200,1,identified,-0.042061156090455354,0.04206115609045536,0.005053975119915022,-8.57142857142857e-08
synthetic,10,0.01,Timoshenko,locations,four,0.25;0.5;0.75;1.0,0.0,flexible,200,2,identified,0.002908696036535652,0.0029086960365356522,0.0009261586777147197,3.048605197621042e-08
synthetic,10,0.01,Timoshenko,locations,four,0.25;0.5;0.75;1.0,0.0025,rigid,200,1,identified,-0.04229946339956481,0.04233746808800215,0.005022882321496161,-8.57142857142857e-08
synthetic,10,0.01,Timoshenko,locations,four,0.25;0.5;0.75;1.0,0.0025,flexible,200,2,identified,0.0033839508153341896,0.010495437790170647,0.0012885374545497845,3.206995075856147e-08
synthetic,10,0.01,Timoshenko,locations,four,0.25;0.5;0.75;1.0,0.01,rigid,200,1,identified,-0.041634416455209634,0.04211589856145562,0.005302672403454887,-8.57142857142857e-08
synthetic,10,0.01,Timoshenko,locations,four,0.25;0.5;0.75;1.0,0.01,flexible,200,2,identified,0.008320442981781306,0.038144752486537044,0.0037846541883716344,3.9418503396794617e-08
synthetic,10,0.01,Timoshenko,locations,four,0.25;0.5;0.75;1.0,0.03,rigid,200,1,identified,-0.04251894129090078,0.04655560071674786,0.006360457959010808,-8.57142857142857e-08
synthetic,10,0.01,Timoshenko,locations,four,0.25;0.5;0.75;1.0,0.03,flexible,200,2,identified,0.045301500053066324,0.1162984969968936,0.010303691129739197,1.1050822996773564e-07
synthetic,10,0.1,Euler-Bernoulli,single,one,1.0,0.0,rigid,200,1,identified,-0.23076923076923087,0.23076923076923095,0.04326923076923073,-8.57142857142857e-07
synthetic,10,0.1,Euler-Bernoulli,single,one,1.0,0.0,flexible,200,1,unidentifiable,,,,
synthetic,10,0.1,Euler-Bernoulli,single,one,1.0,0.0025,rigid,200,1,identified,-0.23075569863929765,0.23076341391647295,0.043279636374248934,-8.57142857142857e-07
synthetic,10,0.1,Euler-Bernoulli,single,one,1.0,0.0025,flexible,200,1,unidentifiable,,,,
synthetic,10,0.1,Euler-Bernoulli,single,one,1.0,0.01,rigid,200,1,identified,-0.23017100937541685,0.230271002934051,0.04357488216140803,-8.57142857142857e-07
synthetic,10,0.1,Euler-Bernoulli,single,one,1.0,0.01,flexible,200,1,unidentifiable,,,,
synthetic,10,0.1,Euler-Bernoulli,single,one,1.0,0.03,rigid,200,1,identified,-0.2250833386134349,0.22638785922305557,0.04630190189278375,-8.57142857142857e-07
synthetic,10,0.1,Euler-Bernoulli,single,one,1.0,0.03,flexible,200,1,unidentifiable,,,,
synthetic,10,0.1,Euler-Bernoulli,single,two_uniform,0.5;1.0,0.0,rigid,200,1,identified,-0.2401297998918331,0.24012979989183306,0.033908291857312575,-8.57142857142857e-07
synthetic,10,0.1,Euler-Bernoulli,single,two_uniform,0.5;1.0,0.0,flexible,200,2,identified,-2.4424906541753444e-15,2.4424906541753444e-15,3.803163617047886e-16,-7.623296525288703e-21
synthetic,10,0.1,Euler-Bernoulli,single,two_uniform,0.5;1.0,0.0025,rigid,200,1,identified,-0.2400262472055362,0.24003448848944778,0.03394454545008256,-8.57142857142857e-07
synthetic,10,0.1,Euler-Bernoulli,single,two_uniform,0.5;1.0,0.0025,flexible,200,2,identified,3.6752819200184253e-05,0.018532324077599516,0.0019357278013051764,-1.2904352235388e-09
synthetic,10,0.1,Euler-Bernoulli,single,two_uniform,0.5;1.0,0.01,rigid,200,1,identified,-0.2395401880636455,0.2396556834428507,0.034149406376919156,-8.57142857142857e-07
synthetic,10,0.1,Euler-Bernoulli,single,two_uniform,0.5;1.0,0.01,flexible,200,2,identified,0.005605957424946554,0.08474011254927169,0.009133849015137781,-6.140333956044994e-09
synthetic,10,0.1,Euler-Bernoulli,single,two_uniform,0.5;1.0,0.03,rigid,200,1,identified,-0.23911740771275677,0.24009117129793053,0.03471830216379316,-8.57142857142857e-07
synthetic,10,0.1,Euler-Bernoulli,single,two_uniform,0.5;1.0,0.03,flexible,200,2,identified,0.0839176249014817,0.3151392278787354,0.02475304718605071,6.23913543827854e-08
synthetic,10,0.1,Euler-Bernoulli,single,two_selected,0.5;1.0,0.0,rigid,200,1,identified,-0.2401297998918331,0.24012979989183306,0.033908291857312575,-8.57142857142857e-07
synthetic,10,0.1,Euler-Bernoulli,single,two_selected,0.5;1.0,0.0,flexible,200,2,identified,-2.4424906541753444e-15,2.4424906541753444e-15,3.803163617047886e-16,-7.623296525288703e-21
synthetic,10,0.1,Euler-Bernoulli,single,two_selected,0.5;1.0,0.0025,rigid,200,1,identified,-0.24015748404136023,0.2401644932080096,0.03390334902899263,-8.57142857142857e-07
synthetic,10,0.1,Euler-Bernoulli,single,two_selected,0.5;1.0,0.0025,flexible,200,2,identified,0.0004989098531739017,0.020025548163063563,0.002170490936614322,4.1548587024534584e-10
synthetic,10,0.1,Euler-Bernoulli,single,two_selected,0.5;1.0,0.01,rigid,200,1,identified,-0.2405981466306174,0.24069897740274068,0.03381598143251819,-8.57142857142857e-07
synthetic,10,0.1,Euler-Bernoulli,single,two_selected,0.5;1.0,0.01,flexible,200,2,identified,-0.003563257645566244,0.07771003428689273,0.008954007956501886,-2.3938010819492974e-08
synthetic,10,0.1,Euler-Bernoulli,single,two_selected,0.5;1.0,0.03,rigid,200,1,identified,-0.23817775644776887,0.23937563573991347,0.03509709155600541,-8.57142857142857e-07
synthetic,10,0.1,Euler-Bernoulli,single,two_selected,0.5;1.0,0.03,flexible,200,2,identified,0.07001052733133101,0.3349626386914417,0.025720046009989034,5.325713064076737e-09
synthetic,10,0.1,Euler-Bernoulli,single,four,0.25;0.5;0.75;1.0,0.0,rigid,200,1,identified,-0.24770340006587865,0.24770340006587865,0.028806032685836837,-8.57142857142857e-07
synthetic,10,0.1,Euler-Bernoulli,single,four,0.25;0.5;0.75;1.0,0.0,flexible,200,2,identified,6.661338147750939e-16,6.661338147750939e-16,3.3615534794706475e-17,1.4823076576950256e-21
synthetic,10,0.1,Euler-Bernoulli,single,four,0.25;0.5;0.75;1.0,0.0025,rigid,200,1,identified,-0.24750356701697498,0.247509045153207,0.02886077055189996,-8.57142857142857e-07
synthetic,10,0.1,Euler-Bernoulli,single,four,0.25;0.5;0.75;1.0,0.0025,flexible,200,2,identified,0.001969608714664694,0.015198440123000563,0.0013913014509468146,3.62664237732943e-09
synthetic,10,0.1,Euler-Bernoulli,single,four,0.25;0.5;0.75;1.0,0.01,rigid,200,1,identified,-0.24774789046815124,0.24781764512630874,0.028827419297858058,-8.57142857142857e-07
synthetic,10,0.1,Euler-Bernoulli,single,four,0.25;0.5;0.75;1.0,0.01,flexible,200,2,identified,-0.0003024132226562326,0.05883387056194809,0.005367710793857865,-9.415915892843018e-09
synthetic,10,0.1,Euler-Bernoulli,single,four,0.25;0.5;0.75;1.0,0.03,rigid,200,1,identified,-0.2464592705938975,0.24706523434383873,0.029412157675401517,-8.57142857142857e-07
synthetic,10,0.1,Euler-Bernoulli,single,four,0.25;0.5;0.75;1.0,0.03,flexible,200,2,identified,0.061204423949257195,0.20886040271923942,0.01561078750007762,6.935909953952255e-08
synthetic,10,0.1,Euler-Bernoulli,amplitudes,one,1.0,0.0,rigid,200,1,identified,-0.23076923076923087,0.23076923076923095,0.04326923076923073,-8.57142857142857e-07
synthetic,10,0.1,Euler-Bernoulli,amplitudes,one,1.0,0.0,flexible,200,1,unidentifiable,,,,
synthetic,10,0.1,Euler-Bernoulli,amplitudes,one,1.0,0.0025,rigid,200,1,identified,-0.23075986253065797,0.23076031924840865,0.04327332721034611,-8.57142857142857e-07
synthetic,10,0.1,Euler-Bernoulli,amplitudes,one,1.0,0.0025,flexible,200,1,unidentifiable,,,,
synthetic,10,0.1,Euler-Bernoulli,amplitudes,one,1.0,0.01,rigid,200,1,identified,-0.23078031668878438,0.2307891156956696,0.04327032995926593,-8.57142857142857e-07
synthetic,10,0.1,Euler-Bernoulli,amplitudes,one,1.0,0.01,flexible,200,1,unidentifiable,,,,
synthetic,10,0.1,Euler-Bernoulli,amplitudes,one,1.0,0.03,rigid,200,1,identified,-0.23073875745329203,0.23081696941066943,0.0433315251960086,-8.57142857142857e-07
synthetic,10,0.1,Euler-Bernoulli,amplitudes,one,1.0,0.03,flexible,200,1,unidentifiable,,,,
synthetic,10,0.1,Euler-Bernoulli,amplitudes,two_uniform,0.5;1.0,0.0,rigid,200,1,identified,-0.24012979989183364,0.24012979989183356,0.03390829185731241,-8.57142857142857e-07
synthetic,10,0.1,Euler-Bernoulli,amplitudes,two_uniform,0.5;1.0,0.0,flexible,200,2,identified,2.220446049250313e-16,2.220446049250313e-16,1.4535222445644136e-16,1.9058241313221758e-21
synthetic,10,0.1,Euler-Bernoulli,amplitudes,two_uniform,0.5;1.0,0.0025,rigid,200,1,identified,-0.24012212741143316,0.24012269419141838,0.033910955757636044,-8.57142857142857e-07
synthetic,10,0.1,Euler-Bernoulli,amplitudes,two_uniform,0.5;1.0,0.0025,flexible,200,2,identified,0.00044057458938275506,0.00569338395987267,0.0006493659326580576,1.0728501361785878e-09
synthetic,10,0.1,Euler-Bernoulli,amplitudes,two_uniform,0.5;1.0,0.01,rigid,200,1,identified,-0.24009121257466465,0.24009831367739876,0.033923880693241204,-8.57142857142857e-07
synthetic,10,0.1,Euler-Bernoulli,amplitudes,two_uniform,0.5;1.0,0.01,flexible,200,2,identified,-0.00024868953759819845,0.021886157873491168,0.002354250796222422,-2.1347337440685865e-09
synthetic,10,0.1,Euler-Bernoulli,amplitudes,two_uniform,0.5;1.0,0.03,rigid,200,1,identified,-0.24050372557109415,0.24055989839230182,0.0338218335993149,-8.57142857142857e-07
synthetic,10,0.1,Euler-Bernoulli,amplitudes,two_uniform,0.5;1.0,0.03,flexible,200,2,identified,0.005830999548023754,0.06282440412495338,0.006535977714538958,7.260002394516571e-09
synthetic,10,0.1,Euler-Bernoulli,amplitudes,two_selected,0.5;1.0,0.0,rigid,200,1,identified,-0.24012979989183364,0.24012979989183356,0.03390829185731241,-8.57142857142857e-07
synthetic,10,0.1,Euler-Bernoulli,amplitudes,two_selected,0.5;1.0,0.0,flexible,200,2,identified,2.220446049250313e-16,2.220446049250313e-16,1.4535222445644136e-16,1.9058241313221758e-21
synthetic,10,0.1,Euler-Bernoulli,amplitudes,two_selected,0.5;1.0,0.0025,rigid,200,1,identified,-0.24016210551196412,0.24016252251497322,0.03389852325044647,-8.57142857142857e-07
synthetic,10,0.1,Euler-Bernoulli,amplitudes,two_selected,0.5;1.0,0.0025,flexible,200,2,identified,-0.00028793123855271605,0.004753539384110182,0.0005321996398520667,-6.892671657420001e-10
synthetic,10,0.1,Euler-Bernoulli,amplitudes,two_selected,0.5;1.0,0.01,rigid,200,1,identified,-0.2400082312261069,0.24001650263355956,0.03395011452868675,-8.57142857142857e-07
synthetic,10,0.1,Euler-Bernoulli,amplitudes,two_selected,0.5;1.0,0.01,flexible,200,2,identified,-0.0009419024354050376,0.01973773519788882,0.002105242516384272,-4.154753791138801e-09
synthetic,10,0.1,Euler-Bernoulli,amplitudes,two_selected,0.5;1.0,0.03,rigid,200,1,identified,-0.240358565790361,0.24043560712712161,0.03387765574462896,-8.57142857142857e-07
synthetic,10,0.1,Euler-Bernoulli,amplitudes,two_selected,0.5;1.0,0.03,flexible,200,2,identified,4.598522416490558e-05,0.06795889468416472,0.007437807925835617,-1.0947508447689042e-08
synthetic,10,0.1,Euler-Bernoulli,amplitudes,four,0.25;0.5;0.75;1.0,0.0,rigid,200,1,identified,-0.24770340006587868,0.24770340006587876,0.02880603268583681,-8.57142857142857e-07
synthetic,10,0.1,Euler-Bernoulli,amplitudes,four,0.25;0.5;0.75;1.0,0.0,flexible,200,2,identified,-4.440892098500626e-16,4.440892098500626e-16,6.77015516735709e-17,-1.376428539288238e-21
synthetic,10,0.1,Euler-Bernoulli,amplitudes,four,0.25;0.5;0.75;1.0,0.0025,rigid,200,1,identified,-0.247655682449035,0.24765598273200093,0.02881862989894541,-8.57142857142857e-07
synthetic,10,0.1,Euler-Bernoulli,amplitudes,four,0.25;0.5;0.75;1.0,0.0025,flexible,200,2,identified,0.0003754076716637139,0.0039534111809830744,0.0003571669102582933,7.179894131051488e-10
synthetic,10,0.1,Euler-Bernoulli,amplitudes,four,0.25;0.5;0.75;1.0,0.01,rigid,200,1,identified,-0.24770036375905247,0.24770572843518504,0.028809367954991155,-8.57142857142857e-07
synthetic,10,0.1,Euler-Bernoulli,amplitudes,four,0.25;0.5;0.75;1.0,0.01,flexible,200,2,identified,-0.00031206345916817756,0.015685649036751945,0.0014553144728766804,-1.4503516233363613e-09
synthetic,10,0.1,Euler-Bernoulli,amplitudes,four,0.25;0.5;0.75;1.0,0.03,rigid,200,1,identified,-0.24837570391296387,0.24842142660962568,0.028652392351074637,-8.57142857142857e-07
synthetic,10,0.1,Euler-Bernoulli,amplitudes,four,0.25;0.5;0.75;1.0,0.03,flexible,200,2,identified,0.004978641097177886,0.04737198340652954,0.0042537377802872945,1.0433843091107663e-08
synthetic,10,0.1,Euler-Bernoulli,locations,one,1.0,0.0,rigid,200,1,identified,-0.24005564203623384,0.24005564203623378,0.03945052550413193,-8.57142857142857e-07
synthetic,10,0.1,Euler-Bernoulli,locations,one,1.0,0.0,flexible,200,2,identified,-3.774758283725532e-15,3.774758283725532e-15,6.271301628709726e-16,-1.1117307432712692e-20
synthetic,10,0.1,Euler-Bernoulli,locations,one,1.0,0.0025,rigid,200,1,identified,-0.24007686281339397,0.24008254892145983,0.03944619614417178,-8.57142857142857e-07
synthetic,10,0.1,Euler-Bernoulli,locations,one,1.0,0.0025,flexible,200,2,identified,-0.0001791535223030677,0.03289396979146376,0.0040712379004012355,-3.329021886644552e-09
synthetic,10,0.1,Euler-Bernoulli,locations,one,1.0,0.01,rigid,200,1,identified,-0.23957526435209253,0.23966352028152332,0.039719392076602,-8.57142857142857e-07
synthetic,10,0.1,Euler-Bernoulli,locations,one,1.0,0.01,flexible,200,2,identified,0.019711795104284953,0.15078604545034355,0.016310164928944753,-1.1524049723772278e-09
synthetic,10,0.1,Euler-Bernoulli,locations,one,1.0,0.03,rigid,200,1,identified,-0.24054345794710785,0.24118946748309283,0.03976191179255328,-8.57142857142857e-07
synthetic,10,0.1,Euler-Bernoulli,locations,one,1.0,0.03,flexible,200,2,identified,10000000000.454391,99999999999.9,0.042939756038680665,1.2556017373846816e-08
synthetic,10,0.1,Euler-Bernoulli,locations,two_uniform,0.5;1.0,0.0,rigid,200,1,identified,-0.24947108290219908,0.2494710829021991,0.030992709920255962,-8.57142857142857e-07
synthetic,10,0.1,Euler-Bernoulli,locations,two_uniform,0.5;1.0,0.0,flexible,200,2,identified,-1.3322676295501878e-15,1.3322676295501878e-15,1.901581808523943e-16,-3.917527381051139e-21
synthetic,10,0.1,Euler-Bernoulli,locations,two_uniform,0.5;1.0,0.0025,rigid,200,1,identified,-0.24954259557623829,0.24954679667205187,0.03097286908613924,-8.57142857142857e-07
synthetic,10,0.1,Euler-Bernoulli,locations,two_uniform,0.5;1.0,0.0025,flexible,200,2,identified,0.000811025330257072,0.01509526531288728,0.0015509951032972751,1.8449874640148434e-09
synthetic,10,0.1,Euler-Bernoulli,locations,two_uniform,0.5;1.0,0.01,rigid,200,1,identified,-0.24985331849953418,0.2499210133120593,0.030915952947867146,-8.57142857142857e-07
synthetic,10,0.1,Euler-Bernoulli,locations,two_uniform,0.5;1.0,0.01,flexible,200,2,identified,-0.0037655928729440472,0.057011244530934924,0.005783224588032906,-1.6210677023174095e-08
synthetic,10,0.1,Euler-Bernoulli,locations,two_uniform,0.5;1.0,0.03,rigid,200,1,identified,-0.2496654327514236,0.25026813522248564,0.031319601947513286,-8.57142857142857e-07
synthetic,10,0.1,Euler-Bernoulli,locations,two_uniform,0.5;1.0,0.03,flexible,200,2,identified,0.03257902315319195,0.20326788192177933,0.016465168993587603,1.2853333411893585e-09
synthetic,10,0.1,Euler-Bernoulli,locations,two_selected,0.5;1.0,0.0,rigid,200,1,identified,-0.24947108290219908,0.2494710829021991,0.030992709920255962,-8.57142857142857e-07
synthetic,10,0.1,Euler-Bernoulli,locations,two_selected,0.5;1.0,0.0,flexible,200,2,identified,-1.3322676295501878e-15,1.3322676295501878e-15,1.901581808523943e-16,-3.917527381051139e-21
synthetic,10,0.1,Euler-Bernoulli,locations,two_selected,0.5;1.0,0.0025,rigid,200,1,identified,-0.24934996410402174,0.24935424761811173,0.031033612707225225,-8.57142857142857e-07
synthetic,10,0.1,Euler-Bernoulli,locations,two_selected,0.5;1.0,0.0025,flexible,200,2,identified,-0.0003873792537450482,0.014648994828167596,0.001410007407098217,-2.0923126841325084e-09
synthetic,10,0.1,Euler-Bernoulli,locations,two_selected,0.5;1.0,0.01,rigid,200,1,identified,-0.24922657461632838,0.24930205376751557,0.03111790450477453,-8.57142857142857e-07
synthetic,10,0.1,Euler-Bernoulli,locations,two_selected,0.5;1.0,0.01,flexible,200,2,identified,0.010473613582763887,0.06951421288715993,0.006118548215352998,1.4290330143058697e-08
synthetic,10,0.1,Euler-Bernoulli,locations,two_selected,0.5;1.0,0.03,rigid,200,1,identified,-0.24772466390143727,0.248371551678434,0.03193764136594089,-8.57142857142857e-07
synthetic,10,0.1,Euler-Bernoulli,locations,two_selected,0.5;1.0,0.03,flexible,200,2,identified,0.05797449641508571,0.21881001833985084,0.016740098243679898,5.120815220626314e-08
synthetic,10,0.1,Euler-Bernoulli,locations,four,0.25;0.5;0.75;1.0,0.0,rigid,200,1,identified,-0.2566588631178222,0.25665886311782216,0.02645112425007789,-8.57142857142857e-07
synthetic,10,0.1,Euler-Bernoulli,locations,four,0.25;0.5;0.75;1.0,0.0,flexible,200,2,identified,-6.661338147750939e-16,6.661338147750939e-16,4.632211430296956e-17,-1.6940658945086007e-21
synthetic,10,0.1,Euler-Bernoulli,locations,four,0.25;0.5;0.75;1.0,0.0025,rigid,200,1,identified,-0.25661983480121264,0.2566229706665481,0.026463282417805368,-8.57142857142857e-07
synthetic,10,0.1,Euler-Bernoulli,locations,four,0.25;0.5;0.75;1.0,0.0025,flexible,200,2,identified,-0.0014930974222824005,0.011376530963857235,0.0009138992266145661,-4.194870566474589e-09
synthetic,10,0.1,Euler-Bernoulli,locations,four,0.25;0.5;0.75;1.0,0.01,rigid,200,1,identified,-0.2564342643001244,0.2564800547049888,0.02653699326883294,-8.57142857142857e-07
synthetic,10,0.1,Euler-Bernoulli,locations,four,0.25;0.5;0.75;1.0,0.01,flexible,200,2,identified,0.005222087088542773,0.044678645319594264,0.003768996449924295,7.228316442438596e-09
synthetic,10,0.1,Euler-Bernoulli,locations,four,0.25;0.5;0.75;1.0,0.03,rigid,200,1,identified,-0.25579544888516764,0.256286881383303,0.026957951650995605,-8.57142857142857e-07
synthetic,10,0.1,Euler-Bernoulli,locations,four,0.25;0.5;0.75;1.0,0.03,flexible,200,2,identified,0.030589453468386988,0.1563344485374758,0.010602172780073964,2.165592234794287e-08
synthetic,10,0.1,Timoshenko,single,one,1.0,0.0,rigid,200,1,identified,-0.2353570882397921,0.23535708823979215,0.04439423076923072,-8.57142857142857e-07
synthetic,10,0.1,Timoshenko,single,one,1.0,0.0,flexible,200,1,unidentifiable,,,,
synthetic,10,0.1,Timoshenko,single,one,1.0,0.0025,rigid,200,1,identified,-0.23532452141928262,0.23533174877619706,0.04441226167959669,-8.57142857142857e-07
synthetic,10,0.1,Timoshenko,single,one,1.0,0.0025,flexible,200,1,unidentifiable,,,,
synthetic,10,0.1,Timoshenko,single,one,1.0,0.01,rigid,200,1,identified,-0.23569069491873024,0.23579907511577683,0.04432710708999385,-8.57142857142857e-07
synthetic,10,0.1,Timoshenko,single,one,1.0,0.01,flexible,200,1,unidentifiable,,,,
synthetic,10,0.1,Timoshenko,single,one,1.0,0.03,rigid,200,1,identified,-0.23332489149407487,0.23449402274594597,0.045942490178240036,-8.57142857142857e-07
synthetic,10,0.1,Timoshenko,single,one,1.0,0.03,flexible,200,1,unidentifiable,,,,
synthetic,10,0.1,Timoshenko,single,two_uniform,0.5;1.0,0.0,rigid,200,1,identified,-0.24484451859241177,0.24484451859241188,0.03540461964274306,-8.57142857142857e-07
synthetic,10,0.1,Timoshenko,single,two_uniform,0.5;1.0,0.0,flexible,200,2,identified,-1.9984014443252818e-15,1.9984014443252818e-15,0.0010606601717799184,2.2285714285709335e-08
synthetic,10,0.1,Timoshenko,single,two_uniform,0.5;1.0,0.0025,rigid,200,1,identified,-0.24492878451265898,0.2449354759422121,0.03538183686035072,-8.57142857142857e-07
synthetic,10,0.1,Timoshenko,single,two_uniform,0.5;1.0,0.0025,flexible,200,2,identified,0.0001361527348339564,0.020998478031716516,0.0024589879398434528,2.1884277791854887e-08
synthetic,10,0.1,Timoshenko,single,two_uniform,0.5;1.0,0.01,rigid,200,1,identified,-0.24529450208070835,0.24541206135546295,0.03532540031401562,-8.57142857142857e-07
synthetic,10,0.1,Timoshenko,single,two_uniform,0.5;1.0,0.01,flexible,200,2,identified,0.004017926574500529,0.07401108897392442,0.007951710492422636,2.1068781927111377e-08
synthetic,10,0.1,Timoshenko,single,two_uniform,0.5;1.0,0.03,rigid,200,1,identified,-0.24279501955722121,0.24385151268493047,0.036560625029086,-8.57142857142857e-07
synthetic,10,0.1,Timoshenko,single,two_uniform,0.5;1.0,0.03,flexible,200,2,identified,0.10947280316603315,0.3771860172665958,0.024271060397463507,1.0202857972405204e-07
synthetic,10,0.1,Timoshenko,single,two_selected,0.5;1.0,0.0,rigid,200,1,identified,-0.24484451859241177,0.24484451859241188,0.03540461964274306,-8.57142857142857e-07
synthetic,10,0.1,Timoshenko,single,two_selected,0.5;1.0,0.0,flexible,200,2,identified,-1.9984014443252818e-15,1.9984014443252818e-15,0.0010606601717799184,2.2285714285709335e-08
synthetic,10,0.1,Timoshenko,single,two_selected,0.5;1.0,0.0025,rigid,200,1,identified,-0.24476794000710314,0.2447739193138788,0.03543148704362404,-8.57142857142857e-07
synthetic,10,0.1,Timoshenko,single,two_selected,0.5;1.0,0.0025,flexible,200,2,identified,0.0008700833222319787,0.018045124507800502,0.0022483495216214927,2.341952363713389e-08
synthetic,10,0.1,Timoshenko,single,two_selected,0.5;1.0,0.01,rigid,200,1,identified,-0.24443116477795165,0.24452774246474046,0.03558220839038018,-8.57142857142857e-07
synthetic,10,0.1,Timoshenko,single,two_selected,0.5;1.0,0.01,flexible,200,2,identified,0.003807076711864982,0.0804575990108407,0.00836999198470797,1.3934825328802144e-08
synthetic,10,0.1,Timoshenko,single,two_selected,0.5;1.0,0.03,rigid,200,1,identified,-0.24302750006114693,0.24410436039735656,0.03648453367056138,-8.57142857142857e-07
synthetic,10,0.1,Timoshenko,single,two_selected,0.5;1.0,0.03,flexible,200,2,identified,0.06641264859489807,0.2760494932774719,0.023050223550116978,5.282764214388038e-08
synthetic,10,0.1,Timoshenko,single,four,0.25;0.5;0.75;1.0,0.0,rigid,200,1,identified,-0.25251740356219926,0.2525174035621992,0.030226539849579976,-8.57142857142857e-07
synthetic,10,0.1,Timoshenko,single,four,0.25;0.5;0.75;1.0,0.0,flexible,200,2,identified,4.440892098500626e-16,4.440892098500626e-16,0.000918558653543686,2.2285714285714947e-08
synthetic,10,0.1,Timoshenko,single,four,0.25;0.5;0.75;1.0,0.0025,rigid,200,1,identified,-0.2525209133214526,0.2525256507190087,0.030227827177645824,-8.57142857142857e-07
synthetic,10,0.1,Timoshenko,single,four,0.25;0.5;0.75;1.0,0.0025,flexible,200,2,identified,-0.0006246913330561238,0.014134452803232302,0.001643815404006475,2.0169831802079152e-08
synthetic,10,0.1,Timoshenko,single,four,0.25;0.5;0.75;1.0,0.01,rigid,200,1,identified,-0.2531433995558058,0.253212493146249,0.03009461438187221,-8.57142857142857e-07
synthetic,10,0.1,Timoshenko,single,four,0.25;0.5;0.75;1.0,0.01,flexible,200,2,identified,0.007627690787583086,0.05919960657449296,0.005174488853702149,3.65497096501468e-08
synthetic,10,0.1,Timoshenko,single,four,0.25;0.5;0.75;1.0,0.03,rigid,200,1,identified,-0.24973978975279124,0.2504221021871691,0.031250717685563666,-8.57142857142857e-07
synthetic,10,0.1,Timoshenko,single,four,0.25;0.5;0.75;1.0,0.03,flexible,200,2,identified,0.028810950965307038,0.18609549592882235,0.01512013637382236,9.221975380311394e-09
synthetic,10,0.1,Timoshenko,amplitudes,one,1.0,0.0,rigid,200,1,identified,-0.2353570882397921,0.23535708823979215,0.04439423076923072,-8.57142857142857e-07
synthetic,10,0.1,Timoshenko,amplitudes,one,1.0,0.0,flexible,200,1,unidentifiable,,,,
synthetic,10,0.1,Timoshenko,amplitudes,one,1.0,0.0025,rigid,200,1,identified,-0.235397000304254,0.23539758569726707,0.04437819729802793,-8.57142857142857e-07
synthetic,10,0.1,Timoshenko,amplitudes,one,1.0,0.0025,flexible,200,1,unidentifiable,,,,
synthetic,10,0.1,Timoshenko,amplitudes,one,1.0,0.01,rigid,200,1,identified,-0.23530415304608468,0.23531225327795788,0.04442119244514061,-8.57142857142857e-07
synthetic,10,0.1,Timoshenko,amplitudes,one,1.0,0.01,flexible,200,1,unidentifiable,,,,
synthetic,10,0.1,Timoshenko,amplitudes,one,1.0,0.03,rigid,200,1,identified,-0.2347936326990984,0.2348710144522402,0.04467477844512084,-8.57142857142857e-07
synthetic,10,0.1,Timoshenko,amplitudes,one,1.0,0.03,flexible,200,1,unidentifiable,,,,
synthetic,10,0.1,Timoshenko,amplitudes,two_uniform,0.5;1.0,0.0,rigid,200,1,identified,-0.24484451859241177,0.24484451859241171,0.0354046196427431,-8.57142857142857e-07
synthetic,10,0.1,Timoshenko,amplitudes,two_uniform,0.5;1.0,0.0,flexible,200,2,identified,-2.220446049250313e-16,2.220446049250313e-16,0.001060660171779737,2.2285714285715688e-08
synthetic,10,0.1,Timoshenko,amplitudes,two_uniform,0.5;1.0,0.0025,rigid,200,1,identified,-0.24487787044680986,0.2448782594293714,0.03539444394470718,-8.57142857142857e-07
synthetic,10,0.1,Timoshenko,amplitudes,two_uniform,0.5;1.0,0.0025,flexible,200,2,identified,0.00021929280757782666,0.005183636220043583,0.001172730832167702,2.2967493142022218e-08
synthetic,10,0.1,Timoshenko,amplitudes,two_uniform,0.5;1.0,0.01,rigid,200,1,identified,-0.24488716307990607,0.24489472527355227,0.03539522227042489,-8.57142857142857e-07
synthetic,10,0.1,Timoshenko,amplitudes,two_uniform,0.5;1.0,0.01,flexible,200,2,identified,0.001628304682091793,0.020788868936638137,0.0025072047511876987,2.5761257437608687e-08
synthetic,10,0.1,Timoshenko,amplitudes,two_uniform,0.5;1.0,0.03,rigid,200,1,identified,-0.24433218776002327,0.24439275152739168,0.03559437086411589,-8.57142857142857e-07
synthetic,10,0.1,Timoshenko,amplitudes,two_uniform,0.5;1.0,0.03,flexible,200,2,identified,4.647853221852183e-05,0.06052253425330867,0.006537636611892275,1.035205179344034e-08
synthetic,10,0.1,Timoshenko,amplitudes,two_selected,0.5;1.0,0.0,rigid,200,1,identified,-0.24484451859241177,0.24484451859241171,0.0354046196427431,-8.57142857142857e-07
synthetic,10,0.1,Timoshenko,amplitudes,two_selected,0.5;1.0,0.0,flexible,200,2,identified,-2.220446049250313e-16,2.220446049250313e-16,0.001060660171779737,2.2285714285715688e-08
synthetic,10,0.1,Timoshenko,amplitudes,two_selected,0.5;1.0,0.0025,rigid,200,1,identified,-0.24482475791794228,0.2448252664868422,0.03541102593099769,-8.57142857142857e-07
synthetic,10,0.1,Timoshenko,amplitudes,two_selected,0.5;1.0,0.0025,flexible,200,2,identified,0.00041514440629722703,0.0056366585562957535,0.0012058222431983537,2.3233224464806473e-08
synthetic,10,0.1,Timoshenko,amplitudes,two_selected,0.5;1.0,0.01,rigid,200,1,identified,-0.24488018556616184,0.24488779418061796,0.03539741987318756,-8.57142857142857e-07
synthetic,10,0.1,Timoshenko,amplitudes,two_selected,0.5;1.0,0.01,flexible,200,2,identified,0.0014464536562152274,0.020409619762935708,0.0023449133419458376,2.528456453903084e-08
synthetic,10,0.1,Timoshenko,amplitudes,two_selected,0.5;1.0,0.03,rigid,200,1,identified,-0.24462291003000697,0.24468319334537666,0.035504170435740855,-8.57142857142857e-07
synthetic,10,0.1,Timoshenko,amplitudes,two_selected,0.5;1.0,0.03,flexible,200,2,identified,0.005265763421153933,0.06566132763984736,0.00693911159206578,2.4390878096793698e-08
synthetic,10,0.1,Timoshenko,amplitudes,four,0.25;0.5;0.75;1.0,0.0,rigid,200,1,identified,-0.25251740356219904,0.2525174035621991,0.030226539849580007,-8.57142857142857e-07
synthetic,10,0.1,Timoshenko,amplitudes,four,0.25;0.5;0.75;1.0,0.0,flexible,200,2,identified,-6.661338147750939e-16,6.661338147750939e-16,0.0009185586535437293,2.228571428571251e-08
synthetic,10,0.1,Timoshenko,amplitudes,four,0.25;0.5;0.75;1.0,0.0025,rigid,200,1,identified,-0.2525373893613093,0.2525376743877963,0.030221419309526657,-8.57142857142857e-07
synthetic,10,0.1,Timoshenko,amplitudes,four,0.25;0.5;0.75;1.0,0.0025,flexible,200,2,identified,-0.0009622931760444281,0.004048161347785172,0.0010415267435766324,1.983192068643182e-08
synthetic,10,0.1,Timoshenko,amplitudes,four,0.25;0.5;0.75;1.0,0.01,rigid,200,1,identified,-0.2525230238017728,0.2525279583172639,0.030227367007892553,-8.57142857142857e-07
synthetic,10,0.1,Timoshenko,amplitudes,four,0.25;0.5;0.75;1.0,0.01,flexible,200,2,identified,0.0006333265215325596,0.015982844416768924,0.001664709674388523,2.3312857472885302e-08
synthetic,10,0.1,Timoshenko,amplitudes,four,0.25;0.5;0.75;1.0,0.03,rigid,200,1,identified,-0.2529696474462259,0.25300980718423044,0.030126572628696488,-8.57142857142857e-07
synthetic,10,0.1,Timoshenko,amplitudes,four,0.25;0.5;0.75;1.0,0.03,flexible,200,2,identified,0.0034677728276839744,0.04481088923693026,0.00413497876705115,2.839659015724521e-08
synthetic,10,0.1,Timoshenko,locations,one,1.0,0.0,rigid,200,1,identified,-0.2447693737309691,0.24476937373096905,0.04047623916723935,-8.57142857142857e-07
synthetic,10,0.1,Timoshenko,locations,one,1.0,0.0,flexible,200,2,identified,-3.1086244689504383e-15,3.1086244689504383e-15,5.701183298827023e-16,2.228571428570457e-08
synthetic,10,0.1,Timoshenko,locations,one,1.0,0.0025,rigid,200,1,identified,-0.2447454210669379,0.2447506958093105,0.040490553669837094,-8.57142857142857e-07
synthetic,10,0.1,Timoshenko,locations,one,1.0,0.0025,flexible,200,2,identified,-0.0009090512989897042,0.032863526404523884,0.004168359022761517,1.6781868095340922e-08
synthetic,10,0.1,Timoshenko,locations,one,1.0,0.01,rigid,200,1,identified,-0.2451298021040998,0.24521342801142013,0.04039165226071142,-8.57142857142857e-07
synthetic,10,0.1,Timoshenko,locations,one,1.0,0.01,flexible,200,2,identified,0.03214789289697038,0.15544173643213136,0.01682775573583982,5.685296437150962e-08
synthetic,10,0.1,Timoshenko,locations,one,1.0,0.03,rigid,200,1,identified,-0.24542587101337587,0.24603351258402942,0.040691416095547266,-8.57142857142857e-07
synthetic,10,0.1,Timoshenko,locations,one,1.0,0.03,flexible,200,2,identified,0.48175973439351905,2.8745630937351816,0.03989245552072254,1.5500349833965233e-07
synthetic,10,0.1,Timoshenko,locations,two_uniform,0.5;1.0,0.0,rigid,200,1,identified,-0.2543845333335591,0.2543845333335592,0.03240825046207379,-8.57142857142857e-07
synthetic,10,0.1,Timoshenko,locations,two_uniform,0.5;1.0,0.0,flexible,200,2,identified,0.002460004565387086,0.002460004565387086,0.0009354210935672429,2.8969513585205224e-08
synthetic,10,0.1,Timoshenko,locations,two_uniform,0.5;1.0,0.0025,rigid,200,1,identified,-0.25437332782333677,0.2543774197486936,0.03241439655366284,-8.57142857142857e-07
synthetic,10,0.1,Timoshenko,locations,two_uniform,0.5;1.0,0.0025,flexible,200,2,identified,0.0030787062585451107,0.016204729756069847,0.0018565578937829103,2.986929011391613e-08
synthetic,10,0.1,Timoshenko,locations,two_uniform,0.5;1.0,0.01,rigid,200,1,identified,-0.25516133954384584,0.25523496407580853,0.0322093976557407,-8.57142857142857e-07
synthetic,10,0.1,Timoshenko,locations,two_uniform,0.5;1.0,0.01,flexible,200,2,identified,-0.0028406866547765496,0.06204471927474392,0.005857588823938351,9.23342593853018e-09
synthetic,10,0.1,Timoshenko,locations,two_uniform,0.5;1.0,0.03,rigid,200,1,identified,-0.2528316729336299,0.25338966629501436,0.03323895385531925,-8.57142857142857e-07
synthetic,10,0.1,Timoshenko,locations,two_uniform,0.5;1.0,0.03,flexible,200,2,identified,0.0476123453455787,0.214344610156103,0.016563144765838096,4.919505891608258e-08
synthetic,10,0.1,Timoshenko,locations,two_selected,0.5;1.0,0.0,rigid,200,1,identified,-0.2543845333335591,0.2543845333335592,0.03240825046207379,-8.57142857142857e-07
synthetic,10,0.1,Timoshenko,locations,two_selected,0.5;1.0,0.0,flexible,200,2,identified,0.002460004565387086,0.002460004565387086,0.0009354210935672429,2.8969513585205224e-08
synthetic,10,0.1,Timoshenko,locations,two_selected,0.5;1.0,0.0025,rigid,200,1,identified,-0.2541627000034248,0.2541667027270312,0.03248109775348735,-8.57142857142857e-07
synthetic,10,0.1,Timoshenko,locations,two_selected,0.5;1.0,0.0025,flexible,200,2,identified,0.002916443996845726,0.015897622608901235,0.0017701645646929641,2.8500215189594054e-08
synthetic,10,0.1,Timoshenko,locations,two_selected,0.5;1.0,0.01,rigid,200,1,identified,-0.25499277745960935,0.25506666333683936,0.032262919914124756,-8.57142857142857e-07
synthetic,10,0.1,Timoshenko,locations,two_selected,0.5;1.0,0.01,flexible,200,2,identified,0.008598909243123851,0.06560642451665823,0.00597725294875342,3.723240153275511e-08
synthetic,10,0.1,Timoshenko,locations,two_selected,0.5;1.0,0.03,rigid,200,1,identified,-0.2527672535300949,0.25341784288153446,0.033315525338301594,-8.57142857142857e-07
synthetic,10,0.1,Timoshenko,locations,two_selected,0.5;1.0,0.03,flexible,200,2,identified,0.04968587297233858,0.22303981565874903,0.01726903447101228,4.6148255034717746e-08
synthetic,10,0.1,Timoshenko,locations,four,0.25;0.5;0.75;1.0,0.0,rigid,200,1,identified,-0.2618060816833055,0.26180608168330555,0.027766905817450338,-8.57142857142857e-07
synthetic,10,0.1,Timoshenko,locations,four,0.25;0.5;0.75;1.0,0.0,flexible,200,2,identified,0.002908696036535874,0.002908696036535874,0.0007338026446508782,3.048605197621095e-08
synthetic,10,0.1,Timoshenko,locations,four,0.25;0.5;0.75;1.0,0.0025,rigid,200,1,identified,-0.2618162408881009,0.26181871607036444,0.027765619981569834,-8.57142857142857e-07
synthetic,10,0.1,Timoshenko,locations,four,0.25;0.5;0.75;1.0,0.0025,flexible,200,2,identified,0.0033667820893631263,0.01305805135291604,0.001203980920466213,3.1278254800978375e-08
synthetic,10,0.1,Timoshenko,locations,four,0.25;0.5;0.75;1.0,0.01,rigid,200,1,identified,-0.26220114894459584,0.26224479641045617,0.027686908413670996,-8.57142857142857e-07
synthetic,10,0.1,Timoshenko,locations,four,0.25;0.5;0.75;1.0,0.01,flexible,200,2,identified,0.0018114883275045695,0.04510754091362614,0.003874348537651347,2.473929363142886e-08
synthetic,10,0.1,Timoshenko,locations,four,0.25;0.5;0.75;1.0,0.03,rigid,200,1,identified,-0.26054417777669064,0.2609857965899411,0.02834896227514487,-8.57142857142857e-07
synthetic,10,0.1,Timoshenko,locations,four,0.25;0.5;0.75;1.0,0.03,flexible,200,2,identified,0.014079625742580669,0.15629104840080674,0.012088128769373907,-8.784859023767162e-10
synthetic,20,0.0,Euler-Bernoulli,single,one,1.0,0.0,rigid,200,1,identified,2.220446049250313e-16,2.220446049250313e-16,3.705769144237565e-17,-0.0
synthetic,20,0.0,Euler-Bernoulli,single,one,1.0,0.0,flexible,200,1,unidentifiable,,,,
synthetic,20,0.0,Euler-Bernoulli,single,one,1.0,0.0025,rigid,200,1,identified,-6.368501547324379e-05,0.002750511086535435,0.0008605027985453764,-0.0
synthetic,20,0.0,Euler-Bernoulli,single,one,1.0,0.0025,flexible,200,1,unidentifiable,,,,
synthetic,20,0.0,Euler-Bernoulli,single,one,1.0,0.01,rigid,200,1,identified,0.0013752842780795733,0.010646067436640278,0.003316435148552307,-0.0
synthetic,20,0.0,Euler-Bernoulli,single,one,1.0,0.01,flexible,200,1,unidentifiable,,,,
synthetic,20,0.0,Euler-Bernoulli,single,one,1.0,0.03,rigid,200,1,identified,-0.00016079415593601542,0.02792243335940072,0.008758547041281876,-0.0
synthetic,20,0.0,Euler-Bernoulli,single,one,1.0,0.03,flexible,200,1,unidentifiable,,,,
synthetic,20,0.0,Euler-Bernoulli,single,two_uniform,0.5;1.0,0.0,rigid,200,1,identified,2.220446049250313e-16,2.220446049250313e-16,2.929667744640936e-17,-0.0
synthetic,20,0.0,Euler-Bernoulli,single,two_uniform,0.5;1.0,0.0,flexible,200,2,identified,2.220446049250313e-16,2.220446049250313e-16,2.929667744640936e-17,0.0
synthetic,20,0.0,Euler-Bernoulli,single,two_uniform,0.5;1.0,0.0025,rigid,200,1,identified,0.00027296130085377126,0.002351788460630408,0.0005593848525968628,-0.0
synthetic,20,0.0,Euler-Bernoulli,single,two_uniform,0.5;1.0,0.0025,flexible,200,2,identified,0.005550962560155468,0.01008720651823318,0.0013878761890863476,1.1248684832190639e-07
synthetic,20,0.0,Euler-Bernoulli,single,two_uniform,0.5;1.0,0.01,rigid,200,1,identified,0.0007258137736386188,0.008760563126721235,0.00207727722863129,-0.0
synthetic,20,0.0,Euler-Bernoulli,single,two_uniform,0.5;1.0,0.01,flexible,200,2,identified,0.029068104597356363,0.05003575737103473,0.006318625334261638,5.676926869138089e-07
synthetic,20,0.0,Euler-Bernoulli,single,two_uniform,0.5;1.0,0.03,rigid,200,1,identified,0.0018301734575207934,0.02634598115271471,0.006235082544626684,-0.0
synthetic,20,0.0,Euler-Bernoulli,single,two_uniform,0.5;1.0,0.03,flexible,200,2,identified,0.09448595713787789,0.17686344409815946,0.017649200911628464,1.5437435021870287e-06
synthetic,20,0.0,Euler-Bernoulli,single,two_selected,0.5;1.0,0.0,rigid,200,1,identified,2.220446049250313e-16,2.220446049250313e-16,2.929667744640936e-17,-0.0
synthetic,20,0.0,Euler-Bernoulli,single,two_selected,0.5;1.0,0.0,flexible,200,2,identified,2.220446049250313e-16,2.220446049250313e-16,2.929667744640936e-17,0.0
synthetic,20,0.0,Euler-Bernoulli,single,two_selected,0.5;1.0,0.0025,rigid,200,1,identified,4.8855190511709616e-06,0.00245015278051026,0.0005830240724398567,-0.0
synthetic,20,0.0,Euler-Bernoulli,single,two_selected,0.5;1.0,0.0025,flexible,200,2,identified,0.005192284031060214,0.01002990452285542,0.0015314208163363019,1.1055793609699408e-07
synthetic,20,0.0,Euler-Bernoulli,single,two_selected,0.5;1.0,0.01,rigid,200,1,identified,0.00026853546652911344,0.009615295827983594,0.0022848106364876746,-0.0
synthetic,20,0.0,Euler-Bernoulli,single,two_selected,0.5;1.0,0.01,flexible,200,2,identified,0.02408388820985714,0.04140885034281809,0.005645492178402703,4.844063755188496e-07
synthetic,20,0.0,Euler-Bernoulli,single,two_selected,0.5;1.0,0.03,rigid,200,1,identified,-0.0006526803996960262,0.02841286876587652,0.006731878955487694,-0.0
synthetic,20,0.0,Euler-Bernoulli,single,two_selected,0.5;1.0,0.03,flexible,200,2,identified,0.08564588028698904,0.18070666683478565,0.017791148677675905,1.4283136417138228e-06
synthetic,20,0.0,Euler-Bernoulli,single,four,0.25;0.5;0.75;1.0,0.0,rigid,200,1,identified,2.220446049250313e-16,2.220446049250313e-16,2.7889606023441766e-17,-0.0
synthetic,20,0.0,Euler-Bernoulli,single,four,0.25;0.5;0.75;1.0,0.0,flexible,200,2,identified,2.220446049250313e-16,2.220446049250313e-16,2.7889606023441766e-17,0.0
synthetic,20,0.0,Euler-Bernoulli,single,four,0.25;0.5;0.75;1.0,0.0025,rigid,200,1,identified,6.251706402620793e-05,0.0020368268080943556,0.0004104262509045489,-0.0
synthetic,20,0.0,Euler-Bernoulli,single,four,0.25;0.5;0.75;1.0,0.0025,flexible,200,2,identified,0.005327066142413168,0.009447853556103954,0.0011538594599323233,1.0790366925018143e-07
synthetic,20,0.0,Euler-Bernoulli,single,four,0.25;0.5;0.75;1.0,0.01,rigid,200,1,identified,-0.0005524432423959141,0.008205362474477392,0.0016558489146152133,-0.0
synthetic,20,0.0,Euler-Bernoulli,single,four,0.25;0.5;0.75;1.0,0.01,flexible,200,2,identified,0.017970168016270893,0.033560728761360625,0.003854423845101527,3.652641915830539e-07
synthetic,20,0.0,Euler-Bernoulli,single,four,0.25;0.5;0.75;1.0,0.03,rigid,200,1,identified,0.000563456994051062,0.022150326768485027,0.004443247275480417,-0.0
synthetic,20,0.0,Euler-Bernoulli,single,four,0.25;0.5;0.75;1.0,0.03,flexible,200,2,identified,0.06414873159609068,0.12831118482823695,0.011358035279195355,1.0733234447007106e-06
synthetic,20,0.0,Euler-Bernoulli,amplitudes,one,1.0,0.0,rigid,200,1,identified,-2.220446049250313e-16,2.220446049250313e-16,7.41153828847513e-17,-0.0
synthetic,20,0.0,Euler-Bernoulli,amplitudes,one,1.0,0.0,flexible,200,1,unidentifiable,,,,
synthetic,20,0.0,Euler-Bernoulli,amplitudes,one,1.0,0.0025,rigid,200,1,identified,-2.4456314479287532e-05,0.0006798924248992951,0.0002124946593514624,-0.0
synthetic,20,0.0,Euler-Bernoulli,amplitudes,one,1.0,0.0025,flexible,200,1,unidentifiable,,,,
synthetic,20,0.0,Euler-Bernoulli,amplitudes,one,1.0,0.01,rigid,200,1,identified,-4.850151723044982e-05,0.00226260683718775,0.0007073350077491787,-0.0
synthetic,20,0.0,Euler-Bernoulli,amplitudes,one,1.0,0.01,flexible,200,1,unidentifiable,,,,
synthetic,20,0.0,Euler-Bernoulli,amplitudes,one,1.0,0.03,rigid,200,1,identified,-0.0015386983045504376,0.008038737274707844,0.0025208894797244916,-0.0
synthetic,20,0.0,Euler-Bernoulli,amplitudes,one,1.0,0.03,flexible,200,1,unidentifiable,,,,
synthetic,20,0.0,Euler-Bernoulli,amplitudes,two_uniform,0.5;1.0,0.0,rigid,200,1,identified,0.0,0.0,0.0,-0.0
synthetic,20,0.0,Euler-Bernoulli,amplitudes,two_uniform,0.5;1.0,0.0,flexible,200,2,identified,0.0,0.0,0.0,0.0
synthetic,20,0.0,Euler-Bernoulli,amplitudes,two_uniform,0.5;1.0,0.0025,rigid,200,1,identified,-7.0179301798500845e-06,0.0006238771141618961,0.00014849333130912567,-0.0
synthetic,20,0.0,Euler-Bernoulli,amplitudes,two_uniform,0.5;1.0,0.0025,flexible,200,2,identified,0.0014419700195051415,0.002748580097398017,0.0004064751797236887,3.128692511085411e-08
synthetic,20,0.0,Euler-Bernoulli,amplitudes,two_uniform,0.5;1.0,0.01,rigid,200,1,identified,2.5035561059694733e-05,0.0025239622984758433,0.0006002504005861885,-0.0
synthetic,20,0.0,Euler-Bernoulli,amplitudes,two_uniform,0.5;1.0,0.01,flexible,200,2,identified,0.007026912451677132,0.012193834106751924,0.0017627812581005535,1.4892692657905945e-07
synthetic,20,0.0,Euler-Bernoulli,amplitudes,two_uniform,0.5;1.0,0.03,rigid,200,1,identified,-0.0005623900882714445,0.008097247363843263,0.0019313761054608352,-0.0
synthetic,20,0.0,Euler-Bernoulli,amplitudes,two_uniform,0.5;1.0,0.03,flexible,200,2,identified,0.021061973720830296,0.03931748416592697,0.005434990173362647,4.3985064644843197e-07
synthetic,20,0.0,Euler-Bernoulli,amplitudes,two_selected,0.5;1.0,0.0,rigid,200,1,identified,0.0,0.0,0.0,-0.0
synthetic,20,0.0,Euler-Bernoulli,amplitudes,two_selected,0.5;1.0,0.0,flexible,200,2,identified,0.0,0.0,0.0,0.0
synthetic,20,0.0,Euler-Bernoulli,amplitudes,two_selected,0.5;1.0,0.0025,rigid,200,1,identified,4.080706169859061e-05,0.0006191391549404245,0.0001473381123711703,-0.0
synthetic,20,0.0,Euler-Bernoulli,amplitudes,two_selected,0.5;1.0,0.0025,flexible,200,2,identified,0.0014218201834012467,0.0027534326114340233,0.0003791835705159884,2.981130769156388e-08
synthetic,20,0.0,Euler-Bernoulli,amplitudes,two_selected,0.5;1.0,0.01,rigid,200,1,identified,4.574019481169034e-05,0.0026451822877239344,0.0006301687960035536,-0.0
synthetic,20,0.0,Euler-Bernoulli,amplitudes,two_selected,0.5;1.0,0.01,flexible,200,2,identified,0.006313555979763583,0.011562779563766412,0.0016654980301515955,1.3332606404933375e-07
synthetic,20,0.0,Euler-Bernoulli,amplitudes,two_selected,0.5;1.0,0.03,rigid,200,1,identified,-0.0001767863101651118,0.0074806037054589835,0.001780877301927753,-0.0
synthetic,20,0.0,Euler-Bernoulli,amplitudes,two_selected,0.5;1.0,0.03,flexible,200,2,identified,0.019120239730214802,0.03503345513788707,0.004749035935220417,3.950763680845021e-07
synthetic,20,0.0,Euler-Bernoulli,amplitudes,four,0.25;0.5;0.75;1.0,0.0,rigid,200,1,identified,0.0,0.0,0.0,-0.0
synthetic,20,0.0,Euler-Bernoulli,amplitudes,four,0.25;0.5;0.75;1.0,0.0,flexible,200,2,identified,0.0,0.0,0.0,0.0
synthetic,20,0.0,Euler-Bernoulli,amplitudes,four,0.25;0.5;0.75;1.0,0.0025,rigid,200,1,identified,-6.938887350546263e-05,0.0005448826029988556,0.0001099079664510023,-0.0
synthetic,20,0.0,Euler-Bernoulli,amplitudes,four,0.25;0.5;0.75;1.0,0.0025,flexible,200,2,identified,0.001050756737786674,0.002118692039052759,0.0002498750144628658,2.3240991597164547e-08
synthetic,20,0.0,Euler-Bernoulli,amplitudes,four,0.25;0.5;0.75;1.0,0.01,rigid,200,1,identified,5.901209411876496e-05,0.0020620997323981113,0.00041576346683427657,-0.0
synthetic,20,0.0,Euler-Bernoulli,amplitudes,four,0.25;0.5;0.75;1.0,0.01,flexible,200,2,identified,0.005043144063197911,0.008966254407862445,0.001070905151171373,1.0224169743611562e-07
synthetic,20,0.0,Euler-Bernoulli,amplitudes,four,0.25;0.5;0.75;1.0,0.03,rigid,200,1,identified,0.0004504121829442054,0.006768931955444238,0.0013635422857994248,-0.0
synthetic,20,0.0,Euler-Bernoulli,amplitudes,four,0.25;0.5;0.75;1.0,0.03,flexible,200,2,identified,0.016169751873095,0.02959331706180037,0.003239174813246631,3.1117265906337994e-07
synthetic,20,0.0,Euler-Bernoulli,locations,one,1.0,0.0,rigid,200,1,identified,2.220446049250313e-16,2.220446049250313e-16,3.705769144237565e-17,-0.0
synthetic,20,0.0,Euler-Bernoulli,locations,one,1.0,0.0,flexible,200,2,identified,2.220446049250313e-16,2.220446049250313e-16,3.705769144237565e-17,0.0
synthetic,20,0.0,Euler-Bernoulli,locations,one,1.0,0.0025,rigid,200,1,identified,-1.9003037019054147e-05,0.0021539454148217516,0.000672779635834764,-0.0
synthetic,20,0.0,Euler-Bernoulli,locations,one,1.0,0.0025,flexible,200,2,identified,0.01041490246769043,0.01993238121736767,0.003136009186820661,2.18369329370759e-07
synthetic,20,0.0,Euler-Bernoulli,locations,one,1.0,0.01,rigid,200,1,identified,-0.0004378645111119089,0.008544236980273661,0.0026752695311890017,-0.0
synthetic,20,0.0,Euler-Bernoulli,locations,one,1.0,0.01,flexible,200,2,identified,0.05859146040782167,0.107863652234644,0.014362380044498245,1.0824682287497867e-06
synthetic,20,0.0,Euler-Bernoulli,locations,one,1.0,0.03,rigid,200,1,identified,-0.0020688500238261413,0.024148877122833482,0.007558091385076821,-0.0
synthetic,20,0.0,Euler-Bernoulli,locations,one,1.0,0.03,flexible,200,2,identified,5000000000.582844,70710678118.58405,0.04006707310873392,2.6789723058369917e-06
synthetic,20,0.0,Euler-Bernoulli,locations,two_uniform,0.5;1.0,0.0,rigid,200,1,identified,2.220446049250313e-16,2.220446049250313e-16,2.929667744640936e-17,-0.0
synthetic,20,0.0,Euler-Bernoulli,locations,two_uniform,0.5;1.0,0.0,flexible,200,2,identified,0.0,0.0,0.0,0.0
synthetic,20,0.0,Euler-Bernoulli,locations,two_uniform,0.5;1.0,0.0025,rigid,200,1,identified,-7.212892401708581e-05,0.002007845640960175,0.0004779650605295528,-0.0
synthetic,20,0.0,Euler-Bernoulli,locations,two_uniform,0.5;1.0,0.0025,flexible,200,2,identified,0.004885986279462833,0.008780269514618952,0.0010734070829217152,1.0080628850981425e-07
synthetic,20,0.0,Euler-Bernoulli,locations,two_uniform,0.5;1.0,0.01,rigid,200,1,identified,0.00019981182293975385,0.00834460490298691,0.001986012665228777,-0.0
synthetic,20,0.0,Euler-Bernoulli,locations,two_uniform,0.5;1.0,0.01,flexible,200,2,identified,0.01729772170943867,0.03229582015777533,0.004133042829902411,3.3409624022449944e-07
synthetic,20,0.0,Euler-Bernoulli,locations,two_uniform,0.5;1.0,0.03,rigid,200,1,identified,0.003020286449800612,0.024085822405801708,0.005718002817782937,-0.0
synthetic,20,0.0,Euler-Bernoulli,locations,two_uniform,0.5;1.0,0.03,flexible,200,2,identified,0.07100900654404857,0.12004520778383967,0.012831869832829277,1.173489126940108e-06
synthetic,20,0.0,Euler-Bernoulli,locations,two_selected,0.5;1.0,0.0,rigid,200,1,identified,2.220446049250313e-16,2.220446049250313e-16,2.929667744640936e-17,-0.0
synthetic,20,0.0,Euler-Bernoulli,locations,two_selected,0.5;1.0,0.0,flexible,200,2,identified,0.0,0.0,0.0,0.0
synthetic,20,0.0,Euler-Bernoulli,locations,two_selected,0.5;1.0,0.0025,rigid,200,1,identified,6.349845848819036e-05,0.0018800792001645989,0.0004473797402817611,-0.0
synthetic,20,0.0,Euler-Bernoulli,locations,two_selected,0.5;1.0,0.0025,flexible,200,2,identified,0.004842801805846099,0.008341027874594769,0.0011077580546323123,9.72595719292504e-08
synthetic,20,0.0,Euler-Bernoulli,locations,two_selected,0.5;1.0,0.01,rigid,200,1,identified,-0.0006127723551847463,0.0077400954882002534,0.0018446546399772145,-0.0
synthetic,20,0.0,Euler-Bernoulli,locations,two_selected,0.5;1.0,0.01,flexible,200,2,identified,0.01946137785703223,0.03690291126857791,0.004737565190241197,3.8940838479998334e-07
synthetic,20,0.0,Euler-Bernoulli,locations,two_selected,0.5;1.0,0.03,rigid,200,1,identified,-0.0004221207016770767,0.02461127480699344,0.005845172443119727,-0.0
synthetic,20,0.0,Euler-Bernoulli,locations,two_selected,0.5;1.0,0.03,flexible,200,2,identified,0.06610864851058978,0.14400094889163587,0.013300177886806718,1.0853761505099372e-06
synthetic,20,0.0,Euler-Bernoulli,locations,four,0.25;0.5;0.75;1.0,0.0,rigid,200,1,identified,2.220446049250313e-16,2.220446049250313e-16,2.7889606023441766e-17,-0.0
synthetic,20,0.0,Euler-Bernoulli,locations,four,0.25;0.5;0.75;1.0,0.0,flexible,200,2,identified,-2.220446049250313e-16,2.220446049250313e-16,4.270687921720306e-17,0.0
synthetic,20,0.0,Euler-Bernoulli,locations,four,0.25;0.5;0.75;1.0,0.0025,rigid,200,1,identified,0.00015239604078628178,0.0017397827252288662,0.00035050358209773113,-0.0
synthetic,20,0.0,Euler-Bernoulli,locations,four,0.25;0.5;0.75;1.0,0.0025,flexible,200,2,identified,0.0037891105258406037,0.006773318308154938,0.0007405467991493409,7.13866828189132e-08
synthetic,20,0.0,Euler-Bernoulli,locations,four,0.25;0.5;0.75;1.0,0.01,rigid,200,1,identified,0.0005175547901861144,0.006323713685940783,0.0012734389912894579,-0.0
synthetic,20,0.0,Euler-Bernoulli,locations,four,0.25;0.5;0.75;1.0,0.01,flexible,200,2,identified,0.013863595302882458,0.026574695858432706,0.0026728082113679054,2.5259558051688045e-07
synthetic,20,0.0,Euler-Bernoulli,locations,four,0.25;0.5;0.75;1.0,0.03,rigid,200,1,identified,0.0025575648986760585,0.020795545815354213,0.0041908343302357745,-0.0
synthetic,20,0.0,Euler-Bernoulli,locations,four,0.25;0.5;0.75;1.0,0.03,flexible,200,2,identified,0.05566376132266541,0.10791887413712406,0.009136969532320953,8.84648054140223e-07
synthetic,20,0.0,Timoshenko,single,one,1.0,0.0,rigid,200,1,identified,-0.0019462049004442816,0.0019462049004442816,0.0003656249999999918,-0.0
synthetic,20,0.0,Timoshenko,single,one,1.0,0.0,flexible,200,1,unidentifiable,,,,
synthetic,20,0.0,Timoshenko,single,one,1.0,0.0025,rigid,200,1,identified,-0.0019707328310965594,0.0032540355140880275,0.0008865694591953097,-0.0
synthetic,20,0.0,Timoshenko,single,one,1.0,0.0025,flexible,200,1,unidentifiable,,,,
synthetic,20,0.0,Timoshenko,single,one,1.0,0.01,rigid,200,1,identified,-0.0021868888328566123,0.010731842225060795,0.0033142367634682005,-0.0
synthetic,20,0.0,Timoshenko,single,one,1.0,0.01,flexible,200,1,unidentifiable,,,,
synthetic,20,0.0,Timoshenko,single,one,1.0,0.03,rigid,200,1,identified,-0.0016434060932450517,0.027805137780886172,0.008701992904357997,-0.0
synthetic,20,0.0,Timoshenko,single,one,1.0,0.03,flexible,200,1,unidentifiable,,,,
synthetic,20,0.0,Timoshenko,single,two_uniform,0.5;1.0,0.0,rigid,200,1,identified,-0.0020498818796407248,0.002049881879640725,0.0005598300860193759,-0.0
synthetic,20,0.0,Timoshenko,single,two_uniform,0.5;1.0,0.0,flexible,200,2,identified,-8.881784197001252e-16,8.881784197001252e-16,0.0003447145558284866,4.4571428571412417e-08
synthetic,20,0.0,Timoshenko,single,two_uniform,0.5;1.0,0.0025,rigid,200,1,identified,-0.0021208260596160627,0.0031486320740270507,0.0007799842220996119,-0.0
synthetic,20,0.0,Timoshenko,single,two_uniform,0.5;1.0,0.0025,flexible,200,2,identified,0.00543526694833195,0.011420486200594028,0.0015580978899360938,1.614136218293169e-07
synthetic,20,0.0,Timoshenko,single,two_uniform,0.5;1.0,0.01,rigid,200,1,identified,-0.0025072119800905184,0.009463519330431778,0.002234275640293299,-0.0
synthetic,20,0.0,Timoshenko,single,two_uniform,0.5;1.0,0.01,flexible,200,2,identified,0.021902343694094592,0.04402846609753102,0.005909251301036773,4.932896341484804e-07
synthetic,20,0.0,Timoshenko,single,two_uniform,0.5;1.0,0.03,rigid,200,1,identified,-0.0024797064944552384,0.02940197671922544,0.00696891592197198,-0.0
synthetic,20,0.0,Timoshenko,single,two_uniform,0.5;1.0,0.03,flexible,200,2,identified,0.10959124528848861,0.2732376818935391,0.02050187889248937,1.6985731928043741e-06
synthetic,20,0.0,Timoshenko,single,two_selected,0.5;1.0,0.0,rigid,200,1,identified,-0.0020498818796407248,0.002049881879640725,0.0005598300860193759,-0.0
synthetic,20,0.0,Timoshenko,single,two_selected,0.5;1.0,0.0,flexible,200,2,identified,-8.881784197001252e-16,8.881784197001252e-16,0.0003447145558284866,4.4571428571412417e-08
synthetic,20,0.0,Timoshenko,single,two_selected,0.5;1.0,0.0025,rigid,200,1,identified,-0.0020968750376266837,0.003105955189128684,0.0007766765718996667,-0.0
synthetic,20,0.0,Timoshenko,single,two_selected,0.5;1.0,0.0025,flexible,200,2,identified,0.004957756110204728,0.011261438154483423,0.001501034727887472,1.5060257202954647e-07
synthetic,20,0.0,Timoshenko,single,two_selected,0.5;1.0,0.01,rigid,200,1,identified,-0.0018635385880215998,0.010284718198954634,0.002485610053809948,-0.0
synthetic,20,0.0,Timoshenko,single,two_selected,0.5;1.0,0.01,flexible,200,2,identified,0.02543534849411861,0.04929786022274307,0.0064992462798855975,5.470413407079298e-07
synthetic,20,0.0,Timoshenko,single,two_selected,0.5;1.0,0.03,rigid,200,1,identified,-0.0023111659203409623,0.031069500437023535,0.0073940067083631605,-0.0
synthetic,20,0.0,Timoshenko,single,two_selected,0.5;1.0,0.03,flexible,200,2,identified,0.10017813020801265,0.19539147372121476,0.019489840726031864,1.7081750795933202e-06
synthetic,20,0.0,Timoshenko,single,four,0.25;0.5;0.75;1.0,0.0,rigid,200,1,identified,-0.0021356384817275975,0.0021356384817275975,0.0005035568015932622,-0.0
synthetic,20,0.0,Timoshenko,single,four,0.25;0.5;0.75;1.0,0.0,flexible,200,2,identified,-6.661338147750939e-16,6.661338147750939e-16,0.00029853156240174897,4.457142857141516e-08
synthetic,20,0.0,Timoshenko,single,four,0.25;0.5;0.75;1.0,0.0025,rigid,200,1,identified,-0.0021692198057020147,0.002944899777123827,0.0006406900670638344,-0.0
synthetic,20,0.0,Timoshenko,single,four,0.25;0.5;0.75;1.0,0.0025,flexible,200,2,identified,0.0036223318431234815,0.008699843799730898,0.0009855722545561321,1.1924817001660917e-07
synthetic,20,0.0,Timoshenko,single,four,0.25;0.5;0.75;1.0,0.01,rigid,200,1,identified,-0.0022215449952714345,0.008674530155743918,0.0017652752283237984,-0.0
synthetic,20,0.0,Timoshenko,single,four,0.25;0.5;0.75;1.0,0.01,flexible,200,2,identified,0.014649156021503944,0.030219157701283226,0.003283612682242755,3.350327441799723e-07
synthetic,20,0.0,Timoshenko,single,four,0.25;0.5;0.75;1.0,0.03,rigid,200,1,identified,-0.0002513324952274781,0.022927433846300804,0.004686030367443255,-0.0
synthetic,20,0.0,Timoshenko,single,four,0.25;0.5;0.75;1.0,0.03,flexible,200,2,identified,0.054762753003968004,0.10029801553690211,0.00986839894140559,9.825284414525482e-07
synthetic,20,0.0,Timoshenko,amplitudes,one,1.0,0.0,rigid,200,1,identified,-0.0019462049004442816,0.0019462049004442816,0.0003656249999999918,-0.0
synthetic,20,0.0,Timoshenko,amplitudes,one,1.0,0.0,flexible,200,1,unidentifiable,,,,
synthetic,20,0.0,Timoshenko,amplitudes,one,1.0,0.0025,rigid,200,1,identified,-0.0019929298149934447,0.002098995184618796,0.00040719101506077495,-0.0
synthetic,20,0.0,Timoshenko,amplitudes,one,1.0,0.0025,flexible,200,1,unidentifiable,,,,
synthetic,20,0.0,Timoshenko,amplitudes,one,1.0,0.01,rigid,200,1,identified,-0.0017748464622746613,0.003244043857570955,0.0009485997455469247,-0.0
synthetic,20,0.0,Timoshenko,amplitudes,one,1.0,0.01,flexible,200,1,unidentifiable,,,,
synthetic,20,0.0,Timoshenko,amplitudes,one,1.0,0.03,rigid,200,1,identified,-0.0010309497445043525,0.008156327703491074,0.00261045805028272,-0.0
synthetic,20,0.0,Timoshenko,amplitudes,one,1.0,0.03,flexible,200,1,unidentifiable,,,,
synthetic,20,0.0,Timoshenko,amplitudes,two_uniform,0.5;1.0,0.0,rigid,200,1,identified,-0.002049881879640947,0.002049881879640947,0.0005598300860193418,-0.0
synthetic,20,0.0,Timoshenko,amplitudes,two_uniform,0.5;1.0,0.0,flexible,200,2,identified,0.0,0.0,0.00034471455582832947,4.457142857144245e-08
synthetic,20,0.0,Timoshenko,amplitudes,two_uniform,0.5;1.0,0.0025,rigid,200,1,identified,-0.0021150990370193594,0.00218771201868639,0.0005645693389441877,-0.0
synthetic,20,0.0,Timoshenko,amplitudes,two_uniform,0.5;1.0,0.0025,flexible,200,2,identified,0.001041215723002119,0.0034455580012010046,0.0005466587313073814,6.833622754018371e-08
synthetic,20,0.0,Timoshenko,amplitudes,two_uniform,0.5;1.0,0.01,rigid,200,1,identified,-0.0020900815383254755,0.003330303523560239,0.000829810269882486,-0.0
synthetic,20,0.0,Timoshenko,amplitudes,two_uniform,0.5;1.0,0.01,flexible,200,2,identified,0.005006891627303682,0.011393366528775482,0.0015131746309680896,1.51488994084545e-07
synthetic,20,0.0,Timoshenko,amplitudes,two_uniform,0.5;1.0,0.03,rigid,200,1,identified,-0.0021262654357269177,0.008482533093231175,0.002032691109837631,-0.0
synthetic,20,0.0,Timoshenko,amplitudes,two_uniform,0.5;1.0,0.03,flexible,200,2,identified,0.016393722848223206,0.03352437398042424,0.004431950265291056,3.808833886315683e-07
synthetic,20,0.0,Timoshenko,amplitudes,two_selected,0.5;1.0,0.0,rigid,200,1,identified,-0.002049881879640947,0.002049881879640947,0.0005598300860193418,-0.0
synthetic,20,0.0,Timoshenko,amplitudes,two_selected,0.5;1.0,0.0,flexible,200,2,identified,0.0,0.0,0.00034471455582832947,4.457142857144245e-08
synthetic,20,0.0,Timoshenko,amplitudes,two_selected,0.5;1.0,0.0025,rigid,200,1,identified,-0.002101548042215397,0.002199361610598746,0.0005722358401787178,-0.0
synthetic,20,0.0,Timoshenko,amplitudes,two_selected,0.5;1.0,0.0025,flexible,200,2,identified,0.0008938034706602444,0.0030402317061155406,0.0005296059228310101,6.490118437210586e-08
synthetic,20,0.0,Timoshenko,amplitudes,two_selected,0.5;1.0,0.01,rigid,200,1,identified,-0.0024101142935215696,0.003445035955523074,0.0007722421252776133,-0.0
synthetic,20,0.0,Timoshenko,amplitudes,two_selected,0.5;1.0,0.01,flexible,200,2,identified,0.003940174209752768,0.01040996256592922,0.001407905125802914,1.3575107453492535e-07
synthetic,20,0.0,Timoshenko,amplitudes,two_selected,0.5;1.0,0.03,rigid,200,1,identified,-0.0016146052978675196,0.008357218729304134,0.0020596826878402255,-0.0
synthetic,20,0.0,Timoshenko,amplitudes,two_selected,0.5;1.0,0.03,flexible,200,2,identified,0.01944934926105142,0.03565482672827723,0.004926551012969601,4.3301175257602834e-07
synthetic,20,0.0,Timoshenko,amplitudes,four,0.25;0.5;0.75;1.0,0.0,rigid,200,1,identified,-0.0021356384817275975,0.0021356384817275975,0.0005035568015932622,-0.0
synthetic,20,0.0,Timoshenko,amplitudes,four,0.25;0.5;0.75;1.0,0.0,flexible,200,2,identified,0.0,0.0,0.0002985315624017707,4.457142857142069e-08
synthetic,20,0.0,Timoshenko,amplitudes,four,0.25;0.5;0.75;1.0,0.0025,rigid,200,1,identified,-0.002131074860380514,0.0021957123500836186,0.000515469416493028,-0.0
synthetic,20,0.0,Timoshenko,amplitudes,four,0.25;0.5;0.75;1.0,0.0025,flexible,200,2,identified,0.0006674763228363972,0.0027340072297750697,0.00040272345490155714,5.822739986564393e-08
synthetic,20,0.0,Timoshenko,amplitudes,four,0.25;0.5;0.75;1.0,0.01,rigid,200,1,identified,-0.002054685195188202,0.0030333532679842744,0.0006854222969665526,-0.0
synthetic,20,0.0,Timoshenko,amplitudes,four,0.25;0.5;0.75;1.0,0.01,flexible,200,2,identified,0.0034618332406948418,0.009027432648198434,0.0010018395284583223,1.134120998019516e-07
synthetic,20,0.0,Timoshenko,amplitudes,four,0.25;0.5;0.75;1.0,0.03,rigid,200,1,identified,-0.0027801730803450474,0.007289597403809002,0.0014266875872261694,-0.0
synthetic,20,0.0,Timoshenko,amplitudes,four,0.25;0.5;0.75;1.0,0.03,flexible,200,2,identified,0.013101515211064296,0.026006459441518453,0.0030761964246848014,3.184433469931401e-07
synthetic,20,0.0,Timoshenko,locations,one,1.0,0.0,rigid,200,1,identified,-0.0020490505613400822,0.0020490505613400822,0.0003333569405100013,-0.0
synthetic,20,0.0,Timoshenko,locations,one,1.0,0.0,flexible,200,2,identified,-1.9984014443252818e-15,1.9984014443252818e-15,4.0763460586613214e-16,4.457142857138255e-08
synthetic,20,0.0,Timoshenko,locations,one,1.0,0.0025,rigid,200,1,identified,-0.0017885244190938355,0.0028412325378753263,0.0008066115191170539,-0.0
synthetic,20,0.0,Timoshenko,locations,one,1.0,0.0025,flexible,200,2,identified,0.012296920039806118,0.022269579689119023,0.0034329381438377863,2.9564940271805813e-07
synthetic,20,0.0,Timoshenko,locations,one,1.0,0.01,rigid,200,1,identified,-0.0018862132513524045,0.008017028135337407,0.0024699592280272523,-0.0
synthetic,20,0.0,Timoshenko,locations,one,1.0,0.01,flexible,200,2,identified,0.0504564059331974,0.10388947891031923,0.01320882938396148,9.593938272110281e-07
synthetic,20,0.0,Timoshenko,locations,one,1.0,0.03,rigid,200,1,identified,-0.0010242606184828063,0.02477957200821078,0.007783503448832168,-0.0
synthetic,20,0.0,Timoshenko,locations,one,1.0,0.03,flexible,200,2,identified,0.44500244802588296,1.8478864918368898,0.04219278371833794,3.1082277975515134e-06
synthetic,20,0.0,Timoshenko,locations,two_uniform,0.5;1.0,0.0,rigid,200,1,identified,-0.0021902414654706437,0.0021902414654706437,0.000535917451720725,-0.0
synthetic,20,0.0,Timoshenko,locations,two_uniform,0.5;1.0,0.0,flexible,200,2,identified,0.0006138685517667053,0.0006138685517667052,0.0003040118554093506,5.7939027170409905e-08
synthetic,20,0.0,Timoshenko,locations,two_uniform,0.5;1.0,0.0025,rigid,200,1,identified,-0.002333905203877815,0.003123067406617625,0.0007129029447210273,-0.0
synthetic,20,0.0,Timoshenko,locations,two_uniform,0.5;1.0,0.0025,flexible,200,2,identified,0.0041226206376638016,0.0087623146860966,0.001144175216537833,1.3183701621069648e-07
synthetic,20,0.0,Timoshenko,locations,two_uniform,0.5;1.0,0.01,rigid,200,1,identified,-0.0021259061402535166,0.00838558321651097,0.0020101202332122904,-0.0
synthetic,20,0.0,Timoshenko,locations,two_uniform,0.5;1.0,0.01,flexible,200,2,identified,0.01740426040031352,0.035388922292221014,0.004327040592088412,3.8048401970762027e-07
synthetic,20,0.0,Timoshenko,locations,two_uniform,0.5;1.0,0.03,rigid,200,1,identified,-0.002675831986069672,0.025053340802360203,0.006003212794842399,-0.0
synthetic,20,0.0,Timoshenko,locations,two_uniform,0.5;1.0,0.03,flexible,200,2,identified,0.07252507299624732,0.1319608878772175,0.013337072907971221,1.2844761913288278e-06
synthetic,20,0.0,Timoshenko,locations,two_selected,0.5;1.0,0.0,rigid,200,1,identified,-0.0021902414654706437,0.0021902414654706437,0.000535917451720725,-0.0
synthetic,20,0.0,Timoshenko,locations,two_selected,0.5;1.0,0.0,flexible,200,2,identified,0.0006138685517667053,0.0006138685517667052,0.0003040118554093506,5.7939027170409905e-08
synthetic,20,0.0,Timoshenko,locations,two_selected,0.5;1.0,0.0025,rigid,200,1,identified,-0.0021132936526483542,0.0029247313231471387,0.0007309127658299475,-0.0
synthetic,20,0.0,Timoshenko,locations,two_selected,0.5;1.0,0.0025,flexible,200,2,identified,0.0033739653704482715,0.00831295015543041,0.0010198321404781521,1.1197665205047057e-07
synthetic,20,0.0,Timoshenko,locations,two_selected,0.5;1.0,0.01,rigid,200,1,identified,-0.0014287717755024415,0.008581953959780099,0.0021258171727745363,-0.0
synthetic,20,0.0,Timoshenko,locations,two_selected,0.5;1.0,0.01,flexible,200,2,identified,0.018693238516939204,0.03668469326066433,0.004002646540437761,3.9091673563756426e-07
synthetic,20,0.0,Timoshenko,locations,two_selected,0.5;1.0,0.03,rigid,200,1,identified,-0.000755308793182779,0.022663389383065762,0.005436504699560883,-0.0
synthetic,20,0.0,Timoshenko,locations,two_selected,0.5;1.0,0.03,flexible,200,2,identified,0.09689214518319833,0.17961562321699034,0.015497976559108175,1.55880228816379e-06
synthetic,20,0.0,Timoshenko,locations,four,0.25;0.5;0.75;1.0,0.0,rigid,200,1,identified,-0.002339573717214938,0.002339573717214938,0.0004727005838939881,-0.0
synthetic,20,0.0,Timoshenko,locations,four,0.25;0.5;0.75;1.0,0.0,flexible,200,2,identified,0.0007255911161314632,0.0007255911161314631,0.0002384858595115428,6.09721039524214e-08
synthetic,20,0.0,Timoshenko,locations,four,0.25;0.5;0.75;1.0,0.0025,rigid,200,1,identified,-0.00245916640111939,0.003039286048800057,0.0005812573763734397,-0.0
synthetic,20,0.0,Timoshenko,locations,four,0.25;0.5;0.75;1.0,0.0025,flexible,200,2,identified,0.002035555825500769,0.005772555280980144,0.0006949671489816858,8.879310753337555e-08
synthetic,20,0.0,Timoshenko,locations,four,0.25;0.5;0.75;1.0,0.01,rigid,200,1,identified,-0.002121503702869684,0.006776374414226776,0.001394214358941005,-0.0
synthetic,20,0.0,Timoshenko,locations,four,0.25;0.5;0.75;1.0,0.01,flexible,200,2,identified,0.016197465189753867,0.03173854792438338,0.0030119920800521075,3.460448971303216e-07
synthetic,20,0.0,Timoshenko,locations,four,0.25;0.5;0.75;1.0,0.03,rigid,200,1,identified,0.0013822706384334859,0.02296619179701405,0.0046794388525137984,-0.0
synthetic,20,0.0,Timoshenko,locations,four,0.25;0.5;0.75;1.0,0.03,flexible,200,2,identified,0.05004455014969327,0.09572906145351723,0.008443541421778942,8.279714074934815e-07
synthetic,20,0.01,Euler-Bernoulli,single,one,1.0,0.0,rigid,200,1,identified,-0.02912621359223333,0.02912621359223333,0.0054611650485435915,-6.857142857142856e-07
synthetic,20,0.01,Euler-Bernoulli,single,one,1.0,0.0,flexible,200,1,unidentifiable,,,,
synthetic,20,0.01,Euler-Bernoulli,single,one,1.0,0.0025,rigid,200,1,identified,-0.028937435017897962,0.029032723733455227,0.005571656209702152,-6.857142857142856e-07
synthetic,20,0.01,Euler-Bernoulli,single,one,1.0,0.0025,flexible,200,1,unidentifiable,,,,
synthetic,20,0.01,Euler-Bernoulli,single,one,1.0,0.01,rigid,200,1,identified,-0.029108632449765377,0.030683965080213278,0.006269973826742688,-6.857142857142856e-07
synthetic,20,0.01,Euler-Bernoulli,single,one,1.0,0.01,flexible,200,1,unidentifiable,,,,
synthetic,20,0.01,Euler-Bernoulli,single,one,1.0,0.03,rigid,200,1,identified,-0.03006436932993347,0.041588300912963234,0.0104325129605887,-6.857142857142856e-07
synthetic,20,0.01,Euler-Bernoulli,single,one,1.0,0.03,flexible,200,1,unidentifiable,,,,
synthetic,20,0.01,Euler-Bernoulli,single,two_uniform,0.5;1.0,0.0,rigid,200,1,identified,-0.030633365530564505,0.0306333655305645,0.004279687321796683,-6.857142857142856e-07
synthetic,20,0.01,Euler-Bernoulli,single,two_uniform,0.5;1.0,0.0,flexible,200,2,identified,-1.3322676295501878e-15,1.3322676295501878e-15,1.2720264521370153e-16,-2.498747194400186e-20
synthetic,20,0.01,Euler-Bernoulli,single,two_uniform,0.5;1.0,0.0025,rigid,200,1,identified,-0.030363284924554666,0.030460880146034198,0.004384051275034355,-6.857142857142856e-07
synthetic,20,0.01,Euler-Bernoulli,single,two_uniform,0.5;1.0,0.0025,flexible,200,2,identified,0.0005980560557649772,0.015101937327321811,0.0021653804502505367,1.9580029107244832e-09
synthetic,20,0.01,Euler-Bernoulli,single,two_uniform,0.5;1.0,0.01,rigid,200,1,identified,-0.030919324159557348,0.03237886431210934,0.004807747528907501,-6.857142857142856e-07
synthetic,20,0.01,Euler-Bernoulli,single,two_uniform,0.5;1.0,0.01,flexible,200,2,identified,0.013211467663333991,0.0560229716710634,0.006756776841196303,2.352960839576481e-07
synthetic,20,0.01,Euler-Bernoulli,single,two_uniform,0.5;1.0,0.03,rigid,200,1,identified,-0.028457841642824753,0.04070428204556313,0.008450209492580652,-6.857142857142856e-07
synthetic,20,0.01,Euler-Bernoulli,single,two_uniform,0.5;1.0,0.03,flexible,200,2,identified,0.07715119136476016,0.17400976080917702,0.01764659945304434,1.1689838822289226e-06
synthetic,20,0.01,Euler-Bernoulli,single,two_selected,0.5;1.0,0.0,rigid,200,1,identified,-0.030633365530564505,0.0306333655305645,0.004279687321796683,-6.857142857142856e-07
synthetic,20,0.01,Euler-Bernoulli,single,two_selected,0.5;1.0,0.0,flexible,200,2,identified,-1.3322676295501878e-15,1.3322676295501878e-15,1.2720264521370153e-16,-2.498747194400186e-20
synthetic,20,0.01,Euler-Bernoulli,single,two_selected,0.5;1.0,0.0025,rigid,200,1,identified,-0.030725596048453614,0.030825376829681443,0.004299474877089705,-6.857142857142856e-07
synthetic,20,0.01,Euler-Bernoulli,single,two_selected,0.5;1.0,0.0025,flexible,200,2,identified,-0.00046518029527110096,0.01501983975959254,0.0020336352848693232,-1.2704187955651308e-08
synthetic,20,0.01,Euler-Bernoulli,single,two_selected,0.5;1.0,0.01,rigid,200,1,identified,-0.030565779203838198,0.031932204734028476,0.004840404680128593,-6.857142857142856e-07
synthetic,20,0.01,Euler-Bernoulli,single,two_selected,0.5;1.0,0.01,flexible,200,2,identified,0.015541804941944846,0.05136599809001119,0.006559947377068854,2.842868746197229e-07
synthetic,20,0.01,Euler-Bernoulli,single,two_selected,0.5;1.0,0.03,rigid,200,1,identified,-0.029069017944404692,0.04021421496452802,0.008104789426403162,-6.857142857142856e-07
synthetic,20,0.01,Euler-Bernoulli,single,two_selected,0.5;1.0,0.03,flexible,200,2,identified,0.07691710754294778,0.17785097415747148,0.017208262938338582,1.1634577000256999e-06
synthetic,20,0.01,Euler-Bernoulli,single,four,0.25;0.5;0.75;1.0,0.0,rigid,200,1,identified,-0.031876713232039,0.031876713232039,0.003635712863260887,-6.857142857142856e-07
synthetic,20,0.01,Euler-Bernoulli,single,four,0.25;0.5;0.75;1.0,0.0,flexible,200,2,identified,-1.3322676295501878e-15,1.3322676295501878e-15,2.8175457699531934e-16,-3.6845933205562065e-20
synthetic,20,0.01,Euler-Bernoulli,single,four,0.25;0.5;0.75;1.0,0.0025,rigid,200,1,identified,-0.031541359324619433,0.03160394275939392,0.0037248409385205257,-6.857142857142856e-07
synthetic,20,0.01,Euler-Bernoulli,single,four,0.25;0.5;0.75;1.0,0.0025,flexible,200,2,identified,-0.0006665829441829191,0.011141042152184723,0.001273007546554473,-2.3829958356401317e-08
synthetic,20,0.01,Euler-Bernoulli,single,four,0.25;0.5;0.75;1.0,0.01,rigid,200,1,identified,-0.03162249200220726,0.03259974624667293,0.004030384248307234,-6.857142857142856e-07
synthetic,20,0.01,Euler-Bernoulli,single,four,0.25;0.5;0.75;1.0,0.01,flexible,200,2,identified,0.006608281761326856,0.03775650728109497,0.004515231993510943,1.0496610449410241e-07
synthetic,20,0.01,Euler-Bernoulli,single,four,0.25;0.5;0.75;1.0,0.03,rigid,200,1,identified,-0.03203237677020275,0.04071354299468349,0.006305625197234204,-6.857142857142856e-07
synthetic,20,0.01,Euler-Bernoulli,single,four,0.25;0.5;0.75;1.0,0.03,flexible,200,2,identified,0.06135486779214088,0.1508069599452936,0.012951127271722065,9.520929157255726e-07
synthetic,20,0.01,Euler-Bernoulli,amplitudes,one,1.0,0.0,rigid,200,1,identified,-0.02912621359223333,0.02912621359223333,0.0054611650485435915,-6.857142857142856e-07
synthetic,20,0.01,Euler-Bernoulli,amplitudes,one,1.0,0.0,flexible,200,1,unidentifiable,,,,
synthetic,20,0.01,Euler-Bernoulli,amplitudes,one,1.0,0.0025,rigid,200,1,identified,-0.02918737969527732,0.029194720004595595,0.005445411292595314,-6.857142857142856e-07
synthetic,20,0.01,Euler-Bernoulli,amplitudes,one,1.0,0.0025,flexible,200,1,unidentifiable,,,,
synthetic,20,0.01,Euler-Bernoulli,amplitudes,one,1.0,0.01,rigid,200,1,identified,-0.029243090591104748,0.02935691083671339,0.005484709995863104,-6.857142857142856e-07
synthetic,20,0.01,Euler-Bernoulli,amplitudes,one,1.0,0.01,flexible,200,1,unidentifiable,,,,
synthetic,20,0.01,Euler-Bernoulli,amplitudes,one,1.0,0.03,rigid,200,1,identified,-0.028810244200304504,0.02993948763386669,0.006128638423670679,-6.857142857142856e-07
synthetic,20,0.01,Euler-Bernoulli,amplitudes,one,1.0,0.03,flexible,200,1,unidentifiable,,,,
synthetic,20,0.01,Euler-Bernoulli,amplitudes,two_uniform,0.5;1.0,0.0,rigid,200,1,identified,-0.03063336553056395,0.030633365530563953,0.004279687321796789,-6.857142857142856e-07
synthetic,20,0.01,Euler-Bernoulli,amplitudes,two_uniform,0.5;1.0,0.0,flexible,200,2,identified,-4.440892098500626e-16,4.440892098500626e-16,1.4834250102763348e-16,-1.5246593050577406e-20
synthetic,20,0.01,Euler-Bernoulli,amplitudes,two_uniform,0.5;1.0,0.0025,rigid,200,1,identified,-0.030659541388207014,0.030665741506405754,0.004276008829971063,-6.857142857142856e-07
synthetic,20,0.01,Euler-Bernoulli,amplitudes,two_uniform,0.5;1.0,0.0025,flexible,200,2,identified,-0.00018369864437057905,0.003857755327996357,0.0005181209456074172,-3.695412965741572e-09
synthetic,20,0.01,Euler-Bernoulli,amplitudes,two_uniform,0.5;1.0,0.01,rigid,200,1,identified,-0.03052213694987831,0.030615584800887406,0.0043448274816070874,-6.857142857142856e-07
synthetic,20,0.01,Euler-Bernoulli,amplitudes,two_uniform,0.5;1.0,0.01,flexible,200,2,identified,0.00142845042666368,0.01514829655169111,0.0021848155943695892,2.3621636494203247e-08
synthetic,20,0.01,Euler-Bernoulli,amplitudes,two_uniform,0.5;1.0,0.03,rigid,200,1,identified,-0.030766076467067544,0.031532320594142675,0.004564064404577249,-6.857142857142856e-07
synthetic,20,0.01,Euler-Bernoulli,amplitudes,two_uniform,0.5;1.0,0.03,flexible,200,2,identified,0.0047507068820861285,0.03987733815345749,0.005207624342624237,7.468823224927006e-08
synthetic,20,0.01,Euler-Bernoulli,amplitudes,two_selected,0.5;1.0,0.0,rigid,200,1,identified,-0.03063336553056395,0.030633365530563953,0.004279687321796789,-6.857142857142856e-07
synthetic,20,0.01,Euler-Bernoulli,amplitudes,two_selected,0.5;1.0,0.0,flexible,200,2,identified,-4.440892098500626e-16,4.440892098500626e-16,1.4834250102763348e-16,-1.5246593050577406e-20
synthetic,20,0.01,Euler-Bernoulli,amplitudes,two_selected,0.5;1.0,0.0025,rigid,200,1,identified,-0.030645127589991127,0.03065060063427776,0.004279155792107611,-6.857142857142856e-07
synthetic,20,0.01,Euler-Bernoulli,amplitudes,two_selected,0.5;1.0,0.0025,flexible,200,2,identified,0.0004275081716757384,0.004220292694783009,0.0005915205358086446,9.169987605396462e-09
synthetic,20,0.01,Euler-Bernoulli,amplitudes,two_selected,0.5;1.0,0.01,rigid,200,1,identified,-0.030969770466157277,0.031080842192704346,0.004246769275840189,-6.857142857142856e-07
synthetic,20,0.01,Euler-Bernoulli,amplitudes,two_selected,0.5;1.0,0.01,flexible,200,2,identified,0.002188548745293794,0.01600363372648413,0.00216416845831956,4.991409863088636e-08
synthetic,20,0.01,Euler-Bernoulli,amplitudes,two_selected,0.5;1.0,0.03,rigid,200,1,identified,-0.03055727839492009,0.0313570424143017,0.0046216465449404635,-6.857142857142856e-07
synthetic,20,0.01,Euler-Bernoulli,amplitudes,two_selected,0.5;1.0,0.03,flexible,200,2,identified,0.006543574331256946,0.042005620548958886,0.0055714148518109735,1.0525166767585716e-07
synthetic,20,0.01,Euler-Bernoulli,amplitudes,four,0.25;0.5;0.75;1.0,0.0,rigid,200,1,identified,-0.031876713232039,0.031876713232039,0.003635712863260887,-6.857142857142856e-07
synthetic,20,0.01,Euler-Bernoulli,amplitudes,four,0.25;0.5;0.75;1.0,0.0,flexible,200,2,identified,-6.661338147750939e-16,6.661338147750939e-16,6.563582537584068e-17,-5.61159327555974e-21
synthetic,20,0.01,Euler-Bernoulli,amplitudes,four,0.25;0.5;0.75;1.0,0.0025,rigid,200,1,identified,-0.03181768959566662,0.031821700817933826,0.003648929025133288,-6.857142857142856e-07
synthetic,20,0.01,Euler-Bernoulli,amplitudes,four,0.25;0.5;0.75;1.0,0.0025,flexible,200,2,identified,8.133241013812631e-05,0.003125134121911256,0.00034903801542030607,1.8488589754887006e-10
synthetic,20,0.01,Euler-Bernoulli,amplitudes,four,0.25;0.5;0.75;1.0,0.01,rigid,200,1,identified,-0.03190775530492766,0.03196961036216701,0.003652396857831839,-6.857142857142856e-07
synthetic,20,0.01,Euler-Bernoulli,amplitudes,four,0.25;0.5;0.75;1.0,0.01,flexible,200,2,identified,-0.00026843439564929074,0.011449573360932977,0.001395798394921029,-7.552551032723034e-09
synthetic,20,0.01,Euler-Bernoulli,amplitudes,four,0.25;0.5;0.75;1.0,0.03,rigid,200,1,identified,-0.031592190587206186,0.032170773159530146,0.0038963753146111497,-6.857142857142856e-07
synthetic,20,0.01,Euler-Bernoulli,amplitudes,four,0.25;0.5;0.75;1.0,0.03,flexible,200,2,identified,0.007991315912176502,0.03449807249110557,0.0038368364411904567,1.3730211907261108e-07
synthetic,20,0.01,Euler-Bernoulli,locations,one,1.0,0.0,rigid,200,1,identified,-0.030621298025332422,0.030621298025332422,0.004979192539356299,-6.857142857142856e-07
synthetic,20,0.01,Euler-Bernoulli,locations,one,1.0,0.0,flexible,200,2,identified,5.329070518200751e-15,5.329070518200751e-15,8.994585301547488e-16,1.1593763465543236e-19
synthetic,20,0.01,Euler-Bernoulli,locations,one,1.0,0.0025,rigid,200,1,identified,-0.030717269879662973,0.030794512838768707,0.004996407192196193,-6.857142857142856e-07
synthetic,20,0.01,Euler-Bernoulli,locations,one,1.0,0.0025,flexible,200,2,identified,0.0012017979163242087,0.024691212701604418,0.003805890967151454,1.557750873953155e-08
synthetic,20,0.01,Euler-Bernoulli,locations,one,1.0,0.01,rigid,200,1,identified,-0.030978333104827484,0.03206608056981945,0.005532669836499164,-6.857142857142856e-07
synthetic,20,0.01,Euler-Bernoulli,locations,one,1.0,0.01,flexible,200,2,identified,0.028801122777079958,0.09789228797685397,0.01289481650760615,4.6656916017260006e-07
synthetic,20,0.01,Euler-Bernoulli,locations,one,1.0,0.03,rigid,200,1,identified,-0.028861598198134816,0.0367776504615303,0.009064763801977009,-6.857142857142856e-07
synthetic,20,0.01,Euler-Bernoulli,locations,one,1.0,0.03,flexible,200,2,identified,0.20129971633289168,0.45330176706391057,0.0344840403588537,2.2664065405130208e-06
synthetic,20,0.01,Euler-Bernoulli,locations,two_uniform,0.5;1.0,0.0,rigid,200,1,identified,-0.03217005745308177,0.03217005745308176,0.003911701252071082,-6.857142857142856e-07
synthetic,20,0.01,Euler-Bernoulli,locations,two_uniform,0.5;1.0,0.0,flexible,200,2,identified,-8.881784197001252e-16,8.881784197001252e-16,2.903454364480012e-16,-2.97520322723073e-20
synthetic,20,0.01,Euler-Bernoulli,locations,two_uniform,0.5;1.0,0.0025,rigid,200,1,identified,-0.0319710926488534,0.032030043870813846,0.003987243976957572,-6.857142857142856e-07
synthetic,20,0.01,Euler-Bernoulli,locations,two_uniform,0.5;1.0,0.0025,flexible,200,2,identified,0.0014753814254694919,0.012799988467388466,0.001661983820332157,2.277894630393495e-08
synthetic,20,0.01,Euler-Bernoulli,locations,two_uniform,0.5;1.0,0.01,rigid,200,1,identified,-0.03257709728693228,0.03344584745633133,0.004233474327597381,-6.857142857142856e-07
synthetic,20,0.01,Euler-Bernoulli,locations,two_uniform,0.5;1.0,0.01,flexible,200,2,identified,0.007029359341563295,0.045229695710028196,0.005353628592269313,1.1562184098838061e-07
synthetic,20,0.01,Euler-Bernoulli,locations,two_uniform,0.5;1.0,0.03,rigid,200,1,identified,-0.03348916274919143,0.041251523147280804,0.006888701133154223,-6.857142857142856e-07
synthetic,20,0.01,Euler-Bernoulli,locations,two_uniform,0.5;1.0,0.03,flexible,200,2,identified,0.06144712517617267,0.15012531265223678,0.015054472836983666,9.614346753318539e-07
synthetic,20,0.01,Euler-Bernoulli,locations,two_selected,0.5;1.0,0.0,rigid,200,1,identified,-0.03217005745308177,0.03217005745308176,0.003911701252071082,-6.857142857142856e-07
synthetic,20,0.01,Euler-Bernoulli,locations,two_selected,0.5;1.0,0.0,flexible,200,2,identified,-8.881784197001252e-16,8.881784197001252e-16,2.903454364480012e-16,-2.97520322723073e-20
synthetic,20,0.01,Euler-Bernoulli,locations,two_selected,0.5;1.0,0.0025,rigid,200,1,identified,-0.032451885005072525,0.03252371248550457,0.003879975708266502,-6.857142857142856e-07
synthetic,20,0.01,Euler-Bernoulli,locations,two_selected,0.5;1.0,0.0025,flexible,200,2,identified,0.0003928173014228248,0.012200222843205495,0.0015427613301494465,1.1352211336885343e-08
synthetic,20,0.01,Euler-Bernoulli,locations,two_selected,0.5;1.0,0.01,rigid,200,1,identified,-0.03213827118733972,0.03308505980313277,0.004360454998877211,-6.857142857142856e-07
synthetic,20,0.01,Euler-Bernoulli,locations,two_selected,0.5;1.0,0.01,flexible,200,2,identified,0.006514501132993853,0.04059402252349182,0.004729022404184516,1.0281679495703523e-07
synthetic,20,0.01,Euler-Bernoulli,locations,two_selected,0.5;1.0,0.03,rigid,200,1,identified,-0.030998997884672794,0.039437856753913696,0.0072280523276760785,-6.857142857142856e-07
synthetic,20,0.01,Euler-Bernoulli,locations,two_selected,0.5;1.0,0.03,flexible,200,2,identified,0.05936198983333053,0.13325360680343218,0.014157189486375513,9.293042255565787e-07
synthetic,20,0.01,Euler-Bernoulli,locations,four,0.25;0.5;0.75;1.0,0.0,rigid,200,1,identified,-0.03337536009122877,0.03337536009122877,0.0033384914102039622,-6.857142857142856e-07
synthetic,20,0.01,Euler-Bernoulli,locations,four,0.25;0.5;0.75;1.0,0.0,flexible,200,2,identified,-2.220446049250313e-16,2.220446049250313e-16,6.033751249104188e-17,-7.517417406881916e-21
synthetic,20,0.01,Euler-Bernoulli,locations,four,0.25;0.5;0.75;1.0,0.0025,rigid,200,1,identified,-0.0334299722094769,0.033469129804211475,0.00334440601477483,-6.857142857142856e-07
synthetic,20,0.01,Euler-Bernoulli,locations,four,0.25;0.5;0.75;1.0,0.0025,flexible,200,2,identified,4.671239849647624e-05,0.008766145387043619,0.0009015509519824931,6.231130853245483e-10
synthetic,20,0.01,Euler-Bernoulli,locations,four,0.25;0.5;0.75;1.0,0.01,rigid,200,1,identified,-0.03305966936773909,0.03368382792977461,0.0036521183164875694,-6.857142857142856e-07
synthetic,20,0.01,Euler-Bernoulli,locations,four,0.25;0.5;0.75;1.0,0.01,flexible,200,2,identified,0.00828750874082274,0.03537488119980177,0.003590577504285994,1.3504605849736282e-07
synthetic,20,0.01,Euler-Bernoulli,locations,four,0.25;0.5;0.75;1.0,0.03,rigid,200,1,identified,-0.031414529270429176,0.036915568131397763,0.005453043680603687,-6.857142857142856e-07
synthetic,20,0.01,Euler-Bernoulli,locations,four,0.25;0.5;0.75;1.0,0.03,flexible,200,2,identified,0.04121886251087986,0.10731728844340037,0.009010525011016356,5.974242641606592e-07
synthetic,20,0.01,Timoshenko,single,one,1.0,0.0,rigid,200,1,identified,-0.030960802364455864,0.030960802364455864,0.005816140776698997,-6.857142857142856e-07
synthetic,20,0.01,Timoshenko,single,one,1.0,0.0,flexible,200,1,unidentifiable,,,,
synthetic,20,0.01,Timoshenko,single,one,1.0,0.0025,rigid,200,1,identified,-0.03102329371416741,0.03111370970128162,0.0058444655830929265,-6.857142857142856e-07
synthetic,20,0.01,Timoshenko,single,one,1.0,0.0025,flexible,200,1,unidentifiable,,,,
synthetic,20,0.01,Timoshenko,single,one,1.0,0.01,rigid,200,1,identified,-0.03130216866594006,0.03277210806582667,0.00648629202128001,-6.857142857142856e-07
synthetic,20,0.01,Timoshenko,single,one,1.0,0.01,flexible,200,1,unidentifiable,,,,
synthetic,20,0.01,Timoshenko,single,one,1.0,0.03,rigid,200,1,identified,-0.03140859276639036,0.04305276706675402,0.010933561985387799,-6.857142857142856e-07
synthetic,20,0.01,Timoshenko,single,one,1.0,0.03,flexible,200,1,unidentifiable,,,,
synthetic,20,0.01,Timoshenko,single,two_uniform,0.5;1.0,0.0,rigid,200,1,identified,-0.03255970242775885,0.03255970242775885,0.004756404591972797,-6.857142857142856e-07
synthetic,20,0.01,Timoshenko,single,two_uniform,0.5;1.0,0.0,flexible,200,2,identified,-2.220446049250313e-15,2.220446049250313e-15,0.00033467432604722695,4.457142857137664e-08
synthetic,20,0.01,Timoshenko,single,two_uniform,0.5;1.0,0.0025,rigid,200,1,identified,-0.032469728497074204,0.032562795662078634,0.0048146853666344285,-6.857142857142856e-07
synthetic,20,0.01,Timoshenko,single,two_uniform,0.5;1.0,0.0025,flexible,200,2,identified,-0.0008226027604008546,0.016002393430674715,0.002317835316210051,1.9219688006956006e-08
synthetic,20,0.01,Timoshenko,single,two_uniform,0.5;1.0,0.01,rigid,200,1,identified,-0.03241276456551094,0.03376849672862907,0.005312684204662737,-6.857142857142856e-07
synthetic,20,0.01,Timoshenko,single,two_uniform,0.5;1.0,0.01,flexible,200,2,identified,0.012181398350490046,0.050914487808608785,0.006638072463821287,2.553916468448104e-07
synthetic,20,0.01,Timoshenko,single,two_uniform,0.5;1.0,0.03,rigid,200,1,identified,-0.03161993083196783,0.04294916404480134,0.008596230925395323,-6.857142857142856e-07
synthetic,20,0.01,Timoshenko,single,two_uniform,0.5;1.0,0.03,flexible,200,2,identified,0.0850673546861361,0.19136569601499842,0.019499683516303247,1.3736864616591934e-06
synthetic,20,0.01,Timoshenko,single,two_selected,0.5;1.0,0.0,rigid,200,1,identified,-0.03255970242775885,0.03255970242775885,0.004756404591972797,-6.857142857142856e-07
synthetic,20,0.01,Timoshenko,single,two_selected,0.5;1.0,0.0,flexible,200,2,identified,-2.220446049250313e-15,2.220446049250313e-15,0.00033467432604722695,4.457142857137664e-08
synthetic,20,0.01,Timoshenko,single,two_selected,0.5;1.0,0.0025,rigid,200,1,identified,-0.03266051608729689,0.03274310930340851,0.004765835318081907,-6.857142857142856e-07
synthetic,20,0.01,Timoshenko,single,two_selected,0.5;1.0,0.0025,flexible,200,2,identified,-0.00048102387502494293,0.014874571775587776,0.002067641843796141,3.181917419711374e-08
synthetic,20,0.01,Timoshenko,single,two_selected,0.5;1.0,0.01,rigid,200,1,identified,-0.03200132996386806,0.03326978341041789,0.005357186750412161,-6.857142857142856e-07
synthetic,20,0.01,Timoshenko,single,two_selected,0.5;1.0,0.01,flexible,200,2,identified,0.014216495319803417,0.05260249481613858,0.006387024568262209,2.8723216417167746e-07
synthetic,20,0.01,Timoshenko,single,two_selected,0.5;1.0,0.03,rigid,200,1,identified,-0.03426575506848504,0.042762853607340244,0.007593501219639089,-6.857142857142856e-07
synthetic,20,0.01,Timoshenko,single,two_selected,0.5;1.0,0.03,flexible,200,2,identified,0.08160161622375947,0.19910857394041692,0.01969018083414002,1.2884861755911049e-06
synthetic,20,0.01,Timoshenko,single,four,0.25;0.5;0.75;1.0,0.0,rigid,200,1,identified,-0.033878503794359194,0.03387850379435919,0.004086729979182339,-6.857142857142856e-07
synthetic,20,0.01,Timoshenko,single,four,0.25;0.5;0.75;1.0,0.0,flexible,200,2,identified,-1.7763568394002505e-15,1.7763568394002505e-15,0.0002898364683514283,4.457142857137759e-08
synthetic,20,0.01,Timoshenko,single,four,0.25;0.5;0.75;1.0,0.0025,rigid,200,1,identified,-0.034057422722312006,0.034114843210387144,0.004071932027029014,-6.857142857142856e-07
synthetic,20,0.01,Timoshenko,single,four,0.25;0.5;0.75;1.0,0.0025,flexible,200,2,identified,-0.00019688724158898718,0.010596561347354995,0.00126831788401451,4.220622111073876e-08
synthetic,20,0.01,Timoshenko,single,four,0.25;0.5;0.75;1.0,0.01,rigid,200,1,identified,-0.03371055570517758,0.03464555472503592,0.00443744695902087,-6.857142857142856e-07
synthetic,20,0.01,Timoshenko,single,four,0.25;0.5;0.75;1.0,0.01,flexible,200,2,identified,0.006188566224430544,0.038983611700879335,0.004315953272983354,1.4092202959458502e-07
synthetic,20,0.01,Timoshenko,single,four,0.25;0.5;0.75;1.0,0.03,rigid,200,1,identified,-0.032857273878531795,0.03972784215178176,0.006292729323950968,-6.857142857142856e-07
synthetic,20,0.01,Timoshenko,single,four,0.25;0.5;0.75;1.0,0.03,flexible,200,2,identified,0.06067978562247328,0.14332973878761185,0.011751989722260792,9.743904620697625e-07
synthetic,20,0.01,Timoshenko,amplitudes,one,1.0,0.0,rigid,200,1,identified,-0.030960802364455864,0.030960802364455864,0.005816140776698997,-6.857142857142856e-07
synthetic,20,0.01,Timoshenko,amplitudes,one,1.0,0.0,flexible,200,1,unidentifiable,,,,
synthetic,20,0.01,Timoshenko,amplitudes,one,1.0,0.0025,rigid,200,1,identified,-0.03100168761570764,0.031008562877519224,0.005806623315622802,-6.857142857142856e-07
synthetic,20,0.01,Timoshenko,amplitudes,one,1.0,0.0025,flexible,200,1,unidentifiable,,,,
synthetic,20,0.01,Timoshenko,amplitudes,one,1.0,0.01,rigid,200,1,identified,-0.030727632460295452,0.030828943322445387,0.005944342878787355,-6.857142857142856e-07
synthetic,20,0.01,Timoshenko,amplitudes,one,1.0,0.01,flexible,200,1,unidentifiable,,,,
synthetic,20,0.01,Timoshenko,amplitudes,one,1.0,0.03,rigid,200,1,identified,-0.030388737343871833,0.031257659314610865,0.006433112168717255,-6.857142857142856e-07
synthetic,20,0.01,Timoshenko,amplitudes,one,1.0,0.03,flexible,200,1,unidentifiable,,,,
synthetic,20,0.01,Timoshenko,amplitudes,two_uniform,0.5;1.0,0.0,rigid,200,1,identified,-0.03255970242775874,0.03255970242775874,0.004756404591972853,-6.857142857142856e-07
synthetic,20,0.01,Timoshenko,amplitudes,two_uniform,0.5;1.0,0.0,flexible,200,2,identified,-6.661338147750939e-16,6.661338147750939e-16,0.0003346743260470616,4.45714285714173e-08
synthetic,20,0.01,Timoshenko,amplitudes,two_uniform,0.5;1.0,0.0025,rigid,200,1,identified,-0.03253466674513735,0.03254078821661906,0.004764790371615191,-6.857142857142856e-07
synthetic,20,0.01,Timoshenko,amplitudes,two_uniform,0.5;1.0,0.0025,flexible,200,2,identified,0.0004272939598752873,0.004076866895492672,0.000665138084338161,5.2912385750086544e-08
synthetic,20,0.01,Timoshenko,amplitudes,two_uniform,0.5;1.0,0.01,rigid,200,1,identified,-0.032449968634027354,0.032550513524771056,0.004822344086501564,-6.857142857142856e-07
synthetic,20,0.01,Timoshenko,amplitudes,two_uniform,0.5;1.0,0.01,flexible,200,2,identified,-0.0010736897932297719,0.015729835523971922,0.002195999422014549,1.3527078823320047e-08
synthetic,20,0.01,Timoshenko,amplitudes,two_uniform,0.5;1.0,0.03,rigid,200,1,identified,-0.03236776780189264,0.033330491061239774,0.005173237831620735,-6.857142857142856e-07
synthetic,20,0.01,Timoshenko,amplitudes,two_uniform,0.5;1.0,0.03,flexible,200,2,identified,0.006569715794138731,0.04062796038086261,0.005478727303183525,1.5036835751675123e-07
synthetic,20,0.01,Timoshenko,amplitudes,two_selected,0.5;1.0,0.0,rigid,200,1,identified,-0.03255970242775874,0.03255970242775874,0.004756404591972853,-6.857142857142856e-07
synthetic,20,0.01,Timoshenko,amplitudes,two_selected,0.5;1.0,0.0,flexible,200,2,identified,-6.661338147750939e-16,6.661338147750939e-16,0.0003346743260470616,4.45714285714173e-08
synthetic,20,0.01,Timoshenko,amplitudes,two_selected,0.5;1.0,0.0025,rigid,200,1,identified,-0.03254914942404967,0.032555471344101514,0.004761441032886082,-6.857142857142856e-07
synthetic,20,0.01,Timoshenko,amplitudes,two_selected,0.5;1.0,0.0025,flexible,200,2,identified,0.00012436048583183145,0.00433817677970431,0.0006583754474288232,4.6626756340975806e-08
synthetic,20,0.01,Timoshenko,amplitudes,two_selected,0.5;1.0,0.01,rigid,200,1,identified,-0.03261180852250357,0.032693699901357315,0.004777030155861538,-6.857142857142856e-07
synthetic,20,0.01,Timoshenko,amplitudes,two_selected,0.5;1.0,0.01,flexible,200,2,identified,-0.001177182330080529,0.015656531486349566,0.002269780597938605,1.5046458453511556e-08
synthetic,20,0.01,Timoshenko,amplitudes,two_selected,0.5;1.0,0.03,rigid,200,1,identified,-0.032004966176427695,0.032996843545589835,0.005258560621537475,-6.857142857142856e-07
synthetic,20,0.01,Timoshenko,amplitudes,two_selected,0.5;1.0,0.03,flexible,200,2,identified,0.01207736528249565,0.04911129849473293,0.006398494378995047,2.4683854564062507e-07
synthetic,20,0.01,Timoshenko,amplitudes,four,0.25;0.5;0.75;1.0,0.0,rigid,200,1,identified,-0.03387850379435964,0.03387850379435964,0.004086729979182252,-6.857142857142856e-07
synthetic,20,0.01,Timoshenko,amplitudes,four,0.25;0.5;0.75;1.0,0.0,flexible,200,2,identified,-6.661338147750939e-16,6.661338147750939e-16,0.0002898364683511529,4.457142857142248e-08
synthetic,20,0.01,Timoshenko,amplitudes,four,0.25;0.5;0.75;1.0,0.0025,rigid,200,1,identified,-0.03387802130129716,0.03388193253597857,0.0040881975139249755,-6.857142857142856e-07
synthetic,20,0.01,Timoshenko,amplitudes,four,0.25;0.5;0.75;1.0,0.0025,flexible,200,2,identified,-0.00016668126449065901,0.0031895398369608,0.0004664951439290937,4.0883577359673144e-08
synthetic,20,0.01,Timoshenko,amplitudes,four,0.25;0.5;0.75;1.0,0.01,rigid,200,1,identified,-0.03374756588717018,0.03383059311036312,0.00414125599190055,-6.857142857142856e-07
synthetic,20,0.01,Timoshenko,amplitudes,four,0.25;0.5;0.75;1.0,0.01,flexible,200,2,identified,0.0003979178104655212,0.012320962534986117,0.001415983154321374,4.69192072221004e-08
synthetic,20,0.01,Timoshenko,amplitudes,four,0.25;0.5;0.75;1.0,0.03,rigid,200,1,identified,-0.0339854177975361,0.0345659819651796,0.004268586405302651,-6.857142857142856e-07
synthetic,20,0.01,Timoshenko,amplitudes,four,0.25;0.5;0.75;1.0,0.03,flexible,200,2,identified,0.006883242334019457,0.032901638274920444,0.0037609827306199577,1.6943537020908524e-07
synthetic,20,0.01,Timoshenko,locations,one,1.0,0.0,rigid,200,1,identified,-0.03254690155278228,0.03254690155278229,0.005302840054414624,-6.857142857142856e-07
synthetic,20,0.01,Timoshenko,locations,one,1.0,0.0,flexible,200,2,identified,4.6629367034256575e-15,4.6629367034256575e-15,8.634801889485588e-16,4.4571428571537466e-08
synthetic,20,0.01,Timoshenko,locations,one,1.0,0.0025,rigid,200,1,identified,-0.03277707523042892,0.032834148230660755,0.0052644701776312424,-6.857142857142856e-07
synthetic,20,0.01,Timoshenko,locations,one,1.0,0.0025,flexible,200,2,identified,0.0020121873326829813,0.026608099014976478,0.004303251840898373,7.857544003822921e-08
synthetic,20,0.01,Timoshenko,locations,one,1.0,0.01,rigid,200,1,identified,-0.031895809559215664,0.03286770754029969,0.0060638608490525435,-6.857142857142856e-07
synthetic,20,0.01,Timoshenko,locations,one,1.0,0.01,flexible,200,2,identified,0.05662737445618534,0.12287329387624008,0.015084236543317524,1.0041734348178421e-06
synthetic,20,0.01,Timoshenko,locations,one,1.0,0.03,rigid,200,1,identified,-0.03178150584010082,0.040140478031962475,0.009543284681032145,-6.857142857142856e-07
synthetic,20,0.01,Timoshenko,locations,one,1.0,0.03,flexible,200,2,identified,0.28702474056916333,1.0979226875326027,0.03710956426163869,2.3892962724301307e-06
synthetic,20,0.01,Timoshenko,locations,two_uniform,0.5;1.0,0.0,rigid,200,1,identified,-0.034221789804932845,0.034221789804932845,0.004363252184005791,-6.857142857142856e-07
synthetic,20,0.01,Timoshenko,locations,two_uniform,0.5;1.0,0.0,flexible,200,2,identified,0.0006138685517662612,0.0006138685517662612,0.0002951571411742096,5.793902717038271e-08
synthetic,20,0.01,Timoshenko,locations,two_uniform,0.5;1.0,0.0025,rigid,200,1,identified,-0.034177102343577584,0.034228863339086625,0.0043977345814683955,-6.857142857142856e-07
synthetic,20,0.01,Timoshenko,locations,two_uniform,0.5;1.0,0.0025,flexible,200,2,identified,0.00043730428485767023,0.01282712168097569,0.0014651231971122775,5.000795229438675e-08
synthetic,20,0.01,Timoshenko,locations,two_uniform,0.5;1.0,0.01,rigid,200,1,identified,-0.03438997758787439,0.035243983783326036,0.004715150518512708,-6.857142857142856e-07
synthetic,20,0.01,Timoshenko,locations,two_uniform,0.5;1.0,0.01,flexible,200,2,identified,0.007435782234754137,0.04059104407405143,0.004913426012675335,1.714875568824899e-07
synthetic,20,0.01,Timoshenko,locations,two_uniform,0.5;1.0,0.03,rigid,200,1,identified,-0.031526784536151486,0.03877710242682569,0.007364489967708581,-6.857142857142856e-07
synthetic,20,0.01,Timoshenko,locations,two_uniform,0.5;1.0,0.03,flexible,200,2,identified,0.06766334746404085,0.14420607446184117,0.0138124476664801,1.0653517461375284e-06
synthetic,20,0.01,Timoshenko,locations,two_selected,0.5;1.0,0.0,rigid,200,1,identified,-0.034221789804932845,0.034221789804932845,0.004363252184005791,-6.857142857142856e-07
synthetic,20,0.01,Timoshenko,locations,two_selected,0.5;1.0,0.0,flexible,200,2,identified,0.0006138685517662612,0.0006138685517662612,0.0002951571411742096,5.793902717038271e-08
synthetic,20,0.01,Timoshenko,locations,two_selected,0.5;1.0,0.0025,rigid,200,1,identified,-0.03414818662932662,0.034200376004958954,0.004404646870198523,-6.857142857142856e-07
synthetic,20,0.01,Timoshenko,locations,two_selected,0.5;1.0,0.0025,flexible,200,2,identified,0.0013081712933129652,0.013203556732910926,0.0016491953341883925,6.71462620886909e-08
synthetic,20,0.01,Timoshenko,locations,two_selected,0.5;1.0,0.01,rigid,200,1,identified,-0.033546750513116924,0.03439781949251824,0.004884107864394295,-6.857142857142856e-07
synthetic,20,0.01,Timoshenko,locations,two_selected,0.5;1.0,0.01,flexible,200,2,identified,0.010955681032561553,0.04644539292270644,0.005141449610285287,2.1594459850094255e-07
synthetic,20,0.01,Timoshenko,locations,two_selected,0.5;1.0,0.03,rigid,200,1,identified,-0.03157172823840262,0.03872737675133666,0.007346347719534226,-6.857142857142856e-07
synthetic,20,0.01,Timoshenko,locations,two_selected,0.5;1.0,0.03,flexible,200,2,identified,0.0655670678816121,0.1559204299102142,0.015003973684636473,9.871116013413707e-07
synthetic,20,0.01,Timoshenko,locations,four,0.25;0.5;0.75;1.0,0.0,rigid,200,1,identified,-0.03556154236947284,0.03556154236947284,0.0037567209625415884,-6.857142857142856e-07
synthetic,20,0.01,Timoshenko,locations,four,0.25;0.5;0.75;1.0,0.0,flexible,200,2,identified,0.0007255911161307971,0.000725591116130797,0.00023153966942869838,6.097210395241248e-08
synthetic,20,0.01,Timoshenko,locations,four,0.25;0.5;0.75;1.0,0.0025,rigid,200,1,identified,-0.03549847089041856,0.03553247237274999,0.0037827090065359666,-6.857142857142856e-07
synthetic,20,0.01,Timoshenko,locations,four,0.25;0.5;0.75;1.0,0.0025,flexible,200,2,identified,0.0014938569556615122,0.009963899627398784,0.0010336483125208996,7.298291943634437e-08
synthetic,20,0.01,Timoshenko,locations,four,0.25;0.5;0.75;1.0,0.01,rigid,200,1,identified,-0.03519252902318469,0.03573887310388625,0.004038277595632648,-6.857142857142856e-07
synthetic,20,0.01,Timoshenko,locations,four,0.25;0.5;0.75;1.0,0.01,flexible,200,2,identified,0.007102537747233966,0.03576591906908704,0.0035549342614826494,1.5614155189668052e-07
synthetic,20,0.01,Timoshenko,locations,four,0.25;0.5;0.75;1.0,0.03,rigid,200,1,identified,-0.03361292222712202,0.039476545486746936,0.005920230150836858,-6.857142857142856e-07
synthetic,20,0.01,Timoshenko,locations,four,0.25;0.5;0.75;1.0,0.03,flexible,200,2,identified,0.03615689914531127,0.09203407926573848,0.008351524184651604,5.879221461540136e-07
synthetic,20,0.1,Euler-Bernoulli,single,one,1.0,0.0,rigid,200,1,identified,-0.23076923076923087,0.23076923076923095,0.04326923076923073,-6.857142857142856e-06
synthetic,20,0.1,Euler-Bernoulli,single,one,1.0,0.0,flexible,200,1,unidentifiable,,,,
synthetic,20,0.1,Euler-Bernoulli,single,one,1.0,0.0025,rigid,200,1,identified,-0.2306912841146987,0.23069812685052646,0.043305238572346236,-6.857142857142856e-06
synthetic,20,0.1,Euler-Bernoulli,single,one,1.0,0.0025,flexible,200,1,unidentifiable,,,,
synthetic,20,0.1,Euler-Bernoulli,single,one,1.0,0.01,rigid,200,1,identified,-0.23115203834285772,0.23126729796425205,0.043187266188663496,-6.857142857142856e-06
synthetic,20,0.1,Euler-Bernoulli,single,one,1.0,0.01,flexible,200,1,unidentifiable,,,,
synthetic,20,0.1,Euler-Bernoulli,single,one,1.0,0.03,rigid,200,1,identified,-0.22982554556129348,0.2309679454300539,0.044353563076637355,-6.857142857142856e-06
synthetic,20,0.1,Euler-Bernoulli,single,one,1.0,0.03,flexible,200,1,unidentifiable,,,,
synthetic,20,0.1,Euler-Bernoulli,single,two_uniform,0.5;1.0,0.0,rigid,200,1,identified,-0.2401297998918331,0.24012979989183306,0.033908291857312575,-6.857142857142856e-06
synthetic,20,0.1,Euler-Bernoulli,single,two_uniform,0.5;1.0,0.0,flexible,200,2,identified,-2.4424906541753444e-15,2.4424906541753444e-15,3.803163617047886e-16,-6.098637220230962e-20
synthetic,20,0.1,Euler-Bernoulli,single,two_uniform,0.5;1.0,0.0025,rigid,200,1,identified,-0.24009670043650608,0.24010301649495888,0.03392178046483402,-6.857142857142856e-06
synthetic,20,0.1,Euler-Bernoulli,single,two_uniform,0.5;1.0,0.0025,flexible,200,2,identified,0.0001569788333994454,0.018799085226514405,0.002143145451013812,-5.355297005628639e-09
synthetic,20,0.1,Euler-Bernoulli,single,two_uniform,0.5;1.0,0.01,rigid,200,1,identified,-0.24076128635326444,0.24086760686968617,0.03376902177458828,-6.857142857142856e-06
synthetic,20,0.1,Euler-Bernoulli,single,two_uniform,0.5;1.0,0.01,flexible,200,2,identified,0.015364505468784772,0.07633022825476346,0.008188829109789453,2.394558989878111e-07
synthetic,20,0.1,Euler-Bernoulli,single,two_uniform,0.5;1.0,0.03,rigid,200,1,identified,-0.23874714145822118,0.23963093031831142,0.034782115263782186,-6.857142857142856e-06
synthetic,20,0.1,Euler-Bernoulli,single,two_uniform,0.5;1.0,0.03,flexible,200,2,identified,0.048567400302271004,0.3024648345257671,0.02443052390968586,-2.648681253251674e-07
synthetic,20,0.1,Euler-Bernoulli,single,two_selected,0.5;1.0,0.0,rigid,200,1,identified,-0.2401297998918331,0.24012979989183306,0.033908291857312575,-6.857142857142856e-06
synthetic,20,0.1,Euler-Bernoulli,single,two_selected,0.5;1.0,0.0,flexible,200,2,identified,-2.4424906541753444e-15,2.4424906541753444e-15,3.803163617047886e-16,-6.098637220230962e-20
synthetic,20,0.1,Euler-Bernoulli,single,two_selected,0.5;1.0,0.0025,rigid,200,1,identified,-0.23985303329803576,0.2398581287519133,0.03399641512093082,-6.857142857142856e-06
synthetic,20,0.1,Euler-Bernoulli,single,two_selected,0.5;1.0,0.0025,flexible,200,2,identified,0.002702932241664479,0.020010051096750414,0.0021765294728636154,3.974065066768083e-08
synthetic,20,0.1,Euler-Bernoulli,single,two_selected,0.5;1.0,0.01,rigid,200,1,identified,-0.24075873538311185,0.2408861378511836,0.03378041183417905,-6.857142857142856e-06
synthetic,20,0.1,Euler-Bernoulli,single,two_selected,0.5;1.0,0.01,flexible,200,2,identified,0.003800562847827231,0.0861950748991586,0.009171550064906187,-4.50113668273004e-08
synthetic,20,0.1,Euler-Bernoulli,single,two_selected,0.5;1.0,0.03,rigid,200,1,identified,-0.23945341817719926,0.2404856254813484,0.03463361083112151,-6.857142857142856e-06
synthetic,20,0.1,Euler-Bernoulli,single,two_selected,0.5;1.0,0.03,flexible,200,2,identified,0.08321929205804014,0.2913352866230395,0.02303309845433269,5.427542967407938e-07
synthetic,20,0.1,Euler-Bernoulli,single,four,0.25;0.5;0.75;1.0,0.0,rigid,200,1,identified,-0.24770340006587865,0.24770340006587865,0.028806032685836837,-6.857142857142856e-06
synthetic,20,0.1,Euler-Bernoulli,single,four,0.25;0.5;0.75;1.0,0.0,flexible,200,2,identified,6.661338147750939e-16,6.661338147750939e-16,3.3615534794706475e-17,1.1858461261560205e-20
synthetic,20,0.1,Euler-Bernoulli,single,four,0.25;0.5;0.75;1.0,0.0025,rigid,200,1,identified,-0.24782292210407952,0.24782768111243095,0.028777094258905,-6.857142857142856e-06
synthetic,20,0.1,Euler-Bernoulli,single,four,0.25;0.5;0.75;1.0,0.0025,flexible,200,2,identified,0.00040974733510741325,0.014514556553232227,0.0013337347217598694,8.670604207535973e-09
synthetic,20,0.1,Euler-Bernoulli,single,four,0.25;0.5;0.75;1.0,0.01,rigid,200,1,identified,-0.24778609277807884,0.2478593665359224,0.0288193045228373,-6.857142857142856e-06
synthetic,20,0.1,Euler-Bernoulli,single,four,0.25;0.5;0.75;1.0,0.01,flexible,200,2,identified,0.004726023362728334,0.06390276822290701,0.0057270070703869256,1.9915607727438375e-08
synthetic,20,0.1,Euler-Bernoulli,single,four,0.25;0.5;0.75;1.0,0.03,rigid,200,1,identified,-0.24781817246456325,0.24851253339543156,0.02909917909897992,-6.857142857142856e-06
synthetic,20,0.1,Euler-Bernoulli,single,four,0.25;0.5;0.75;1.0,0.03,flexible,200,2,identified,0.0215008392534958,0.16396347545579162,0.014202620812605708,-3.210880760116568e-08
synthetic,20,0.1,Euler-Bernoulli,amplitudes,one,1.0,0.0,rigid,200,1,identified,-0.23076923076923087,0.23076923076923095,0.04326923076923073,-6.857142857142856e-06
synthetic,20,0.1,Euler-Bernoulli,amplitudes,one,1.0,0.0,flexible,200,1,unidentifiable,,,,
synthetic,20,0.1,Euler-Bernoulli,amplitudes,one,1.0,0.0025,rigid,200,1,identified,-0.23080109565655305,0.23080172125271234,0.04325668359717369,-6.857142857142856e-06
synthetic,20,0.1,Euler-Bernoulli,amplitudes,one,1.0,0.0025,flexible,200,1,unidentifiable,,,,
synthetic,20,0.1,Euler-Bernoulli,amplitudes,one,1.0,0.01,rigid,200,1,identified,-0.23081407809020454,0.23082259268067581,0.04325643809784142,-6.857142857142856e-06
synthetic,20,0.1,Euler-Bernoulli,amplitudes,one,1.0,0.01,flexible,200,1,unidentifiable,,,,
synthetic,20,0.1,Euler-Bernoulli,amplitudes,one,1.0,0.03,rigid,200,1,identified,-0.23155582087562734,0.231631655688432,0.042998194298639304,-6.857142857142856e-06
synthetic,20,0.1,Euler-Bernoulli,amplitudes,one,1.0,0.03,flexible,200,1,unidentifiable,,,,
synthetic,20,0.1,Euler-Bernoulli,amplitudes,two_uniform,0.5;1.0,0.0,rigid,200,1,identified,-0.24012979989183364,0.24012979989183356,0.03390829185731241,-6.857142857142856e-06
synthetic,20,0.1,Euler-Bernoulli,amplitudes,two_uniform,0.5;1.0,0.0,flexible,200,2,identified,2.220446049250313e-16,2.220446049250313e-16,1.4535222445644136e-16,1.5246593050577406e-20
synthetic,20,0.1,Euler-Bernoulli,amplitudes,two_uniform,0.5;1.0,0.0025,rigid,200,1,identified,-0.24010521139003735,0.24010561990998042,0.033916101523782764,-6.857142857142856e-06
synthetic,20,0.1,Euler-Bernoulli,amplitudes,two_uniform,0.5;1.0,0.0025,flexible,200,2,identified,0.0007362040332127684,0.005073372143562443,0.000559836591883221,1.4503349037203253e-08
synthetic,20,0.1,Euler-Bernoulli,amplitudes,two_uniform,0.5;1.0,0.01,rigid,200,1,identified,-0.24031899961628236,0.24032544815064763,0.03385315611524514,-6.857142857142856e-06
synthetic,20,0.1,Euler-Bernoulli,amplitudes,two_uniform,0.5;1.0,0.01,flexible,200,2,identified,-0.002697120104173833,0.01857217239694164,0.0020613271902651413,-5.8819659614867596e-08
synthetic,20,0.1,Euler-Bernoulli,amplitudes,two_uniform,0.5;1.0,0.03,rigid,200,1,identified,-0.23977271561366906,0.2398360423771493,0.0340510023418221,-6.857142857142856e-06
synthetic,20,0.1,Euler-Bernoulli,amplitudes,two_uniform,0.5;1.0,0.03,flexible,200,2,identified,0.005445179785179282,0.06225644103001666,0.0068130962021591005,2.286904494374716e-08
synthetic,20,0.1,Euler-Bernoulli,amplitudes,two_selected,0.5;1.0,0.0,rigid,200,1,identified,-0.24012979989183364,0.24012979989183356,0.03390829185731241,-6.857142857142856e-06
synthetic,20,0.1,Euler-Bernoulli,amplitudes,two_selected,0.5;1.0,0.0,flexible,200,2,identified,2.220446049250313e-16,2.220446049250313e-16,1.4535222445644136e-16,1.5246593050577406e-20
synthetic,20,0.1,Euler-Bernoulli,amplitudes,two_selected,0.5;1.0,0.0025,rigid,200,1,identified,-0.24008528097311632,0.24008565900222745,0.033922244672352865,-6.857142857142856e-06
synthetic,20,0.1,Euler-Bernoulli,amplitudes,two_selected,0.5;1.0,0.0025,flexible,200,2,identified,0.00047841849103951784,0.005188261226290204,0.0005762085408349354,8.133869806891963e-09
synthetic,20,0.1,Euler-Bernoulli,amplitudes,two_selected,0.5;1.0,0.01,rigid,200,1,identified,-0.23987136970080222,0.23987825349804595,0.03399167124952364,-6.857142857142856e-06
synthetic,20,0.1,Euler-Bernoulli,amplitudes,two_selected,0.5;1.0,0.01,flexible,200,2,identified,-0.00024234289964066014,0.019458890089224835,0.0021342647773673626,-2.301279437638275e-08
synthetic,20,0.1,Euler-Bernoulli,amplitudes,two_selected,0.5;1.0,0.03,rigid,200,1,identified,-0.23972136161639232,0.23979207291212956,0.034070723600505025,-6.857142857142856e-06
synthetic,20,0.1,Euler-Bernoulli,amplitudes,two_selected,0.5;1.0,0.03,flexible,200,2,identified,0.001477621054603725,0.06164166206536796,0.006663670478230263,-6.354283716272655e-08
synthetic,20,0.1,Euler-Bernoulli,amplitudes,four,0.25;0.5;0.75;1.0,0.0,rigid,200,1,identified,-0.24770340006587868,0.24770340006587876,0.02880603268583681,-6.857142857142856e-06
synthetic,20,0.1,Euler-Bernoulli,amplitudes,four,0.25;0.5;0.75;1.0,0.0,flexible,200,2,identified,-4.440892098500626e-16,4.440892098500626e-16,6.77015516735709e-17,-1.1011428314305904e-20
synthetic,20,0.1,Euler-Bernoulli,amplitudes,four,0.25;0.5;0.75;1.0,0.0025,rigid,200,1,identified,-0.24764422421177346,0.24764457969222725,0.028821646525792395,-6.857142857142856e-06
synthetic,20,0.1,Euler-Bernoulli,amplitudes,four,0.25;0.5;0.75;1.0,0.0025,flexible,200,2,identified,-0.00041639861713720083,0.003987265739455606,0.00038299650089374345,-1.1172150193863131e-08
synthetic,20,0.1,Euler-Bernoulli,amplitudes,four,0.25;0.5;0.75;1.0,0.01,rigid,200,1,identified,-0.24779066108231093,0.24779567501531483,0.0287856345810863,-6.857142857142856e-06
synthetic,20,0.1,Euler-Bernoulli,amplitudes,four,0.25;0.5;0.75;1.0,0.01,flexible,200,2,identified,0.0003031434432781832,0.015669507079093724,0.001447361878014208,4.561507264836665e-09
synthetic,20,0.1,Euler-Bernoulli,amplitudes,four,0.25;0.5;0.75;1.0,0.03,rigid,200,1,identified,-0.24811075842502778,0.24815862937568953,0.02872244967105782,-6.857142857142856e-06
synthetic,20,0.1,Euler-Bernoulli,amplitudes,four,0.25;0.5;0.75;1.0,0.03,flexible,200,2,identified,0.00010357351914881463,0.0503232717184125,0.0043970240849648175,-3.390131641526296e-08
synthetic,20,0.1,Euler-Bernoulli,locations,one,1.0,0.0,rigid,200,1,identified,-0.24005564203623384,0.24005564203623378,0.03945052550413193,-6.857142857142856e-06
synthetic,20,0.1,Euler-Bernoulli,locations,one,1.0,0.0,flexible,200,2,identified,-3.774758283725532e-15,3.774758283725532e-15,6.271301628709726e-16,-8.893845946170154e-20
synthetic,20,0.1,Euler-Bernoulli,locations,one,1.0,0.0025,rigid,200,1,identified,-0.24001083931915385,0.24001527652269292,0.039472678847251,-6.857142857142856e-06
synthetic,20,0.1,Euler-Bernoulli,locations,one,1.0,0.0025,flexible,200,2,identified,0.001837688962809233,0.03581939427696714,0.0044971981073788775,1.0587366291227515e-08
synthetic,20,0.1,Euler-Bernoulli,locations,one,1.0,0.01,rigid,200,1,identified,-0.24015490296086753,0.24024037526478276,0.0394770484064641,-6.857142857142856e-06
synthetic,20,0.1,Euler-Bernoulli,locations,one,1.0,0.01,flexible,200,2,identified,0.02187809300252193,0.1502249749710174,0.016624861642888813,6.35407411950882e-08
synthetic,20,0.1,Euler-Bernoulli,locations,one,1.0,0.03,rigid,200,1,identified,-0.23767625250524652,0.2384347648467168,0.04101023004707065,-6.857142857142856e-06
synthetic,20,0.1,Euler-Bernoulli,locations,one,1.0,0.03,flexible,200,2,identified,0.30270550024262943,1.019929166289941,0.04118827484987679,1.0156004042150884e-06
synthetic,20,0.1,Euler-Bernoulli,locations,two_uniform,0.5;1.0,0.0,rigid,200,1,identified,-0.24947108290219908,0.2494710829021991,0.030992709920255962,-6.857142857142856e-06
synthetic,20,0.1,Euler-Bernoulli,locations,two_uniform,0.5;1.0,0.0,flexible,200,2,identified,-1.3322676295501878e-15,1.3322676295501878e-15,1.901581808523943e-16,-3.134021904840911e-20
synthetic,20,0.1,Euler-Bernoulli,locations,two_uniform,0.5;1.0,0.0025,rigid,200,1,identified,-0.24934352309198238,0.24934845295024147,0.03103605510991402,-6.857142857142856e-06
synthetic,20,0.1,Euler-Bernoulli,locations,two_uniform,0.5;1.0,0.0025,flexible,200,2,identified,0.00186785386685828,0.015888401541457594,0.0015415641181279055,2.8803114053866372e-08
synthetic,20,0.1,Euler-Bernoulli,locations,two_uniform,0.5;1.0,0.01,rigid,200,1,identified,-0.24954388787043455,0.24961549553677745,0.031015755849940978,-6.857142857142856e-06
synthetic,20,0.1,Euler-Bernoulli,locations,two_uniform,0.5;1.0,0.01,flexible,200,2,identified,0.007132239701542427,0.060214310540768395,0.00571279443490307,7.912993640525819e-08
synthetic,20,0.1,Euler-Bernoulli,locations,two_uniform,0.5;1.0,0.03,rigid,200,1,identified,-0.24884918223765426,0.24944829762487067,0.03156395490648848,-6.857142857142856e-06
synthetic,20,0.1,Euler-Bernoulli,locations,two_uniform,0.5;1.0,0.03,flexible,200,2,identified,0.0388571715044095,0.21237422862439953,0.016189640181186685,5.163490626633109e-08
synthetic,20,0.1,Euler-Bernoulli,locations,two_selected,0.5;1.0,0.0,rigid,200,1,identified,-0.24947108290219908,0.2494710829021991,0.030992709920255962,-6.857142857142856e-06
synthetic,20,0.1,Euler-Bernoulli,locations,two_selected,0.5;1.0,0.0,flexible,200,2,identified,-1.3322676295501878e-15,1.3322676295501878e-15,1.901581808523943e-16,-3.134021904840911e-20
synthetic,20,0.1,Euler-Bernoulli,locations,two_selected,0.5;1.0,0.0025,rigid,200,1,identified,-0.24960861167033532,0.2496124190922343,0.030951809777842912,-6.857142857142856e-06
synthetic,20,0.1,Euler-Bernoulli,locations,two_selected,0.5;1.0,0.0025,flexible,200,2,identified,-0.0015500497432732229,0.01709494324761817,0.001619012745197006,-3.28684369356695e-08
synthetic,20,0.1,Euler-Bernoulli,locations,two_selected,0.5;1.0,0.01,rigid,200,1,identified,-0.24900670762208554,0.24907874383735165,0.031184635895722703,-6.857142857142856e-06
synthetic,20,0.1,Euler-Bernoulli,locations,two_selected,0.5;1.0,0.01,flexible,200,2,identified,-0.003149701351579437,0.05756616401238813,0.005878701706371651,-1.4829590830729424e-07
synthetic,20,0.1,Euler-Bernoulli,locations,two_selected,0.5;1.0,0.03,rigid,200,1,identified,-0.2471737014926699,0.24782644141114488,0.032107422258623945,-6.857142857142856e-06
synthetic,20,0.1,Euler-Bernoulli,locations,two_selected,0.5;1.0,0.03,flexible,200,2,identified,0.02611088811251715,0.19990638476841519,0.01654000976651403,-2.467153862382593e-07
synthetic,20,0.1,Euler-Bernoulli,locations,four,0.25;0.5;0.75;1.0,0.0,rigid,200,1,identified,-0.2566588631178222,0.25665886311782216,0.02645112425007789,-6.857142857142856e-06
synthetic,20,0.1,Euler-Bernoulli,locations,four,0.25;0.5;0.75;1.0,0.0,flexible,200,2,identified,-6.661338147750939e-16,6.661338147750939e-16,4.632211430296956e-17,-1.3552527156068805e-20
synthetic,20,0.1,Euler-Bernoulli,locations,four,0.25;0.5;0.75;1.0,0.0025,rigid,200,1,identified,-0.25673315357256016,0.2567365484564961,0.02643343377197289,-6.857142857142856e-06
synthetic,20,0.1,Euler-Bernoulli,locations,four,0.25;0.5;0.75;1.0,0.0025,flexible,200,2,identified,0.0001755332014048605,0.011449732602532098,0.0009775582975489682,3.643438544470946e-09
synthetic,20,0.1,Euler-Bernoulli,locations,four,0.25;0.5;0.75;1.0,0.01,rigid,200,1,identified,-0.25709842824614865,0.2571361888088528,0.026356824764138465,-6.857142857142856e-06
synthetic,20,0.1,Euler-Bernoulli,locations,four,0.25;0.5;0.75;1.0,0.01,flexible,200,2,identified,-0.0023799999801095246,0.04600428429453845,0.0038672234147934916,-7.271708717399535e-08
synthetic,20,0.1,Euler-Bernoulli,locations,four,0.25;0.5;0.75;1.0,0.03,rigid,200,1,identified,-0.2561588722800156,0.2565994941602516,0.026832534286168327,-6.857142857142856e-06
synthetic,20,0.1,Euler-Bernoulli,locations,four,0.25;0.5;0.75;1.0,0.03,flexible,200,2,identified,0.03606614800262343,0.17233325798117913,0.011666876574960489,2.2537720671449553e-07
synthetic,20,0.1,Timoshenko,single,one,1.0,0.0,rigid,200,1,identified,-0.23192134874611178,0.23192134874611173,0.043550480769230716,-6.857142857142856e-06
synthetic,20,0.1,Timoshenko,single,one,1.0,0.0,flexible,200,1,unidentifiable,,,,
synthetic,20,0.1,Timoshenko,single,one,1.0,0.0025,rigid,200,1,identified,-0.23208596488134092,0.23209428195335682,0.04348871854880591,-6.857142857142856e-06
synthetic,20,0.1,Timoshenko,single,one,1.0,0.0025,flexible,200,1,unidentifiable,,,,
synthetic,20,0.1,Timoshenko,single,one,1.0,0.01,rigid,200,1,identified,-0.2313684141601045,0.23148822666370264,0.04385081820863546,-6.857142857142856e-06
synthetic,20,0.1,Timoshenko,single,one,1.0,0.01,flexible,200,1,unidentifiable,,,,
synthetic,20,0.1,Timoshenko,single,one,1.0,0.03,rigid,200,1,identified,-0.23207669938006048,0.23337805522394187,0.04432904156819316,-6.857142857142856e-06
synthetic,20,0.1,Timoshenko,single,one,1.0,0.03,flexible,200,1,unidentifiable,,,,
synthetic,20,0.1,Timoshenko,single,two_uniform,0.5;1.0,0.0,rigid,200,1,identified,-0.2413139901700214,0.24131399017002128,0.03428038239135764,-6.857142857142856e-06
synthetic,20,0.1,Timoshenko,single,two_uniform,0.5;1.0,0.0,flexible,200,2,identified,-1.9984014443252818e-15,1.9984014443252818e-15,0.00026516504294505017,4.457142857139114e-08
synthetic,20,0.1,Timoshenko,single,two_uniform,0.5;1.0,0.0025,rigid,200,1,identified,-0.24107294306243318,0.24108006734899765,0.03435862657195847,-6.857142857142856e-06
synthetic,20,0.1,Timoshenko,single,two_uniform,0.5;1.0,0.0025,flexible,200,2,identified,0.0008068471609040929,0.019192421818809223,0.0020389896069832247,4.5199970889934456e-08
synthetic,20,0.1,Timoshenko,single,two_uniform,0.5;1.0,0.01,rigid,200,1,identified,-0.2409872449140417,0.2410889528969459,0.03443357573225206,-6.857142857142856e-06
synthetic,20,0.1,Timoshenko,single,two_uniform,0.5;1.0,0.01,flexible,200,2,identified,0.010348209362167436,0.08109184834058127,0.008307709908206968,1.2244629278419815e-07
synthetic,20,0.1,Timoshenko,single,two_uniform,0.5;1.0,0.03,rigid,200,1,identified,-0.2379834146537393,0.2389437514901451,0.03576264638022496,-6.857142857142856e-06
synthetic,20,0.1,Timoshenko,single,two_uniform,0.5;1.0,0.03,flexible,200,2,identified,0.033438269911311075,0.24297268232606456,0.022139162899567744,-3.2458039197991627e-07
synthetic,20,0.1,Timoshenko,single,two_selected,0.5;1.0,0.0,rigid,200,1,identified,-0.2413139901700214,0.24131399017002128,0.03428038239135764,-6.857142857142856e-06
synthetic,20,0.1,Timoshenko,single,two_selected,0.5;1.0,0.0,flexible,200,2,identified,-1.9984014443252818e-15,1.9984014443252818e-15,0.00026516504294505017,4.457142857139114e-08
synthetic,20,0.1,Timoshenko,single,two_selected,0.5;1.0,0.0025,rigid,200,1,identified,-0.2411663756276123,0.2411720159213785,0.03432896374851598,-6.857142857142856e-06
synthetic,20,0.1,Timoshenko,single,two_selected,0.5;1.0,0.0025,flexible,200,2,identified,0.0004018104790089272,0.01842078819386859,0.0020868286568992765,4.054039944460879e-08
synthetic,20,0.1,Timoshenko,single,two_selected,0.5;1.0,0.01,rigid,200,1,identified,-0.24190394626254538,0.242014116663144,0.03415483127757413,-6.857142857142856e-06
synthetic,20,0.1,Timoshenko,single,two_selected,0.5;1.0,0.01,flexible,200,2,identified,0.0101153693771314,0.08113096386156898,0.008578242163694896,1.527978047767097e-07
synthetic,20,0.1,Timoshenko,single,two_selected,0.5;1.0,0.03,rigid,200,1,identified,-0.242421241006438,0.24350786079575362,0.03450443532515321,-6.857142857142856e-06
synthetic,20,0.1,Timoshenko,single,two_selected,0.5;1.0,0.03,flexible,200,2,identified,0.059719016201752365,0.2982710632909476,0.024225238024652918,1.2756089556158732e-07
synthetic,20,0.1,Timoshenko,single,four,0.25;0.5;0.75;1.0,0.0,rigid,200,1,identified,-0.24891270476492267,0.24891270476492267,0.029159928735412743,-6.857142857142856e-06
synthetic,20,0.1,Timoshenko,single,four,0.25;0.5;0.75;1.0,0.0,flexible,200,2,identified,8.881784197001252e-16,8.881784197001252e-16,0.00022963966338584798,4.457142857144959e-08
synthetic,20,0.1,Timoshenko,single,four,0.25;0.5;0.75;1.0,0.0025,rigid,200,1,identified,-0.24894558967740482,0.24894966887758294,0.029153256226731716,-6.857142857142856e-06
synthetic,20,0.1,Timoshenko,single,four,0.25;0.5;0.75;1.0,0.0025,flexible,200,2,identified,0.0004992820051122809,0.01533237294134188,0.0014293558851137522,5.137467438206536e-08
synthetic,20,0.1,Timoshenko,single,four,0.25;0.5;0.75;1.0,0.01,rigid,200,1,identified,-0.24872243627935867,0.24880530974825232,0.029248597071763516,-6.857142857142856e-06
synthetic,20,0.1,Timoshenko,single,four,0.25;0.5;0.75;1.0,0.01,flexible,200,2,identified,0.006174043950684538,0.059699034750413986,0.0052423146671469936,9.55417138208035e-08
synthetic,20,0.1,Timoshenko,single,four,0.25;0.5;0.75;1.0,0.03,rigid,200,1,identified,-0.24981579314755542,0.2505087964971377,0.029253900176652664,-6.857142857142856e-06
synthetic,20,0.1,Timoshenko,single,four,0.25;0.5;0.75;1.0,0.03,flexible,200,2,identified,0.03179411442999151,0.19655678888407055,0.016016853161499964,7.306580625344243e-08
synthetic,20,0.1,Timoshenko,amplitudes,one,1.0,0.0,rigid,200,1,identified,-0.23192134874611178,0.23192134874611173,0.043550480769230716,-6.857142857142856e-06
synthetic,20,0.1,Timoshenko,amplitudes,one,1.0,0.0,flexible,200,1,unidentifiable,,,,
synthetic,20,0.1,Timoshenko,amplitudes,one,1.0,0.0025,rigid,200,1,identified,-0.23194183380560876,0.23194236443880906,0.0435424721664112,-6.857142857142856e-06
synthetic,20,0.1,Timoshenko,amplitudes,one,1.0,0.0025,flexible,200,1,unidentifiable,,,,
synthetic,20,0.1,Timoshenko,amplitudes,one,1.0,0.01,rigid,200,1,identified,-0.23182998649693523,0.23183818518089921,0.043592923421965225,-6.857142857142856e-06
synthetic,20,0.1,Timoshenko,amplitudes,one,1.0,0.01,flexible,200,1,unidentifiable,,,,
synthetic,20,0.1,Timoshenko,amplitudes,one,1.0,0.03,rigid,200,1,identified,-0.23255822019766967,0.23263663603735132,0.043341560233979,-6.857142857142856e-06
synthetic,20,0.1,Timoshenko,amplitudes,one,1.0,0.03,flexible,200,1,unidentifiable,,,,
synthetic,20,0.1,Timoshenko,amplitudes,two_uniform,0.5;1.0,0.0,rigid,200,1,identified,-0.2413139901700218,0.24131399017002175,0.03428038239135747,-6.857142857142856e-06
synthetic,20,0.1,Timoshenko,amplitudes,two_uniform,0.5;1.0,0.0,flexible,200,2,identified,4.440892098500626e-16,4.440892098500626e-16,0.0002651650429448486,4.457142857145128e-08
synthetic,20,0.1,Timoshenko,amplitudes,two_uniform,0.5;1.0,0.0025,rigid,200,1,identified,-0.2413055391016762,0.2413060873446177,0.03428328077686326,-6.857142857142856e-06
synthetic,20,0.1,Timoshenko,amplitudes,two_uniform,0.5;1.0,0.0025,flexible,200,2,identified,-0.0003488010610839276,0.005133144852933699,0.000636649311847962,3.612508205689954e-08
synthetic,20,0.1,Timoshenko,amplitudes,two_uniform,0.5;1.0,0.01,rigid,200,1,identified,-0.24127189977224361,0.24128139614525598,0.034298300264236435,-6.857142857142856e-06
synthetic,20,0.1,Timoshenko,amplitudes,two_uniform,0.5;1.0,0.01,flexible,200,2,identified,0.0014878149034769572,0.019839816654425264,0.0022143562872946054,6.701100407321741e-08
synthetic,20,0.1,Timoshenko,amplitudes,two_uniform,0.5;1.0,0.03,rigid,200,1,identified,-0.2417030621892588,0.2417711419224716,0.03419517985384374,-6.857142857142856e-06
synthetic,20,0.1,Timoshenko,amplitudes,two_uniform,0.5;1.0,0.03,flexible,200,2,identified,0.005054499563399919,0.05775693766609596,0.006422636529801092,1.0109722688545842e-07
synthetic,20,0.1,Timoshenko,amplitudes,two_selected,0.5;1.0,0.0,rigid,200,1,identified,-0.2413139901700218,0.24131399017002175,0.03428038239135747,-6.857142857142856e-06
synthetic,20,0.1,Timoshenko,amplitudes,two_selected,0.5;1.0,0.0,flexible,200,2,identified,4.440892098500626e-16,4.440892098500626e-16,0.0002651650429448486,4.457142857145128e-08
synthetic,20,0.1,Timoshenko,amplitudes,two_selected,0.5;1.0,0.0025,rigid,200,1,identified,-0.24127703055988903,0.24127749968156711,0.03429206430701042,-6.857142857142856e-06
synthetic,20,0.1,Timoshenko,amplitudes,two_selected,0.5;1.0,0.0025,flexible,200,2,identified,0.00021180579980184023,0.005083239744926117,0.0006134061553562494,4.7224711416614834e-08
synthetic,20,0.1,Timoshenko,amplitudes,two_selected,0.5;1.0,0.01,rigid,200,1,identified,-0.24122900722991703,0.24123727968218436,0.03431093121555027,-6.857142857142856e-06
synthetic,20,0.1,Timoshenko,amplitudes,two_selected,0.5;1.0,0.01,flexible,200,2,identified,0.002246680598022959,0.01861444260607705,0.0020973128620497255,8.289754166484502e-08
synthetic,20,0.1,Timoshenko,amplitudes,two_selected,0.5;1.0,0.03,rigid,200,1,identified,-0.24078003277746263,0.2408377649886312,0.03447507730308152,-6.857142857142856e-06
synthetic,20,0.1,Timoshenko,amplitudes,two_selected,0.5;1.0,0.03,flexible,200,2,identified,0.01667633948934101,0.07583563124892187,0.007997506590265383,2.677145646174788e-07
synthetic,20,0.1,Timoshenko,amplitudes,four,0.25;0.5;0.75;1.0,0.0,rigid,200,1,identified,-0.24891270476492264,0.24891270476492253,0.02915992873541278,-6.857142857142856e-06
synthetic,20,0.1,Timoshenko,amplitudes,four,0.25;0.5;0.75;1.0,0.0,flexible,200,2,identified,-2.220446049250313e-16,2.220446049250313e-16,0.00022963966338595128,4.4571428571424176e-08
synthetic,20,0.1,Timoshenko,amplitudes,four,0.25;0.5;0.75;1.0,0.0025,rigid,200,1,identified,-0.248893317830559,0.24889363731976388,0.029165148743733594,-6.857142857142856e-06
synthetic,20,0.1,Timoshenko,amplitudes,four,0.25;0.5;0.75;1.0,0.0025,flexible,200,2,identified,-3.193102863987773e-05,0.0040768894290750595,0.00043614145695263125,4.285244380938646e-08
synthetic,20,0.1,Timoshenko,amplitudes,four,0.25;0.5;0.75;1.0,0.01,rigid,200,1,identified,-0.24872209922180333,0.24872720945778104,0.02921216243953833,-6.857142857142856e-06
synthetic,20,0.1,Timoshenko,amplitudes,four,0.25;0.5;0.75;1.0,0.01,flexible,200,2,identified,0.0004559169854810546,0.016550659264178466,0.0015089842391228744,4.148190022048711e-08
synthetic,20,0.1,Timoshenko,amplitudes,four,0.25;0.5;0.75;1.0,0.03,rigid,200,1,identified,-0.24875057921119595,0.24879049645089765,0.02922119455500742,-6.857142857142856e-06
synthetic,20,0.1,Timoshenko,amplitudes,four,0.25;0.5;0.75;1.0,0.03,flexible,200,2,identified,0.0019272562956437172,0.04574432675172544,0.0040743798829957914,3.643908960517745e-08
synthetic,20,0.1,Timoshenko,locations,one,1.0,0.0,rigid,200,1,identified,-0.24123958271054033,0.24123958271054025,0.0397069539199088,-6.857142857142856e-06
synthetic,20,0.1,Timoshenko,locations,one,1.0,0.0,flexible,200,2,identified,-2.886579864025407e-15,2.886579864025407e-15,5.13106496894432e-16,4.457142857135811e-08
synthetic,20,0.1,Timoshenko,locations,one,1.0,0.0025,rigid,200,1,identified,-0.24132300620016864,0.24132737053507003,0.039675589758055935,-6.857142857142856e-06
synthetic,20,0.1,Timoshenko,locations,one,1.0,0.0025,flexible,200,2,identified,0.004976544841425181,0.03664855274155463,0.004492808613707206,1.273441551848034e-07
synthetic,20,0.1,Timoshenko,locations,one,1.0,0.01,rigid,200,1,identified,-0.2413004807942844,0.24138646190290675,0.039749945645353536,-6.857142857142856e-06
synthetic,20,0.1,Timoshenko,locations,one,1.0,0.01,flexible,200,2,identified,0.008681132805856024,0.15670842789842684,0.017754350492564037,-2.479002861645614e-07
synthetic,20,0.1,Timoshenko,locations,one,1.0,0.03,rigid,200,1,identified,-0.24023762287155456,0.24092442457889152,0.04065641836872448,-6.857142857142856e-06
synthetic,20,0.1,Timoshenko,locations,one,1.0,0.03,flexible,200,2,identified,5000000000.192395,70710678118.58405,0.03877185637751112,2.2769720922721645e-07
synthetic,20,0.1,Timoshenko,locations,two_uniform,0.5;1.0,0.0,rigid,200,1,identified,-0.2507055065149127,0.2507055065149128,0.031344455487827966,-6.857142857142856e-06
synthetic,20,0.1,Timoshenko,locations,two_uniform,0.5;1.0,0.0,flexible,200,2,identified,0.000613868551765151,0.000613868551765151,0.00023385527339188865,5.7939027170368096e-08
synthetic,20,0.1,Timoshenko,locations,two_uniform,0.5;1.0,0.0025,rigid,200,1,identified,-0.2506084875387639,0.2506127046311023,0.03137776374162894,-6.857142857142856e-06
synthetic,20,0.1,Timoshenko,locations,two_uniform,0.5;1.0,0.0025,flexible,200,2,identified,-0.0006052277079094437,0.015783605627698094,0.0015223555615051189,2.419685753810611e-08
synthetic,20,0.1,Timoshenko,locations,two_uniform,0.5;1.0,0.01,rigid,200,1,identified,-0.2512183075122239,0.251280790811875,0.03122311072669005,-6.857142857142856e-06
synthetic,20,0.1,Timoshenko,locations,two_uniform,0.5;1.0,0.01,flexible,200,2,identified,0.0013773885203249424,0.061999359441086734,0.006115508567811269,1.599231985356668e-08
synthetic,20,0.1,Timoshenko,locations,two_uniform,0.5;1.0,0.03,rigid,200,1,identified,-0.2512866298462214,0.2518343829620824,0.03151374818716838,-6.857142857142856e-06
synthetic,20,0.1,Timoshenko,locations,two_uniform,0.5;1.0,0.03,flexible,200,2,identified,0.05243231386200625,0.21949401554223277,0.017157359598037377,4.02717195057551e-07
synthetic,20,0.1,Timoshenko,locations,two_selected,0.5;1.0,0.0,rigid,200,1,identified,-0.2507055065149127,0.2507055065149128,0.031344455487827966,-6.857142857142856e-06
synthetic,20,0.1,Timoshenko,locations,two_selected,0.5;1.0,0.0,flexible,200,2,identified,0.000613868551765151,0.000613868551765151,0.00023385527339188865,5.7939027170368096e-08
synthetic,20,0.1,Timoshenko,locations,two_selected,0.5;1.0,0.0025,rigid,200,1,identified,-0.2507591990332083,0.25076288419804793,0.03132986527152462,-6.857142857142856e-06
synthetic,20,0.1,Timoshenko,locations,two_selected,0.5;1.0,0.0025,flexible,200,2,identified,0.0010101829449615746,0.015661064659806663,0.001499576690645582,6.314140873339463e-08
synthetic,20,0.1,Timoshenko,locations,two_selected,0.5;1.0,0.01,rigid,200,1,identified,-0.25049995177421197,0.2505712231634712,0.031454786510683404,-6.857142857142856e-06
synthetic,20,0.1,Timoshenko,locations,two_selected,0.5;1.0,0.01,flexible,200,2,identified,0.005640209813314182,0.05901792851932745,0.005839127067580591,8.490901691018819e-08
synthetic,20,0.1,Timoshenko,locations,two_selected,0.5;1.0,0.03,rigid,200,1,identified,-0.24910835506082518,0.24973468165139398,0.0322313546416466,-6.857142857142856e-06
synthetic,20,0.1,Timoshenko,locations,two_selected,0.5;1.0,0.03,flexible,200,2,identified,0.02442484681815438,0.1994525031395701,0.017716500821794004,-1.8743078440640335e-07
synthetic,20,0.1,Timoshenko,locations,four,0.25;0.5;0.75;1.0,0.0,rigid,200,1,identified,-0.25795238544418586,0.25795238544418586,0.026778724686117722,-6.857142857142856e-06
synthetic,20,0.1,Timoshenko,locations,four,0.25;0.5;0.75;1.0,0.0,flexible,200,2,identified,0.0007255911161307971,0.000725591116130797,0.00018345066116272186,6.097210395241745e-08
synthetic,20,0.1,Timoshenko,locations,four,0.25;0.5;0.75;1.0,0.0025,rigid,200,1,identified,-0.2578832272153553,0.25788623525046434,0.026798810202595218,-6.857142857142856e-06
synthetic,20,0.1,Timoshenko,locations,four,0.25;0.5;0.75;1.0,0.0025,flexible,200,2,identified,0.0008291153297620662,0.011510178084058579,0.0009726524259336368,5.799320984196004e-08
synthetic,20,0.1,Timoshenko,locations,four,0.25;0.5;0.75;1.0,0.01,rigid,200,1,identified,-0.2582951043210839,0.25834468744195854,0.026716482073142058,-6.857142857142856e-06
synthetic,20,0.1,Timoshenko,locations,four,0.25;0.5;0.75;1.0,0.01,flexible,200,2,identified,-0.0007456253865736596,0.045867933003513064,0.0036613451327688986,3.260099035879526e-09
synthetic,20,0.1,Timoshenko,locations,four,0.25;0.5;0.75;1.0,0.03,rigid,200,1,identified,-0.2578836599657005,0.258332786580628,0.02705401990518892,-6.857142857142856e-06
synthetic,20,0.1,Timoshenko,locations,four,0.25;0.5;0.75;1.0,0.03,flexible,200,2,identified,0.02215933536854948,0.1587750171039978,0.012299971140324316,4.94807481251011e-08
synthetic,50,0.0,Euler-Bernoulli,single,one,1.0,0.0,rigid,200,1,identified,0.0,0.0,0.0,-0.0
synthetic,50,0.0,Euler-Bernoulli,single,one,1.0,0.0,flexible,200,1,unidentifiable,,,,
synthetic,50,0.0,Euler-Bernoulli,single,one,1.0,0.0025,rigid,200,1,identified,4.848573308306348e-05,0.002406580627962597,0.0007521785786957525,-0.0
synthetic,50,0.0,Euler-Bernoulli,single,one,1.0,0.0025,flexible,200,1,unidentifiable,,,,
synthetic,50,0.0,Euler-Bernoulli,single,one,1.0,0.01,rigid,200,1,identified,0.001205612845888747,0.010583969003653427,0.0033028444493389034,-0.0
synthetic,50,0.0,Euler-Bernoulli,single,one,1.0,0.01,flexible,200,1,unidentifiable,,,,
synthetic,50,0.0,Euler-Bernoulli,single,one,1.0,0.03,rigid,200,1,identified,0.00010641232618179509,0.029766484917827837,0.009215851365008295,-0.0
synthetic,50,0.0,Euler-Bernoulli,single,one,1.0,0.03,flexible,200,1,unidentifiable,,,,
synthetic,50,0.0,Euler-Bernoulli,single,two_uniform,0.5;1.0,0.0,rigid,200,1,identified,2.220446049250313e-16,2.220446049250313e-16,2.999979770512318e-17,-0.0
synthetic,50,0.0,Euler-Bernoulli,single,two_uniform,0.5;1.0,0.0,flexible,200,2,identified,2.220446049250313e-16,2.220446049250313e-16,2.999979770512318e-17,0.0
synthetic,50,0.0,Euler-Bernoulli,single,two_uniform,0.5;1.0,0.0025,rigid,200,1,identified,0.00018138557156975488,0.002326910161556845,0.0005537638242680472,-0.0
synthetic,50,0.0,Euler-Bernoulli,single,two_uniform,0.5;1.0,0.0025,flexible,200,2,identified,0.006835977835507683,0.011809352535708459,0.0015934708896345334,2.2118504081239375e-06
synthetic,50,0.0,Euler-Bernoulli,single,two_uniform,0.5;1.0,0.01,rigid,200,1,identified,0.0008512225092833453,0.008815312137846755,0.002092531094706168,-0.0
synthetic,50,0.0,Euler-Bernoulli,single,two_uniform,0.5;1.0,0.01,flexible,200,2,identified,0.028294321199590407,0.05059852604230498,0.006449163330723777,8.54747273898139e-06
synthetic,50,0.0,Euler-Bernoulli,single,two_uniform,0.5;1.0,0.03,rigid,200,1,identified,0.0007199469543148568,0.030360952830231096,0.007176450501631808,-0.0
synthetic,50,0.0,Euler-Bernoulli,single,two_uniform,0.5;1.0,0.03,flexible,200,2,identified,0.07144030320668512,0.1483924248286188,0.01702505977516202,1.8923829001032485e-05
synthetic,50,0.0,Euler-Bernoulli,single,two_selected,0.5;1.0,0.0,rigid,200,1,identified,2.220446049250313e-16,2.220446049250313e-16,2.999979770512318e-17,-0.0
synthetic,50,0.0,Euler-Bernoulli,single,two_selected,0.5;1.0,0.0,flexible,200,2,identified,2.220446049250313e-16,2.220446049250313e-16,2.999979770512318e-17,0.0
synthetic,50,0.0,Euler-Bernoulli,single,two_selected,0.5;1.0,0.0025,rigid,200,1,identified,-6.32102551188235e-05,0.0023752632011860893,0.0005655372029161716,-0.0
synthetic,50,0.0,Euler-Bernoulli,single,two_selected,0.5;1.0,0.0025,flexible,200,2,identified,0.005679609764002116,0.010008977475416824,0.0015351032428089703,1.9157036303340575e-06
synthetic,50,0.0,Euler-Bernoulli,single,two_selected,0.5;1.0,0.01,rigid,200,1,identified,0.0006111285566697149,0.009277430829026921,0.0022045784540328526,-0.0
synthetic,50,0.0,Euler-Bernoulli,single,two_selected,0.5;1.0,0.01,flexible,200,2,identified,0.022299537155162842,0.04397955718005723,0.0055432270178354965,6.788163899495961e-06
synthetic,50,0.0,Euler-Bernoulli,single,two_selected,0.5;1.0,0.03,rigid,200,1,identified,0.003106994027843566,0.02918426019146464,0.006879027536356636,-0.0
synthetic,50,0.0,Euler-Bernoulli,single,two_selected,0.5;1.0,0.03,flexible,200,2,identified,0.1075941601974608,0.21020125097658285,0.02003891771004406,2.5961924670476968e-05
synthetic,50,0.0,Euler-Bernoulli,single,four,0.25;0.5;0.75;1.0,0.0,rigid,200,1,identified,2.220446049250313e-16,2.220446049250313e-16,2.855895656800437e-17,-0.0
synthetic,50,0.0,Euler-Bernoulli,single,four,0.25;0.5;0.75;1.0,0.0,flexible,200,2,identified,-2.220446049250313e-16,2.220446049250313e-16,4.373184431841593e-17,0.0
synthetic,50,0.0,Euler-Bernoulli,single,four,0.25;0.5;0.75;1.0,0.0025,rigid,200,1,identified,0.0003143463858912437,0.0020553703279149772,0.0004141148309154702,-0.0
synthetic,50,0.0,Euler-Bernoulli,single,four,0.25;0.5;0.75;1.0,0.0025,flexible,200,2,identified,0.0043157072019694,0.007552233630525493,0.0008719260987526551,1.2851381932955041e-06
synthetic,50,0.0,Euler-Bernoulli,single,four,0.25;0.5;0.75;1.0,0.01,rigid,200,1,identified,0.0005911743300065525,0.00749341279755136,0.0015079082397237804,-0.0
synthetic,50,0.0,Euler-Bernoulli,single,four,0.25;0.5;0.75;1.0,0.01,flexible,200,2,identified,0.02182923864646109,0.03664738054296703,0.004000194371025486,6.522684790641488e-06
synthetic,50,0.0,Euler-Bernoulli,single,four,0.25;0.5;0.75;1.0,0.03,rigid,200,1,identified,-0.0016337480523712711,0.024051666561904855,0.004884358592053946,-0.0
synthetic,50,0.0,Euler-Bernoulli,single,four,0.25;0.5;0.75;1.0,0.03,flexible,200,2,identified,0.05921270900307198,0.11651918432764506,0.011812173199692888,1.6578985153048548e-05
synthetic,50,0.0,Euler-Bernoulli,amplitudes,one,1.0,0.0,rigid,200,1,identified,-2.220446049250313e-16,2.220446049250313e-16,7.589415207398532e-17,-0.0
synthetic,50,0.0,Euler-Bernoulli,amplitudes,one,1.0,0.0,flexible,200,1,unidentifiable,,,,
synthetic,50,0.0,Euler-Bernoulli,amplitudes,one,1.0,0.0025,rigid,200,1,identified,-3.3161044951696136e-05,0.000739282451267908,0.0002310560278226478,-0.0
synthetic,50,0.0,Euler-Bernoulli,amplitudes,one,1.0,0.0025,flexible,200,1,unidentifiable,,,,
synthetic,50,0.0,Euler-Bernoulli,amplitudes,one,1.0,0.01,rigid,200,1,identified,-9.622643470906411e-05,0.002522804024808115,0.000788587404135406,-0.0
synthetic,50,0.0,Euler-Bernoulli,amplitudes,one,1.0,0.01,flexible,200,1,unidentifiable,,,,
synthetic,50,0.0,Euler-Bernoulli,amplitudes,one,1.0,0.03,rigid,200,1,identified,0.0003786744449627777,0.007359832763906579,0.002298496866248487,-0.0
synthetic,50,0.0,Euler-Bernoulli,amplitudes,one,1.0,0.03,flexible,200,1,unidentifiable,,,,
synthetic,50,0.0,Euler-Bernoulli,amplitudes,two_uniform,0.5;1.0,0.0,rigid,200,1,identified,0.0,0.0,0.0,-0.0
synthetic,50,0.0,Euler-Bernoulli,amplitudes,two_uniform,0.5;1.0,0.0,flexible,200,2,identified,0.0,0.0,0.0,0.0
synthetic,50,0.0,Euler-Bernoulli,amplitudes,two_uniform,0.5;1.0,0.0025,rigid,200,1,identified,-2.966452287172794e-05,0.0006359862187139031,0.00015137080818611814,-0.0
synthetic,50,0.0,Euler-Bernoulli,amplitudes,two_uniform,0.5;1.0,0.0025,flexible,200,2,identified,0.0016369021842778519,0.0029788094559632904,0.00044058891937592517,5.621879833576098e-07
synthetic,50,0.0,Euler-Bernoulli,amplitudes,two_uniform,0.5;1.0,0.01,rigid,200,1,identified,9.409028512169404e-05,0.002439027296187306,0.0005799028908984434,-0.0
synthetic,50,0.0,Euler-Bernoulli,amplitudes,two_uniform,0.5;1.0,0.01,flexible,200,2,identified,0.005174174757809463,0.009850613031913301,0.001376525166609471,1.6922233433738473e-06
synthetic,50,0.0,Euler-Bernoulli,amplitudes,two_uniform,0.5;1.0,0.03,rigid,200,1,identified,-0.0007011434605263267,0.0074036292053623574,0.0017638399865635844,-0.0
synthetic,50,0.0,Euler-Bernoulli,amplitudes,two_uniform,0.5;1.0,0.03,flexible,200,2,identified,0.018766972240703873,0.035634703278166584,0.004894768272825543,6.220585809586263e-06
synthetic,50,0.0,Euler-Bernoulli,amplitudes,two_selected,0.5;1.0,0.0,rigid,200,1,identified,0.0,0.0,0.0,-0.0
synthetic,50,0.0,Euler-Bernoulli,amplitudes,two_selected,0.5;1.0,0.0,flexible,200,2,identified,0.0,0.0,0.0,0.0
synthetic,50,0.0,Euler-Bernoulli,amplitudes,two_selected,0.5;1.0,0.0025,rigid,200,1,identified,-3.2264372079275906e-05,0.0006149137350657867,0.00014635653531037667,-0.0
synthetic,50,0.0,Euler-Bernoulli,amplitudes,two_selected,0.5;1.0,0.0025,flexible,200,2,identified,0.001688505381945492,0.0030067271595712306,0.00043069195950130754,5.804991824831751e-07
synthetic,50,0.0,Euler-Bernoulli,amplitudes,two_selected,0.5;1.0,0.01,rigid,200,1,identified,-0.00024196658960418837,0.0025771764815911043,0.000614093119354961,-0.0
synthetic,50,0.0,Euler-Bernoulli,amplitudes,two_selected,0.5;1.0,0.01,flexible,200,2,identified,0.006527172170822155,0.011486849839521416,0.001754649370228313,2.2536367045441527e-06
synthetic,50,0.0,Euler-Bernoulli,amplitudes,two_selected,0.5;1.0,0.03,rigid,200,1,identified,0.00038346593948246024,0.007875130635403323,0.0018714170843122065,-0.0
synthetic,50,0.0,Euler-Bernoulli,amplitudes,two_selected,0.5;1.0,0.03,flexible,200,2,identified,0.021409485388254917,0.03997143417241977,0.005223033575554071,6.654895166979933e-06
synthetic,50,0.0,Euler-Bernoulli,amplitudes,four,0.25;0.5;0.75;1.0,0.0,rigid,200,1,identified,0.0,0.0,0.0,-0.0
synthetic,50,0.0,Euler-Bernoulli,amplitudes,four,0.25;0.5;0.75;1.0,0.0,flexible,200,2,identified,0.0,0.0,0.0,0.0
synthetic,50,0.0,Euler-Bernoulli,amplitudes,four,0.25;0.5;0.75;1.0,0.0025,rigid,200,1,identified,-6.461219150055708e-05,0.0006109764882332668,0.00012322112759606172,-0.0
synthetic,50,0.0,Euler-Bernoulli,amplitudes,four,0.25;0.5;0.75;1.0,0.0025,flexible,200,2,identified,0.0012404216546543457,0.002288422945122901,0.0002917869585429508,4.230862051650285e-07
synthetic,50,0.0,Euler-Bernoulli,amplitudes,four,0.25;0.5;0.75;1.0,0.01,rigid,200,1,identified,-4.4619975011870314e-05,0.002221876392308619,0.00044791334339816714,-0.0
synthetic,50,0.0,Euler-Bernoulli,amplitudes,four,0.25;0.5;0.75;1.0,0.01,flexible,200,2,identified,0.0043075217137312025,0.00852718617747198,0.0009522500128068853,1.3945900255861812e-06
synthetic,50,0.0,Euler-Bernoulli,amplitudes,four,0.25;0.5;0.75;1.0,0.03,rigid,200,1,identified,-0.0004752956029661781,0.007013000715949832,0.0014162115288868249,-0.0
synthetic,50,0.0,Euler-Bernoulli,amplitudes,four,0.25;0.5;0.75;1.0,0.03,flexible,200,2,identified,0.012809656823374156,0.02471906386955849,0.0029516090254693033,4.150052366951064e-06
synthetic,50,0.0,Euler-Bernoulli,locations,one,1.0,0.0,rigid,200,1,identified,2.220446049250313e-16,2.220446049250313e-16,3.794707603699266e-17,-0.0
synthetic,50,0.0,Euler-Bernoulli,locations,one,1.0,0.0,flexible,200,2,identified,2.220446049250313e-16,2.220446049250313e-16,3.794707603699266e-17,0.0
synthetic,50,0.0,Euler-Bernoulli,locations,one,1.0,0.0025,rigid,200,1,identified,-0.00014266648704131579,0.002075159645152295,0.0006487378621264481,-0.0
synthetic,50,0.0,Euler-Bernoulli,locations,one,1.0,0.0025,flexible,200,2,identified,0.009720090016117632,0.01872824674557725,0.002925200705573857,3.2329296883815774e-06
synthetic,50,0.0,Euler-Bernoulli,locations,one,1.0,0.01,rigid,200,1,identified,0.00025715467781004144,0.008145647195334728,0.002540708248679791,-0.0
synthetic,50,0.0,Euler-Bernoulli,locations,one,1.0,0.01,flexible,200,2,identified,0.04685115053820172,0.09021035592009304,0.012030195418082612,1.3574699465040063e-05
synthetic,50,0.0,Euler-Bernoulli,locations,one,1.0,0.03,rigid,200,1,identified,0.0027084293208476428,0.026473452060147187,0.008136751726973165,-0.0
synthetic,50,0.0,Euler-Bernoulli,locations,one,1.0,0.03,flexible,200,2,identified,0.3041562889673869,0.6774511109038833,0.04042470790970484,5.1669546360662803e-05
synthetic,50,0.0,Euler-Bernoulli,locations,two_uniform,0.5;1.0,0.0,rigid,200,1,identified,0.0,0.0,0.0,-0.0
synthetic,50,0.0,Euler-Bernoulli,locations,two_uniform,0.5;1.0,0.0,flexible,200,2,identified,0.0,0.0,0.0,0.0
synthetic,50,0.0,Euler-Bernoulli,locations,two_uniform,0.5;1.0,0.0025,rigid,200,1,identified,0.00012024685659731749,0.0020609886264136247,0.000490432358031441,-0.0
synthetic,50,0.0,Euler-Bernoulli,locations,two_uniform,0.5;1.0,0.0025,flexible,200,2,identified,0.0042745980503010915,0.008424531700381228,0.001117694406133037,1.318055883286469e-06
synthetic,50,0.0,Euler-Bernoulli,locations,two_uniform,0.5;1.0,0.01,rigid,200,1,identified,-0.0006404455256418973,0.008620893487510372,0.002056073551712074,-0.0
synthetic,50,0.0,Euler-Bernoulli,locations,two_uniform,0.5;1.0,0.01,flexible,200,2,identified,0.016798793669234785,0.03325101438770899,0.0042234916298329915,5.3145868681296e-06
synthetic,50,0.0,Euler-Bernoulli,locations,two_uniform,0.5;1.0,0.03,rigid,200,1,identified,0.0005799374885674935,0.0234023437135359,0.005568835954949172,-0.0
synthetic,50,0.0,Euler-Bernoulli,locations,two_uniform,0.5;1.0,0.03,flexible,200,2,identified,0.06682346225326696,0.12025689096375064,0.012645886664649976,1.7813822124422674e-05
synthetic,50,0.0,Euler-Bernoulli,locations,two_selected,0.5;1.0,0.0,rigid,200,1,identified,0.0,0.0,0.0,-0.0
synthetic,50,0.0,Euler-Bernoulli,locations,two_selected,0.5;1.0,0.0,flexible,200,2,identified,0.0,0.0,0.0,0.0
synthetic,50,0.0,Euler-Bernoulli,locations,two_selected,0.5;1.0,0.0025,rigid,200,1,identified,6.775245838651078e-06,0.0019361691115949565,0.0004605495768963334,-0.0
synthetic,50,0.0,Euler-Bernoulli,locations,two_selected,0.5;1.0,0.0025,flexible,200,2,identified,0.004286346778103951,0.008226447981501992,0.0010696762928735827,1.3592399886399972e-06
synthetic,50,0.0,Euler-Bernoulli,locations,two_selected,0.5;1.0,0.01,rigid,200,1,identified,0.0003597984297780249,0.008021004504905149,0.0019084376917132845,-0.0
synthetic,50,0.0,Euler-Bernoulli,locations,two_selected,0.5;1.0,0.01,flexible,200,2,identified,0.020657010976631845,0.03709760586687231,0.004546157830521697,6.151775766933344e-06
synthetic,50,0.0,Euler-Bernoulli,locations,two_selected,0.5;1.0,0.03,rigid,200,1,identified,0.0033388327827853083,0.02345748768928899,0.005537605718760021,-0.0
synthetic,50,0.0,Euler-Bernoulli,locations,two_selected,0.5;1.0,0.03,flexible,200,2,identified,0.0747805996836475,0.14246025628674122,0.01326635975705419,1.8385667301836646e-05
synthetic,50,0.0,Euler-Bernoulli,locations,four,0.25;0.5;0.75;1.0,0.0,rigid,200,1,identified,2.220446049250313e-16,2.220446049250313e-16,2.855895656800437e-17,-0.0
synthetic,50,0.0,Euler-Bernoulli,locations,four,0.25;0.5;0.75;1.0,0.0,flexible,200,2,identified,2.220446049250313e-16,2.220446049250313e-16,2.855895656800437e-17,0.0
synthetic,50,0.0,Euler-Bernoulli,locations,four,0.25;0.5;0.75;1.0,0.0025,rigid,200,1,identified,-2.9475204304480473e-05,0.0016682447013108398,0.0003364176016355889,-0.0
synthetic,50,0.0,Euler-Bernoulli,locations,four,0.25;0.5;0.75;1.0,0.0025,flexible,200,2,identified,0.0037231858820672924,0.0070861068408542985,0.0006756726943610868,1.15003227973523e-06
synthetic,50,0.0,Euler-Bernoulli,locations,four,0.25;0.5;0.75;1.0,0.01,rigid,200,1,identified,-0.0006830818084314145,0.006839277920958767,0.0013801246686108027,-0.0
synthetic,50,0.0,Euler-Bernoulli,locations,four,0.25;0.5;0.75;1.0,0.01,flexible,200,2,identified,0.01391298834692811,0.026631579641836406,0.002837384662468358,4.335560065557129e-06
synthetic,50,0.0,Euler-Bernoulli,locations,four,0.25;0.5;0.75;1.0,0.03,rigid,200,1,identified,0.001104653808303885,0.019574060074157323,0.0039206836150601975,-0.0
synthetic,50,0.0,Euler-Bernoulli,locations,four,0.25;0.5;0.75;1.0,0.03,flexible,200,2,identified,0.052068057247401656,0.09555315928535434,0.008338841543638608,1.3617587902079156e-05
synthetic,50,0.0,Timoshenko,single,one,1.0,0.0,rigid,200,1,identified,-0.0003119026863619423,0.00031190268636194224,5.849999999998327e-05,-0.0
synthetic,50,0.0,Timoshenko,single,one,1.0,0.0,flexible,200,1,unidentifiable,,,,
synthetic,50,0.0,Timoshenko,single,one,1.0,0.0025,rigid,200,1,identified,2.7308882491898778e-05,0.00256252131518081,0.0008165999996562062,-0.0
synthetic,50,0.0,Timoshenko,single,one,1.0,0.0025,flexible,200,1,unidentifiable,,,,
synthetic,50,0.0,Timoshenko,single,one,1.0,0.01,rigid,200,1,identified,0.0007234848492327611,0.00993653965817052,0.0031118288377746397,-0.0
synthetic,50,0.0,Timoshenko,single,one,1.0,0.01,flexible,200,1,unidentifiable,,,,
synthetic,50,0.0,Timoshenko,single,one,1.0,0.03,rigid,200,1,identified,0.0016008577047011967,0.03248335563377633,0.0101014526207367,-0.0
synthetic,50,0.0,Timoshenko,single,one,1.0,0.03,flexible,200,1,unidentifiable,,,,
synthetic,50,0.0,Timoshenko,single,two_uniform,0.5;1.0,0.0,rigid,200,1,identified,-0.0003285468257776536,0.0003285468257776536,8.957281376309917e-05,-0.0
synthetic,50,0.0,Timoshenko,single,two_uniform,0.5;1.0,0.0,flexible,200,2,identified,6.661338147750939e-16,6.661338147750939e-16,5.515432893245891e-05,1.1142857142886602e-07
synthetic,50,0.0,Timoshenko,single,two_uniform,0.5;1.0,0.0025,rigid,200,1,identified,-0.00020382064695862178,0.002477013293247873,0.0005979063945382127,-0.0
synthetic,50,0.0,Timoshenko,single,two_uniform,0.5;1.0,0.0025,flexible,200,2,identified,0.005380489071577986,0.009521641703047621,0.0014747548353669874,1.8652525462442104e-06
synthetic,50,0.0,Timoshenko,single,two_uniform,0.5;1.0,0.01,rigid,200,1,identified,-0.0011601082877763784,0.0089117442065755,0.002114402200585052,-0.0
synthetic,50,0.0,Timoshenko,single,two_uniform,0.5;1.0,0.01,flexible,200,2,identified,0.02472258316887184,0.043758662649341654,0.005866841926729672,8.204186707485401e-06
synthetic,50,0.0,Timoshenko,single,two_uniform,0.5;1.0,0.03,rigid,200,1,identified,0.0008051531657195665,0.02893375744128472,0.006888947374349967,-0.0
synthetic,50,0.0,Timoshenko,single,two_uniform,0.5;1.0,0.03,flexible,200,2,identified,0.08051960769904438,0.15395426658683403,0.017337465873456772,2.1435227153815466e-05
synthetic,50,0.0,Timoshenko,single,two_selected,0.5;1.0,0.0,rigid,200,1,identified,-0.0003285468257776536,0.0003285468257776536,8.957281376309917e-05,-0.0
synthetic,50,0.0,Timoshenko,single,two_selected,0.5;1.0,0.0,flexible,200,2,identified,6.661338147750939e-16,6.661338147750939e-16,5.515432893245891e-05,1.1142857142886602e-07
synthetic,50,0.0,Timoshenko,single,two_selected,0.5;1.0,0.0025,rigid,200,1,identified,-0.0003648299356902518,0.002441962613479518,0.000580891089674359,-0.0
synthetic,50,0.0,Timoshenko,single,two_selected,0.5;1.0,0.0025,flexible,200,2,identified,0.005947658875363846,0.01105152539671094,0.0015880614925231993,2.101815505597112e-06
synthetic,50,0.0,Timoshenko,single,two_selected,0.5;1.0,0.01,rigid,200,1,identified,0.00018936257206132512,0.009790026903802524,0.002331271892783597,-0.0
synthetic,50,0.0,Timoshenko,single,two_selected,0.5;1.0,0.01,flexible,200,2,identified,0.02497054111975058,0.04730161223001375,0.005948990582721161,7.7548258734706e-06
synthetic,50,0.0,Timoshenko,single,two_selected,0.5;1.0,0.03,rigid,200,1,identified,-0.00252790883922216,0.028278408349619377,0.0067214582611868304,-0.0
synthetic,50,0.0,Timoshenko,single,two_selected,0.5;1.0,0.03,flexible,200,2,identified,0.11068866307919713,0.20715909391048165,0.02164628415830987,2.8778836220257506e-05
synthetic,50,0.0,Timoshenko,single,four,0.25;0.5;0.75;1.0,0.0,rigid,200,1,identified,-0.00034231625063263493,0.000342316250632635,8.056908825497339e-05,-0.0
synthetic,50,0.0,Timoshenko,single,four,0.25;0.5;0.75;1.0,0.0,flexible,200,2,identified,-8.881784197001252e-16,8.881784197001252e-16,4.7765049984348353e-05,1.114285714282875e-07
synthetic,50,0.0,Timoshenko,single,four,0.25;0.5;0.75;1.0,0.0025,rigid,200,1,identified,-0.00026173649675843516,0.002088869002301618,0.00042828752719261754,-0.0
synthetic,50,0.0,Timoshenko,single,four,0.25;0.5;0.75;1.0,0.0025,flexible,200,2,identified,0.004337820590680916,0.008301031771492178,0.0009480408335585454,1.4760910343953594e-06
synthetic,50,0.0,Timoshenko,single,four,0.25;0.5;0.75;1.0,0.01,rigid,200,1,identified,-4.777072499212387e-05,0.007896382479073651,0.001594048543024433,-0.0
synthetic,50,0.0,Timoshenko,single,four,0.25;0.5;0.75;1.0,0.01,flexible,200,2,identified,0.01677184619631292,0.031739045802953766,0.0034896251430812045,5.185977816510404e-06
synthetic,50,0.0,Timoshenko,single,four,0.25;0.5;0.75;1.0,0.03,rigid,200,1,identified,0.0005650457374428991,0.024513552284516706,0.004961868307768553,-0.0
synthetic,50,0.0,Timoshenko,single,four,0.25;0.5;0.75;1.0,0.03,flexible,200,2,identified,0.0668395140622301,0.12249726859542791,0.011998883329512799,1.7907284026461787e-05
synthetic,50,0.0,Timoshenko,amplitudes,one,1.0,0.0,rigid,200,1,identified,-0.0003119026863619423,0.00031190268636194224,5.849999999998327e-05,-0.0
synthetic,50,0.0,Timoshenko,amplitudes,one,1.0,0.0,flexible,200,1,unidentifiable,,,,
synthetic,50,0.0,Timoshenko,amplitudes,one,1.0,0.0025,rigid,200,1,identified,-0.0002792189190198824,0.0007144011906576265,0.00021676285002490827,-0.0
synthetic,50,0.0,Timoshenko,amplitudes,one,1.0,0.0025,flexible,200,1,unidentifiable,,,,
synthetic,50,0.0,Timoshenko,amplitudes,one,1.0,0.01,rigid,200,1,identified,-0.0002572897154365278,0.0027667391298224603,0.0008642440319044415,-0.0
synthetic,50,0.0,Timoshenko,amplitudes,one,1.0,0.01,flexible,200,1,unidentifiable,,,,
synthetic,50,0.0,Timoshenko,amplitudes,one,1.0,0.03,rigid,200,1,identified,-0.0005246254041637566,0.007482665138435707,0.0023328412032703177,-0.0
synthetic,50,0.0,Timoshenko,amplitudes,one,1.0,0.03,flexible,200,1,unidentifiable,,,,
synthetic,50,0.0,Timoshenko,amplitudes,two_uniform,0.5;1.0,0.0,rigid,200,1,identified,-0.0003285468257776536,0.0003285468257776536,8.957281376309917e-05,-0.0
synthetic,50,0.0,Timoshenko,amplitudes,two_uniform,0.5;1.0,0.0,flexible,200,2,identified,2.220446049250313e-16,2.220446049250313e-16,5.5154328932539403e-05,1.114285714286167e-07
synthetic,50,0.0,Timoshenko,amplitudes,two_uniform,0.5;1.0,0.0025,rigid,200,1,identified,-0.00031690754150625553,0.0007109314097702475,0.00017704367412292365,-0.0
synthetic,50,0.0,Timoshenko,amplitudes,two_uniform,0.5;1.0,0.0025,flexible,200,2,identified,0.0017668405758123878,0.003160021216460509,0.00043810746693782995,7.032906507390067e-07
synthetic,50,0.0,Timoshenko,amplitudes,two_uniform,0.5;1.0,0.01,rigid,200,1,identified,-0.0003089750618050374,0.002830714666889,0.0006762478702919629,-0.0
synthetic,50,0.0,Timoshenko,amplitudes,two_uniform,0.5;1.0,0.01,flexible,200,2,identified,0.006223613411835043,0.011798991199352094,0.0015760523493389138,2.17149524136725e-06
synthetic,50,0.0,Timoshenko,amplitudes,two_uniform,0.5;1.0,0.03,rigid,200,1,identified,-0.0007007418550197453,0.007717346904858806,0.0018342047494810914,-0.0
synthetic,50,0.0,Timoshenko,amplitudes,two_uniform,0.5;1.0,0.03,flexible,200,2,identified,0.022073746629715413,0.04306383118209454,0.0055143825285840714,7.174940112170053e-06
synthetic,50,0.0,Timoshenko,amplitudes,two_selected,0.5;1.0,0.0,rigid,200,1,identified,-0.0003285468257776536,0.0003285468257776536,8.957281376309917e-05,-0.0
synthetic,50,0.0,Timoshenko,amplitudes,two_selected,0.5;1.0,0.0,flexible,200,2,identified,2.220446049250313e-16,2.220446049250313e-16,5.5154328932539403e-05,1.114285714286167e-07
synthetic,50,0.0,Timoshenko,amplitudes,two_selected,0.5;1.0,0.0025,rigid,200,1,identified,-0.0003009319274403205,0.0007123764299093586,0.00018043643525770194,-0.0
synthetic,50,0.0,Timoshenko,amplitudes,two_selected,0.5;1.0,0.0025,flexible,200,2,identified,0.0014851185983315652,0.00287545886583021,0.00039947442861853246,6.029356517629097e-07
synthetic,50,0.0,Timoshenko,amplitudes,two_selected,0.5;1.0,0.01,rigid,200,1,identified,-0.00011543130939803803,0.0023557043839682002,0.0005751382049518286,-0.0
synthetic,50,0.0,Timoshenko,amplitudes,two_selected,0.5;1.0,0.01,flexible,200,2,identified,0.006670015418506354,0.012456522972329803,0.0016875728484210786,2.2512522968820083e-06
synthetic,50,0.0,Timoshenko,amplitudes,two_selected,0.5;1.0,0.03,rigid,200,1,identified,-0.00021124956328856748,0.008169213327413197,0.0019467880801576276,-0.0
synthetic,50,0.0,Timoshenko,amplitudes,two_selected,0.5;1.0,0.03,flexible,200,2,identified,0.019990430792620757,0.03606050862307431,0.004941150557054511,6.461783664100055e-06
synthetic,50,0.0,Timoshenko,amplitudes,four,0.25;0.5;0.75;1.0,0.0,rigid,200,1,identified,-0.00034231625063263493,0.000342316250632635,8.056908825497339e-05,-0.0
synthetic,50,0.0,Timoshenko,amplitudes,four,0.25;0.5;0.75;1.0,0.0,flexible,200,2,identified,-2.220446049250313e-16,2.220446049250313e-16,4.776504998437838e-05,1.1142857142836987e-07
synthetic,50,0.0,Timoshenko,amplitudes,four,0.25;0.5;0.75;1.0,0.0025,rigid,200,1,identified,-0.00035097019117323434,0.0006502105034090458,0.0001359046581205681,-0.0
synthetic,50,0.0,Timoshenko,amplitudes,four,0.25;0.5;0.75;1.0,0.0025,flexible,200,2,identified,0.0008708760885754318,0.002074413227251276,0.00023892006580163798,3.9633529276884374e-07
synthetic,50,0.0,Timoshenko,amplitudes,four,0.25;0.5;0.75;1.0,0.01,rigid,200,1,identified,-0.00015367526192389125,0.0021351601937837964,0.0004437738914260267,-0.0
synthetic,50,0.0,Timoshenko,amplitudes,four,0.25;0.5;0.75;1.0,0.01,flexible,200,2,identified,0.004564751614813787,0.008840854738358087,0.0010085490286712657,1.511927893513893e-06
synthetic,50,0.0,Timoshenko,amplitudes,four,0.25;0.5;0.75;1.0,0.03,rigid,200,1,identified,-0.00015658918405810074,0.006738989760667564,0.0013601722416133547,-0.0
synthetic,50,0.0,Timoshenko,amplitudes,four,0.25;0.5;0.75;1.0,0.03,flexible,200,2,identified,0.011881497830381515,0.023137032273866508,0.0026782506452648195,3.7660065771006263e-06
synthetic,50,0.0,Timoshenko,locations,one,1.0,0.0,rigid,200,1,identified,-0.0003284133556937796,0.0003284133556937796,5.333711048165712e-05,-0.0
synthetic,50,0.0,Timoshenko,locations,one,1.0,0.0,flexible,200,2,identified,-5.551115123125783e-16,5.551115123125783e-16,3.035766082959413e-16,1.114285714282185e-07
synthetic,50,0.0,Timoshenko,locations,one,1.0,0.0025,rigid,200,1,identified,-0.00040834217557582375,0.0021947449098622725,0.0006753412502380226,-0.0
synthetic,50,0.0,Timoshenko,locations,one,1.0,0.0025,flexible,200,2,identified,0.008906183460071352,0.01774094999521623,0.0028461750254574533,3.0584471718218375e-06
synthetic,50,0.0,Timoshenko,locations,one,1.0,0.01,rigid,200,1,identified,-0.00012186474697679694,0.008268993162855032,0.002584145422486824,-0.0
synthetic,50,0.0,Timoshenko,locations,one,1.0,0.01,flexible,200,2,identified,0.05124784886640617,0.09496631022214427,0.012567768178778024,1.4957711408530813e-05
synthetic,50,0.0,Timoshenko,locations,one,1.0,0.03,rigid,200,1,identified,0.0039399067775593485,0.02796545947770905,0.008659500590252174,-0.0
synthetic,50,0.0,Timoshenko,locations,one,1.0,0.03,flexible,200,2,identified,0.26971662998957663,1.160797579957359,0.034183313015211575,3.748172660190418e-05
synthetic,50,0.0,Timoshenko,locations,two_uniform,0.5;1.0,0.0,rigid,200,1,identified,-0.0003510845608442059,0.0003510845608442059,8.57467922753171e-05,-0.0
synthetic,50,0.0,Timoshenko,locations,two_uniform,0.5;1.0,0.0,flexible,200,2,identified,9.816834781428696e-05,9.816834781428696e-05,4.864189686559532e-05,1.4484756792556915e-07
synthetic,50,0.0,Timoshenko,locations,two_uniform,0.5;1.0,0.0025,rigid,200,1,identified,-0.00038430098849067453,0.0020882565725122543,0.0004953302790294333,-0.0
synthetic,50,0.0,Timoshenko,locations,two_uniform,0.5;1.0,0.0025,flexible,200,2,identified,0.0046180876412538095,0.008963041891346205,0.0010579303660120355,1.5884304158499866e-06
synthetic,50,0.0,Timoshenko,locations,two_uniform,0.5;1.0,0.01,rigid,200,1,identified,0.0007799405911273826,0.008107327368400728,0.0019456655811228058,-0.0
synthetic,50,0.0,Timoshenko,locations,two_uniform,0.5;1.0,0.01,flexible,200,2,identified,0.02392424844981103,0.04018865043879195,0.004646102038687581,6.999621483323961e-06
synthetic,50,0.0,Timoshenko,locations,two_uniform,0.5;1.0,0.03,rigid,200,1,identified,-0.001572204752510617,0.02489895775061565,0.005923274809743783,-0.0
synthetic,50,0.0,Timoshenko,locations,two_uniform,0.5;1.0,0.03,flexible,200,2,identified,0.08417224538966343,0.16445993427727687,0.014780836683262704,2.1589839392726512e-05
synthetic,50,0.0,Timoshenko,locations,two_selected,0.5;1.0,0.0,rigid,200,1,identified,-0.0003510845608442059,0.0003510845608442059,8.57467922753171e-05,-0.0
synthetic,50,0.0,Timoshenko,locations,two_selected,0.5;1.0,0.0,flexible,200,2,identified,9.816834781428696e-05,9.816834781428696e-05,4.864189686559532e-05,1.4484756792556915e-07
synthetic,50,0.0,Timoshenko,locations,two_selected,0.5;1.0,0.0025,rigid,200,1,identified,-0.0004086694139336722,0.0020534378853315615,0.0004853941049162856,-0.0
synthetic,50,0.0,Timoshenko,locations,two_selected,0.5;1.0,0.0025,flexible,200,2,identified,0.004239684796738115,0.00842959113781479,0.0010380124474524716,1.4771973811139187e-06
synthetic,50,0.0,Timoshenko,locations,two_selected,0.5;1.0,0.01,rigid,200,1,identified,-0.0011633621292696282,0.008039895367454449,0.0019041942596666138,-0.0
synthetic,50,0.0,Timoshenko,locations,two_selected,0.5;1.0,0.01,flexible,200,2,identified,0.016801458350006345,0.03492059422585301,0.004017847325878931,5.4464479044646494e-06
synthetic,50,0.0,Timoshenko,locations,two_selected,0.5;1.0,0.03,rigid,200,1,identified,0.0017544058431973313,0.025149611930171224,0.0059189672812020155,-0.0
synthetic,50,0.0,Timoshenko,locations,two_selected,0.5;1.0,0.03,flexible,200,2,identified,0.08123809349405843,0.1472785289102037,0.013713334280789038,2.0586798868063114e-05
synthetic,50,0.0,Timoshenko,locations,four,0.25;0.5;0.75;1.0,0.0,rigid,200,1,identified,-0.0003750688958723547,0.00037506889587235465,7.563209342304084e-05,-0.0
synthetic,50,0.0,Timoshenko,locations,four,0.25;0.5;0.75;1.0,0.0,flexible,200,2,identified,0.00011602386243780849,0.00011602386243780848,3.815773752191109e-05,1.524302598807135e-07
synthetic,50,0.0,Timoshenko,locations,four,0.25;0.5;0.75;1.0,0.0025,rigid,200,1,identified,-5.681411431628092e-05,0.0017420503648984706,0.0003743956264339659,-0.0
synthetic,50,0.0,Timoshenko,locations,four,0.25;0.5;0.75;1.0,0.0025,flexible,200,2,identified,0.00372306471021753,0.006848991045944085,0.0006714158953795398,1.1595291619816052e-06
synthetic,50,0.0,Timoshenko,locations,four,0.25;0.5;0.75;1.0,0.01,rigid,200,1,identified,6.308854145748776e-05,0.006544010912357602,0.0013294558037776705,-0.0
synthetic,50,0.0,Timoshenko,locations,four,0.25;0.5;0.75;1.0,0.01,flexible,200,2,identified,0.01518459736739854,0.026504105089735656,0.0027969647794363183,4.499278166632559e-06
synthetic,50,0.0,Timoshenko,locations,four,0.25;0.5;0.75;1.0,0.03,rigid,200,1,identified,0.0004822787159811298,0.02063039933145792,0.004149347746367998,-0.0
synthetic,50,0.0,Timoshenko,locations,four,0.25;0.5;0.75;1.0,0.03,flexible,200,2,identified,0.0559081074731346,0.09814262187964667,0.009179798686601123,1.4862633898683635e-05
synthetic,50,0.01,Euler-Bernoulli,single,one,1.0,0.0,rigid,200,1,identified,-0.02912621359223333,0.02912621359223333,0.00546116504854361,-1.0714285714285712e-05
synthetic,50,0.01,Euler-Bernoulli,single,one,1.0,0.0,flexible,200,1,unidentifiable,,,,
synthetic,50,0.01,Euler-Bernoulli,single,one,1.0,0.0025,rigid,200,1,identified,-0.029094506602248105,0.029182847757989187,0.00551827167708279,-1.0714285714285712e-05
synthetic,50,0.01,Euler-Bernoulli,single,one,1.0,0.0025,flexible,200,1,unidentifiable,,,,
synthetic,50,0.01,Euler-Bernoulli,single,one,1.0,0.01,rigid,200,1,identified,-0.028807962884237533,0.030461039460326963,0.0063816409441685125,-1.0714285714285712e-05
synthetic,50,0.01,Euler-Bernoulli,single,one,1.0,0.01,flexible,200,1,unidentifiable,,,,
synthetic,50,0.01,Euler-Bernoulli,single,one,1.0,0.03,rigid,200,1,identified,-0.028429784515628515,0.04033526884609187,0.010586434988391952,-1.0714285714285712e-05
synthetic,50,0.01,Euler-Bernoulli,single,one,1.0,0.03,flexible,200,1,unidentifiable,,,,
synthetic,50,0.01,Euler-Bernoulli,single,two_uniform,0.5;1.0,0.0,rigid,200,1,identified,-0.030633365530564394,0.030633365530564387,0.004279687321796712,-1.0714285714285712e-05
synthetic,50,0.01,Euler-Bernoulli,single,two_uniform,0.5;1.0,0.0,flexible,200,2,identified,-1.3322676295501878e-15,1.3322676295501878e-15,1.3025550869883036e-16,-3.8963515573697816e-19
synthetic,50,0.01,Euler-Bernoulli,single,two_uniform,0.5;1.0,0.0025,rigid,200,1,identified,-0.030725730094384663,0.03081429137049049,0.004294749129855182,-1.0714285714285712e-05
synthetic,50,0.01,Euler-Bernoulli,single,two_uniform,0.5;1.0,0.0025,flexible,200,2,identified,-0.0017169937295047472,0.014099468544041965,0.0019623020529648642,-6.143980385274399e-07
synthetic,50,0.01,Euler-Bernoulli,single,two_uniform,0.5;1.0,0.01,rigid,200,1,identified,-0.03083515643160438,0.03208458307187523,0.004744874079883154,-1.0714285714285712e-05
synthetic,50,0.01,Euler-Bernoulli,single,two_uniform,0.5;1.0,0.01,flexible,200,2,identified,0.018565242843441226,0.05541864758011431,0.0070641510107486176,5.436953805330559e-06
synthetic,50,0.01,Euler-Bernoulli,single,two_uniform,0.5;1.0,0.03,rigid,200,1,identified,-0.029381368010123796,0.040970944701814914,0.008254324083795412,-1.0714285714285712e-05
synthetic,50,0.01,Euler-Bernoulli,single,two_uniform,0.5;1.0,0.03,flexible,200,2,identified,0.0676347004122008,0.21379582137699363,0.017484292200349583,1.4221035825397748e-05
synthetic,50,0.01,Euler-Bernoulli,single,two_selected,0.5;1.0,0.0,rigid,200,1,identified,-0.030633365530564394,0.030633365530564387,0.004279687321796712,-1.0714285714285712e-05
synthetic,50,0.01,Euler-Bernoulli,single,two_selected,0.5;1.0,0.0,flexible,200,2,identified,-1.3322676295501878e-15,1.3322676295501878e-15,1.3025550869883036e-16,-3.8963515573697816e-19
synthetic,50,0.01,Euler-Bernoulli,single,two_selected,0.5;1.0,0.0025,rigid,200,1,identified,-0.030458445179013315,0.03054226052397995,0.0043560092703811264,-1.0714285714285712e-05
synthetic,50,0.01,Euler-Bernoulli,single,two_selected,0.5;1.0,0.0025,flexible,200,2,identified,0.0014023761845184497,0.015305638810818391,0.0020741583734037957,3.3520700014157226e-07
synthetic,50,0.01,Euler-Bernoulli,single,two_selected,0.5;1.0,0.01,rigid,200,1,identified,-0.03055261169228854,0.031993733714856976,0.004870780679735025,-1.0714285714285712e-05
synthetic,50,0.01,Euler-Bernoulli,single,two_selected,0.5;1.0,0.01,flexible,200,2,identified,0.013309040042672715,0.05010051659055056,0.00648411527421024,3.734906413603795e-06
synthetic,50,0.01,Euler-Bernoulli,single,two_selected,0.5;1.0,0.03,rigid,200,1,identified,-0.029885515877487827,0.04139178332546671,0.008229850425678455,-1.0714285714285712e-05
synthetic,50,0.01,Euler-Bernoulli,single,two_selected,0.5;1.0,0.03,flexible,200,2,identified,0.10589703770095749,0.24696220395867288,0.020101939183351385,2.3347559353146004e-05
synthetic,50,0.01,Euler-Bernoulli,single,four,0.25;0.5;0.75;1.0,0.0,rigid,200,1,identified,-0.03187671323203889,0.03187671323203889,0.003635712863260938,-1.0714285714285712e-05
synthetic,50,0.01,Euler-Bernoulli,single,four,0.25;0.5;0.75;1.0,0.0,flexible,200,2,identified,6.661338147750939e-16,6.661338147750939e-16,6.178561279082688e-17,1.8465318250143747e-19
synthetic,50,0.01,Euler-Bernoulli,single,four,0.25;0.5;0.75;1.0,0.0025,rigid,200,1,identified,-0.03181695440713675,0.0318899328745093,0.003674309084013401,-1.0714285714285712e-05
synthetic,50,0.01,Euler-Bernoulli,single,four,0.25;0.5;0.75;1.0,0.0025,flexible,200,2,identified,-0.0002307487432230848,0.011103940009359608,0.0012267525035376987,-1.3422708706006477e-07
synthetic,50,0.01,Euler-Bernoulli,single,four,0.25;0.5;0.75;1.0,0.01,rigid,200,1,identified,-0.031414413599719804,0.032393061707681,0.0040647349959125395,-1.0714285714285712e-05
synthetic,50,0.01,Euler-Bernoulli,single,four,0.25;0.5;0.75;1.0,0.01,flexible,200,2,identified,0.009386562425984705,0.03745968483665516,0.0042487701138510265,2.481203226103097e-06
synthetic,50,0.01,Euler-Bernoulli,single,four,0.25;0.5;0.75;1.0,0.03,rigid,200,1,identified,-0.0317830308183944,0.040205463213673576,0.006218502206238167,-1.0714285714285712e-05
synthetic,50,0.01,Euler-Bernoulli,single,four,0.25;0.5;0.75;1.0,0.03,flexible,200,2,identified,0.050182854718147825,0.1180842275444052,0.011670417890255535,1.2795120382259476e-05
synthetic,50,0.01,Euler-Bernoulli,amplitudes,one,1.0,0.0,rigid,200,1,identified,-0.02912621359223333,0.02912621359223333,0.00546116504854361,-1.0714285714285712e-05
synthetic,50,0.01,Euler-Bernoulli,amplitudes,one,1.0,0.0,flexible,200,1,unidentifiable,,,,
synthetic,50,0.01,Euler-Bernoulli,amplitudes,one,1.0,0.0025,rigid,200,1,identified,-0.029083566040568724,0.029090239430829577,0.0054784339363653034,-1.0714285714285712e-05
synthetic,50,0.01,Euler-Bernoulli,amplitudes,one,1.0,0.0025,flexible,200,1,unidentifiable,,,,
synthetic,50,0.01,Euler-Bernoulli,amplitudes,one,1.0,0.01,rigid,200,1,identified,-0.029058856026769206,0.0291573235321119,0.005534834236466624,-1.0714285714285712e-05
synthetic,50,0.01,Euler-Bernoulli,amplitudes,one,1.0,0.01,flexible,200,1,unidentifiable,,,,
synthetic,50,0.01,Euler-Bernoulli,amplitudes,one,1.0,0.03,rigid,200,1,identified,-0.029211614324050315,0.030298707666095912,0.006000088330172871,-1.0714285714285712e-05
synthetic,50,0.01,Euler-Bernoulli,amplitudes,one,1.0,0.03,flexible,200,1,unidentifiable,,,,
synthetic,50,0.01,Euler-Bernoulli,amplitudes,two_uniform,0.5;1.0,0.0,rigid,200,1,identified,-0.03063336553056406,0.030633365530564054,0.004279687321796799,-1.0714285714285712e-05
synthetic,50,0.01,Euler-Bernoulli,amplitudes,two_uniform,0.5;1.0,0.0,flexible,200,2,identified,-4.440892098500626e-16,4.440892098500626e-16,1.2288280114112004e-16,-2.0159384144652348e-19
synthetic,50,0.01,Euler-Bernoulli,amplitudes,two_uniform,0.5;1.0,0.0025,rigid,200,1,identified,-0.0306616541734099,0.03066794540559882,0.004275541009845434,-1.0714285714285712e-05
synthetic,50,0.01,Euler-Bernoulli,amplitudes,two_uniform,0.5;1.0,0.0025,flexible,200,2,identified,0.00012872853422803254,0.0041318647558038855,0.0005799493381414224,4.820360411530406e-08
synthetic,50,0.01,Euler-Bernoulli,amplitudes,two_uniform,0.5;1.0,0.01,rigid,200,1,identified,-0.030617252148522286,0.030707244486755363,0.004321012303547998,-1.0714285714285712e-05
synthetic,50,0.01,Euler-Bernoulli,amplitudes,two_uniform,0.5;1.0,0.01,flexible,200,2,identified,0.00114475811014509,0.01681039248274141,0.002272604067815531,2.889712025915984e-07
synthetic,50,0.01,Euler-Bernoulli,amplitudes,two_uniform,0.5;1.0,0.03,rigid,200,1,identified,-0.03170446409839028,0.03246808233737373,0.004366698074142607,-1.0714285714285712e-05
synthetic,50,0.01,Euler-Bernoulli,amplitudes,two_uniform,0.5;1.0,0.03,flexible,200,2,identified,0.010356942928624178,0.04167965271196416,0.006031415419198317,3.360585738806669e-06
synthetic,50,0.01,Euler-Bernoulli,amplitudes,two_selected,0.5;1.0,0.0,rigid,200,1,identified,-0.03063336553056406,0.030633365530564054,0.004279687321796799,-1.0714285714285712e-05
synthetic,50,0.01,Euler-Bernoulli,amplitudes,two_selected,0.5;1.0,0.0,flexible,200,2,identified,-4.440892098500626e-16,4.440892098500626e-16,1.2288280114112004e-16,-2.0159384144652348e-19
synthetic,50,0.01,Euler-Bernoulli,amplitudes,two_selected,0.5;1.0,0.0025,rigid,200,1,identified,-0.030707688277881652,0.03071353507612975,0.004264333170997385,-1.0714285714285712e-05
synthetic,50,0.01,Euler-Bernoulli,amplitudes,two_selected,0.5;1.0,0.0025,flexible,200,2,identified,-0.0005008366889471794,0.004542998469546767,0.0006070568201059499,-1.498586716663217e-07
synthetic,50,0.01,Euler-Bernoulli,amplitudes,two_selected,0.5;1.0,0.01,rigid,200,1,identified,-0.030945378832944685,0.031059937166358347,0.004254010359632947,-1.0714285714285712e-05
synthetic,50,0.01,Euler-Bernoulli,amplitudes,two_selected,0.5;1.0,0.01,flexible,200,2,identified,-0.0021039251935772675,0.01583013729148424,0.0021323859223657217,-6.833339308856488e-07
synthetic,50,0.01,Euler-Bernoulli,amplitudes,two_selected,0.5;1.0,0.03,rigid,200,1,identified,-0.030268292625657195,0.03128624975286295,0.004767506424116117,-1.0714285714285712e-05
synthetic,50,0.01,Euler-Bernoulli,amplitudes,two_selected,0.5;1.0,0.03,flexible,200,2,identified,0.01238003079247329,0.042655009449807275,0.005721645332915645,3.5060211102045497e-06
synthetic,50,0.01,Euler-Bernoulli,amplitudes,four,0.25;0.5;0.75;1.0,0.0,rigid,200,1,identified,-0.03187671323203889,0.03187671323203889,0.003635712863260938,-1.0714285714285712e-05
synthetic,50,0.01,Euler-Bernoulli,amplitudes,four,0.25;0.5;0.75;1.0,0.0,flexible,200,2,identified,-4.440892098500626e-16,4.440892098500626e-16,6.90784151158847e-17,-3.049318610115481e-20
synthetic,50,0.01,Euler-Bernoulli,amplitudes,four,0.25;0.5;0.75;1.0,0.0025,rigid,200,1,identified,-0.031898983763149376,0.03190329242726095,0.0036328774090902145,-1.0714285714285712e-05
synthetic,50,0.01,Euler-Bernoulli,amplitudes,four,0.25;0.5;0.75;1.0,0.0025,flexible,200,2,identified,3.398208918620194e-07,0.003163008665222263,0.0003684627773690451,4.6818254226825745e-09
synthetic,50,0.01,Euler-Bernoulli,amplitudes,four,0.25;0.5;0.75;1.0,0.01,rigid,200,1,identified,-0.03186893175359334,0.0319311013387775,0.0036601935846964366,-1.0714285714285712e-05
synthetic,50,0.01,Euler-Bernoulli,amplitudes,four,0.25;0.5;0.75;1.0,0.01,flexible,200,2,identified,0.00045720941255322,0.012794794779539473,0.001439720885353171,9.44343764577273e-08
synthetic,50,0.01,Euler-Bernoulli,amplitudes,four,0.25;0.5;0.75;1.0,0.03,rigid,200,1,identified,-0.032681962583873486,0.033247615556628425,0.0036950178789149865,-1.0714285714285712e-05
synthetic,50,0.01,Euler-Bernoulli,amplitudes,four,0.25;0.5;0.75;1.0,0.03,flexible,200,2,identified,0.0019134331413298584,0.030189718686216175,0.0032962970235206218,6.267814588216135e-07
synthetic,50,0.01,Euler-Bernoulli,locations,one,1.0,0.0,rigid,200,1,identified,-0.03062129802533209,0.030621298025332092,0.004979192539356357,-1.0714285714285712e-05
synthetic,50,0.01,Euler-Bernoulli,locations,one,1.0,0.0,flexible,200,2,identified,3.1086244689504383e-15,3.1086244689504383e-15,6.263109637173546e-16,1.1909283238395463e-18
synthetic,50,0.01,Euler-Bernoulli,locations,one,1.0,0.0025,rigid,200,1,identified,-0.03064279135448982,0.030707297960367128,0.005012284650232665,-1.0714285714285712e-05
synthetic,50,0.01,Euler-Bernoulli,locations,one,1.0,0.0025,flexible,200,2,identified,0.002973431228604709,0.024141466424379143,0.0038745217008912952,8.239708557198894e-07
synthetic,50,0.01,Euler-Bernoulli,locations,one,1.0,0.01,rigid,200,1,identified,-0.031716732032398734,0.03269610811498938,0.005271235883728927,-1.0714285714285712e-05
synthetic,50,0.01,Euler-Bernoulli,locations,one,1.0,0.01,flexible,200,2,identified,0.03998532363683002,0.09856328504593148,0.013248378436543942,1.1256969530834553e-05
synthetic,50,0.01,Euler-Bernoulli,locations,one,1.0,0.03,rigid,200,1,identified,-0.030288405040263467,0.038167186377572826,0.008913135115654981,-1.0714285714285712e-05
synthetic,50,0.01,Euler-Bernoulli,locations,one,1.0,0.03,flexible,200,2,identified,0.29394924739712386,0.91412875609673,0.038517609142779956,4.336679872942555e-05
synthetic,50,0.01,Euler-Bernoulli,locations,two_uniform,0.5;1.0,0.0,rigid,200,1,identified,-0.032170057453081546,0.032170057453081546,0.003911701252071146,-1.0714285714285712e-05
synthetic,50,0.01,Euler-Bernoulli,locations,two_uniform,0.5;1.0,0.0,flexible,200,2,identified,-4.440892098500626e-16,4.440892098500626e-16,1.5190272105229666e-16,-2.405573570202213e-19
synthetic,50,0.01,Euler-Bernoulli,locations,two_uniform,0.5;1.0,0.0025,rigid,200,1,identified,-0.032016750526271884,0.03207135559792116,0.003974381504990123,-1.0714285714285712e-05
synthetic,50,0.01,Euler-Bernoulli,locations,two_uniform,0.5;1.0,0.0025,flexible,200,2,identified,-0.0006803151191793166,0.012748020321248556,0.0015428450349294566,-3.23238078330956e-07
synthetic,50,0.01,Euler-Bernoulli,locations,two_uniform,0.5;1.0,0.01,rigid,200,1,identified,-0.03274393390057446,0.033792625764684114,0.00428773022643756,-1.0714285714285712e-05
synthetic,50,0.01,Euler-Bernoulli,locations,two_uniform,0.5;1.0,0.01,flexible,200,2,identified,0.005977727188633402,0.03976902685505642,0.004887511036261674,1.6699557054097622e-06
synthetic,50,0.01,Euler-Bernoulli,locations,two_uniform,0.5;1.0,0.03,rigid,200,1,identified,-0.03125677375635674,0.03728779540560918,0.006445684464349591,-1.0714285714285712e-05
synthetic,50,0.01,Euler-Bernoulli,locations,two_uniform,0.5;1.0,0.03,flexible,200,2,identified,0.05614670151965477,0.133704940745024,0.013036042247934214,1.3510053872560273e-05
synthetic,50,0.01,Euler-Bernoulli,locations,two_selected,0.5;1.0,0.0,rigid,200,1,identified,-0.032170057453081546,0.032170057453081546,0.003911701252071146,-1.0714285714285712e-05
synthetic,50,0.01,Euler-Bernoulli,locations,two_selected,0.5;1.0,0.0,flexible,200,2,identified,-4.440892098500626e-16,4.440892098500626e-16,1.5190272105229666e-16,-2.405573570202213e-19
synthetic,50,0.01,Euler-Bernoulli,locations,two_selected,0.5;1.0,0.0025,rigid,200,1,identified,-0.03226542372321418,0.03232350627317894,0.003917285249230162,-1.0714285714285712e-05
synthetic,50,0.01,Euler-Bernoulli,locations,two_selected,0.5;1.0,0.0025,flexible,200,2,identified,-0.0006135109381843829,0.012088768366245912,0.0014705031847466398,-2.107054197106964e-07
synthetic,50,0.01,Euler-Bernoulli,locations,two_selected,0.5;1.0,0.01,rigid,200,1,identified,-0.03236552050815621,0.03322366937540685,0.004273432727766816,-1.0714285714285712e-05
synthetic,50,0.01,Euler-Bernoulli,locations,two_selected,0.5;1.0,0.01,flexible,200,2,identified,0.010060010035976013,0.044010338717577986,0.005042701060493451,2.7427988134472106e-06
synthetic,50,0.01,Euler-Bernoulli,locations,two_selected,0.5;1.0,0.03,rigid,200,1,identified,-0.03281464839234524,0.039390391113421026,0.006507820089167121,-1.0714285714285712e-05
synthetic,50,0.01,Euler-Bernoulli,locations,two_selected,0.5;1.0,0.03,flexible,200,2,identified,0.06798383080916144,0.1506157761366184,0.014869964573187094,1.6763072674668826e-05
synthetic,50,0.01,Euler-Bernoulli,locations,four,0.25;0.5;0.75;1.0,0.0,rigid,200,1,identified,-0.03337536009122888,0.03337536009122887,0.0033384914102039696,-1.0714285714285712e-05
synthetic,50,0.01,Euler-Bernoulli,locations,four,0.25;0.5;0.75;1.0,0.0,flexible,200,2,identified,4.440892098500626e-16,4.440892098500626e-16,1.6190502990696183e-16,2.812149384884277e-19
synthetic,50,0.01,Euler-Bernoulli,locations,four,0.25;0.5;0.75;1.0,0.0025,rigid,200,1,identified,-0.033448584249908674,0.03350201519660775,0.0033468750137210395,-1.0714285714285712e-05
synthetic,50,0.01,Euler-Bernoulli,locations,four,0.25;0.5;0.75;1.0,0.0025,flexible,200,2,identified,0.0012339422305637422,0.009836866894151832,0.0010437223923489198,3.784682786195621e-07
synthetic,50,0.01,Euler-Bernoulli,locations,four,0.25;0.5;0.75;1.0,0.01,rigid,200,1,identified,-0.03329575413019199,0.03397793237374132,0.003632378099973886,-1.0714285714285712e-05
synthetic,50,0.01,Euler-Bernoulli,locations,four,0.25;0.5;0.75;1.0,0.01,flexible,200,2,identified,0.006598763505402834,0.033251238879011207,0.003295855304870506,1.7047184215800113e-06
synthetic,50,0.01,Euler-Bernoulli,locations,four,0.25;0.5;0.75;1.0,0.03,rigid,200,1,identified,-0.030039427670030677,0.03709136627881176,0.005941782734221686,-1.0714285714285712e-05
synthetic,50,0.01,Euler-Bernoulli,locations,four,0.25;0.5;0.75;1.0,0.03,flexible,200,2,identified,0.04129100503848855,0.10723832507536314,0.009328549325043699,8.970295381747354e-06
synthetic,50,0.01,Timoshenko,single,one,1.0,0.0,rigid,200,1,identified,-0.029420214459309535,0.02942021445930954,0.005517961165048522,-1.0714285714285712e-05
synthetic,50,0.01,Timoshenko,single,one,1.0,0.0,flexible,200,1,unidentifiable,,,,
synthetic,50,0.01,Timoshenko,single,one,1.0,0.0025,rigid,200,1,identified,-0.029410803775285457,0.02950527679666006,0.005571212772148409,-1.0714285714285712e-05
synthetic,50,0.01,Timoshenko,single,one,1.0,0.0025,flexible,200,1,unidentifiable,,,,
synthetic,50,0.01,Timoshenko,single,one,1.0,0.01,rigid,200,1,identified,-0.02975882585499651,0.03128656640174626,0.00621409176136832,-1.0714285714285712e-05
synthetic,50,0.01,Timoshenko,single,one,1.0,0.01,flexible,200,1,unidentifiable,,,,
synthetic,50,0.01,Timoshenko,single,one,1.0,0.03,rigid,200,1,identified,-0.027652366062892054,0.039808280928589075,0.010903986130109454,-1.0714285714285712e-05
synthetic,50,0.01,Timoshenko,single,one,1.0,0.03,flexible,200,1,unidentifiable,,,,
synthetic,50,0.01,Timoshenko,single,two_uniform,0.5;1.0,0.0,rigid,200,1,identified,-0.030942094782884788,0.03094209478288479,0.0043549104545278685,-1.0714285714285712e-05
synthetic,50,0.01,Timoshenko,single,two_uniform,0.5;1.0,0.0,flexible,200,2,identified,-1.9984014443252818e-15,1.9984014443252818e-15,5.3547892167631216e-05,1.114285714280014e-07
synthetic,50,0.01,Timoshenko,single,two_uniform,0.5;1.0,0.0025,rigid,200,1,identified,-0.030802717951334914,0.030895306557950614,0.0044260347809657605,-1.0714285714285712e-05
synthetic,50,0.01,Timoshenko,single,two_uniform,0.5;1.0,0.0025,flexible,200,2,identified,0.000936145392057508,0.015559200301404423,0.002094988962057801,2.988147013791521e-07
synthetic,50,0.01,Timoshenko,single,two_uniform,0.5;1.0,0.01,rigid,200,1,identified,-0.03110559706443187,0.032369528644641335,0.004830535108739686,-1.0714285714285712e-05
synthetic,50,0.01,Timoshenko,single,two_uniform,0.5;1.0,0.01,flexible,200,2,identified,0.010322433050830825,0.04973011802482139,0.006847330870053446,2.929432680750441e-06
synthetic,50,0.01,Timoshenko,single,two_uniform,0.5;1.0,0.03,rigid,200,1,identified,-0.031119613654548225,0.040461814727976976,0.00760356011956419,-1.0714285714285712e-05
synthetic,50,0.01,Timoshenko,single,two_uniform,0.5;1.0,0.03,flexible,200,2,identified,0.1084133845011956,0.22802911940440232,0.020939231624599073,2.5643208963904196e-05
synthetic,50,0.01,Timoshenko,single,two_selected,0.5;1.0,0.0,rigid,200,1,identified,-0.030942094782884788,0.03094209478288479,0.0043549104545278685,-1.0714285714285712e-05
synthetic,50,0.01,Timoshenko,single,two_selected,0.5;1.0,0.0,flexible,200,2,identified,-1.9984014443252818e-15,1.9984014443252818e-15,5.3547892167631216e-05,1.114285714280014e-07
synthetic,50,0.01,Timoshenko,single,two_selected,0.5;1.0,0.0025,rigid,200,1,identified,-0.031001516947090194,0.031101202949656258,0.004382171140310037,-1.0714285714285712e-05
synthetic,50,0.01,Timoshenko,single,two_selected,0.5;1.0,0.0025,flexible,200,2,identified,-0.00021458160506284963,0.014264691798466287,0.0020799991863937268,-6.4305361344511155e-09
synthetic,50,0.01,Timoshenko,single,two_selected,0.5;1.0,0.01,rigid,200,1,identified,-0.030812352222991148,0.03226878333945876,0.004957400219405604,-1.0714285714285712e-05
synthetic,50,0.01,Timoshenko,single,two_selected,0.5;1.0,0.01,flexible,200,2,identified,0.007927572556871812,0.04767318079698855,0.00600841479141242,2.0755020783939504e-06
synthetic,50,0.01,Timoshenko,single,two_selected,0.5;1.0,0.03,rigid,200,1,identified,-0.027323126369050304,0.03743760688575359,0.00806609203555671,-1.0714285714285712e-05
synthetic,50,0.01,Timoshenko,single,two_selected,0.5;1.0,0.03,flexible,200,2,identified,0.08217524545819004,0.1829129480395418,0.01868044805028615,1.9030644588151565e-05
synthetic,50,0.01,Timoshenko,single,four,0.25;0.5;0.75;1.0,0.0,rigid,200,1,identified,-0.032197556985827824,0.032197556985827824,0.0037072303987790265,-1.0714285714285712e-05
synthetic,50,0.01,Timoshenko,single,four,0.25;0.5;0.75;1.0,0.0,flexible,200,2,identified,-2.220446049250313e-16,2.220446049250313e-16,4.637383493618064e-05,1.1142857142854689e-07
synthetic,50,0.01,Timoshenko,single,four,0.25;0.5;0.75;1.0,0.0025,rigid,200,1,identified,-0.03206527953566582,0.032117952639277074,0.003752551347763833,-1.0714285714285712e-05
synthetic,50,0.01,Timoshenko,single,four,0.25;0.5;0.75;1.0,0.0025,flexible,200,2,identified,-0.0004442830853883223,0.011381242350993491,0.0012451680702903066,-1.1998847330408003e-07
synthetic,50,0.01,Timoshenko,single,four,0.25;0.5;0.75;1.0,0.01,rigid,200,1,identified,-0.031886527563245705,0.032818939560366335,0.004092005998783395,-1.0714285714285712e-05
synthetic,50,0.01,Timoshenko,single,four,0.25;0.5;0.75;1.0,0.01,flexible,200,2,identified,0.008296734024925369,0.04502891281548447,0.004638353752994492,2.1106940549893317e-06
synthetic,50,0.01,Timoshenko,single,four,0.25;0.5;0.75;1.0,0.03,rigid,200,1,identified,-0.02955223652291053,0.039118224564534086,0.0067466327898564995,-1.0714285714285712e-05
synthetic,50,0.01,Timoshenko,single,four,0.25;0.5;0.75;1.0,0.03,flexible,200,2,identified,0.060343206924634664,0.14283281470526746,0.011847867268210454,1.3981740176236694e-05
synthetic,50,0.01,Timoshenko,amplitudes,one,1.0,0.0,rigid,200,1,identified,-0.029420214459309535,0.02942021445930954,0.005517961165048522,-1.0714285714285712e-05
synthetic,50,0.01,Timoshenko,amplitudes,one,1.0,0.0,flexible,200,1,unidentifiable,,,,
synthetic,50,0.01,Timoshenko,amplitudes,one,1.0,0.0025,rigid,200,1,identified,-0.029503882107656976,0.02951206529141986,0.005495412166529132,-1.0714285714285712e-05
synthetic,50,0.01,Timoshenko,amplitudes,one,1.0,0.0025,flexible,200,1,unidentifiable,,,,
synthetic,50,0.01,Timoshenko,amplitudes,one,1.0,0.01,rigid,200,1,identified,-0.029604271583587513,0.029712196784913034,0.005517015472802352,-1.0714285714285712e-05
synthetic,50,0.01,Timoshenko,amplitudes,one,1.0,0.01,flexible,200,1,unidentifiable,,,,
synthetic,50,0.01,Timoshenko,amplitudes,one,1.0,0.03,rigid,200,1,identified,-0.029033847411038885,0.030046680987809975,0.006148918208994693,-1.0714285714285712e-05
synthetic,50,0.01,Timoshenko,amplitudes,one,1.0,0.03,flexible,200,1,unidentifiable,,,,
synthetic,50,0.01,Timoshenko,amplitudes,two_uniform,0.5;1.0,0.0,rigid,200,1,identified,-0.030942094782884566,0.030942094782884573,0.004354910454527926,-1.0714285714285712e-05
synthetic,50,0.01,Timoshenko,amplitudes,two_uniform,0.5;1.0,0.0,flexible,200,2,identified,-5.551115123125783e-16,5.551115123125783e-16,5.354789216759213e-05,1.1142857142834021e-07
synthetic,50,0.01,Timoshenko,amplitudes,two_uniform,0.5;1.0,0.0025,rigid,200,1,identified,-0.030963578298807838,0.030969877467246817,0.004352388200111644,-1.0714285714285712e-05
synthetic,50,0.01,Timoshenko,amplitudes,two_uniform,0.5;1.0,0.0025,flexible,200,2,identified,-2.3910668181781336e-06,0.0037807004623373703,0.0005205025154449124,1.1367429454274078e-07
synthetic,50,0.01,Timoshenko,amplitudes,two_uniform,0.5;1.0,0.01,rigid,200,1,identified,-0.030902029369596046,0.030994592480819014,0.004402641020755568,-1.0714285714285712e-05
synthetic,50,0.01,Timoshenko,amplitudes,two_uniform,0.5;1.0,0.01,flexible,200,2,identified,8.26023281581778e-05,0.016081256256744114,0.002213055596053129,3.9875863651564906e-08
synthetic,50,0.01,Timoshenko,amplitudes,two_uniform,0.5;1.0,0.03,rigid,200,1,identified,-0.03202283505989231,0.03295016873972987,0.004508235008711154,-1.0714285714285712e-05
synthetic,50,0.01,Timoshenko,amplitudes,two_uniform,0.5;1.0,0.03,flexible,200,2,identified,0.007673322229418557,0.0413022638638228,0.00582709292270989,2.57928280442235e-06
synthetic,50,0.01,Timoshenko,amplitudes,two_selected,0.5;1.0,0.0,rigid,200,1,identified,-0.030942094782884566,0.030942094782884573,0.004354910454527926,-1.0714285714285712e-05
synthetic,50,0.01,Timoshenko,amplitudes,two_selected,0.5;1.0,0.0,flexible,200,2,identified,-5.551115123125783e-16,5.551115123125783e-16,5.354789216759213e-05,1.1142857142834021e-07
synthetic,50,0.01,Timoshenko,amplitudes,two_selected,0.5;1.0,0.0025,rigid,200,1,identified,-0.030931643689301555,0.030936740740879216,0.0043595230418304095,-1.0714285714285712e-05
synthetic,50,0.01,Timoshenko,amplitudes,two_selected,0.5;1.0,0.0025,flexible,200,2,identified,-0.00017509302221378254,0.0038966200989181306,0.0005670160509895314,4.326175867245066e-08
synthetic,50,0.01,Timoshenko,amplitudes,two_selected,0.5;1.0,0.01,rigid,200,1,identified,-0.030785693053335134,0.03089503596299096,0.00443688062386513,-1.0714285714285712e-05
synthetic,50,0.01,Timoshenko,amplitudes,two_selected,0.5;1.0,0.01,flexible,200,2,identified,-0.0005265754538504436,0.01526188203816901,0.002210143970195407,-1.9995570659990906e-07
synthetic,50,0.01,Timoshenko,amplitudes,two_selected,0.5;1.0,0.03,rigid,200,1,identified,-0.032140693685901535,0.03284551309278113,0.004387051485626744,-1.0714285714285712e-05
synthetic,50,0.01,Timoshenko,amplitudes,two_selected,0.5;1.0,0.03,flexible,200,2,identified,0.008382378157587432,0.04141146405601685,0.005541876830604379,2.85566553683294e-06
synthetic,50,0.01,Timoshenko,amplitudes,four,0.25;0.5;0.75;1.0,0.0,rigid,200,1,identified,-0.03219755698582738,0.03219755698582738,0.003707230398779118,-1.0714285714285712e-05
synthetic,50,0.01,Timoshenko,amplitudes,four,0.25;0.5;0.75;1.0,0.0,flexible,200,2,identified,0.0,0.0,4.637383493620508e-05,1.114285714285435e-07
synthetic,50,0.01,Timoshenko,amplitudes,four,0.25;0.5;0.75;1.0,0.0025,rigid,200,1,identified,-0.03218478895554532,0.032189251577146784,0.0037113981321208905,-1.0714285714285712e-05
synthetic,50,0.01,Timoshenko,amplitudes,four,0.25;0.5;0.75;1.0,0.0025,flexible,200,2,identified,-9.41153458071109e-05,0.003135207264719812,0.00037180423843127884,7.3271937160279e-08
synthetic,50,0.01,Timoshenko,amplitudes,four,0.25;0.5;0.75;1.0,0.01,rigid,200,1,identified,-0.03213934917621901,0.0322059508341971,0.0037429971207224013,-1.0714285714285712e-05
synthetic,50,0.01,Timoshenko,amplitudes,four,0.25;0.5;0.75;1.0,0.01,flexible,200,2,identified,-0.0005281718795138069,0.012970694540147999,0.0014598661445296259,-1.3376947041019058e-07
synthetic,50,0.01,Timoshenko,amplitudes,four,0.25;0.5;0.75;1.0,0.03,rigid,200,1,identified,-0.03196139040522863,0.0326278680975364,0.003989107915708585,-1.0714285714285712e-05
synthetic,50,0.01,Timoshenko,amplitudes,four,0.25;0.5;0.75;1.0,0.03,flexible,200,2,identified,0.010562365469958073,0.033024172261230764,0.003739712851498861,3.140248691677236e-06
synthetic,50,0.01,Timoshenko,locations,one,1.0,0.0,rigid,200,1,identified,-0.03092990953942576,0.03092990953942576,0.005030976141765586,-1.0714285714285712e-05
synthetic,50,0.01,Timoshenko,locations,one,1.0,0.0,flexible,200,2,identified,2.220446049250313e-15,2.220446049250313e-15,5.89469142322216e-16,1.1142857142953283e-07
synthetic,50,0.01,Timoshenko,locations,one,1.0,0.0025,rigid,200,1,identified,-0.030859863552596182,0.03093762592622153,0.005101395765660669,-1.0714285714285712e-05
synthetic,50,0.01,Timoshenko,locations,one,1.0,0.0025,flexible,200,2,identified,0.0023876363913770803,0.024154855175996224,0.0037494989132290466,7.031300076540645e-07
synthetic,50,0.01,Timoshenko,locations,one,1.0,0.01,rigid,200,1,identified,-0.029707265846605643,0.03072605061680603,0.005967049813035249,-1.0714285714285712e-05
synthetic,50,0.01,Timoshenko,locations,one,1.0,0.01,flexible,200,2,identified,0.04939125855503109,0.1125723232948422,0.014233508391764356,1.3032783798635475e-05
synthetic,50,0.01,Timoshenko,locations,one,1.0,0.03,rigid,200,1,identified,-0.03039014093905114,0.0392128606123972,0.009398033123446479,-1.0714285714285712e-05
synthetic,50,0.01,Timoshenko,locations,one,1.0,0.03,flexible,200,2,identified,0.40781524995253376,2.2851797087823136,0.03819210918998619,4.37883384182466e-05
synthetic,50,0.01,Timoshenko,locations,two_uniform,0.5;1.0,0.0,rigid,200,1,identified,-0.032498920249085295,0.032498920249085295,0.003982822102815106,-1.0714285714285712e-05
synthetic,50,0.01,Timoshenko,locations,two_uniform,0.5;1.0,0.0,flexible,200,2,identified,9.81683478149531e-05,9.816834781495311e-05,4.72251425879177e-05,1.4484756792580547e-07
synthetic,50,0.01,Timoshenko,locations,two_uniform,0.5;1.0,0.0025,rigid,200,1,identified,-0.03240946886012545,0.03245897662280068,0.004027755988921547,-1.0714285714285712e-05
synthetic,50,0.01,Timoshenko,locations,two_uniform,0.5;1.0,0.0025,flexible,200,2,identified,0.0010933019504365204,0.012942423476200976,0.0015707659516326835,3.823262113117318e-07
synthetic,50,0.01,Timoshenko,locations,two_uniform,0.5;1.0,0.01,rigid,200,1,identified,-0.03272841652278252,0.03358746970598732,0.004333769236426001,-1.0714285714285712e-05
synthetic,50,0.01,Timoshenko,locations,two_uniform,0.5;1.0,0.01,flexible,200,2,identified,0.0073717156779197655,0.04219832157860188,0.004714842003324118,2.044791727100312e-06
synthetic,50,0.01,Timoshenko,locations,two_uniform,0.5;1.0,0.03,rigid,200,1,identified,-0.03256837628581435,0.04026506347242575,0.0069933103614645145,-1.0714285714285712e-05
synthetic,50,0.01,Timoshenko,locations,two_uniform,0.5;1.0,0.03,flexible,200,2,identified,0.05608545580071087,0.13836487036043996,0.013785357619151064,1.3837454436113263e-05
synthetic,50,0.01,Timoshenko,locations,two_selected,0.5;1.0,0.0,rigid,200,1,identified,-0.032498920249085295,0.032498920249085295,0.003982822102815106,-1.0714285714285712e-05
synthetic,50,0.01,Timoshenko,locations,two_selected,0.5;1.0,0.0,flexible,200,2,identified,9.81683478149531e-05,9.816834781495311e-05,4.72251425879177e-05,1.4484756792580547e-07
synthetic,50,0.01,Timoshenko,locations,two_selected,0.5;1.0,0.0025,rigid,200,1,identified,-0.032612109762284444,0.03266416531955101,0.003981081750929807,-1.0714285714285712e-05
synthetic,50,0.01,Timoshenko,locations,two_selected,0.5;1.0,0.0025,flexible,200,2,identified,8.889326428749123e-05,0.011623832422453548,0.001474565862794569,1.3854940643623152e-07
synthetic,50,0.01,Timoshenko,locations,two_selected,0.5;1.0,0.01,rigid,200,1,identified,-0.032255863592574326,0.033003948447790636,0.004382507643704817,-1.0714285714285712e-05
synthetic,50,0.01,Timoshenko,locations,two_selected,0.5;1.0,0.01,flexible,200,2,identified,0.0031935891936499027,0.03849297967882061,0.004547359985326793,6.198541579529199e-07
synthetic,50,0.01,Timoshenko,locations,two_selected,0.5;1.0,0.03,rigid,200,1,identified,-0.0307607671721161,0.039015568189091646,0.007285903613949713,-1.0714285714285712e-05
synthetic,50,0.01,Timoshenko,locations,two_selected,0.5;1.0,0.03,flexible,200,2,identified,0.06605119610357849,0.1559481916363133,0.01365029849258766,1.5328019336370788e-05
synthetic,50,0.01,Timoshenko,locations,four,0.25;0.5;0.75;1.0,0.0,rigid,200,1,identified,-0.033725815049941765,0.033725815049941765,0.0034047035235318696,-1.0714285714285712e-05
synthetic,50,0.01,Timoshenko,locations,four,0.25;0.5;0.75;1.0,0.0,flexible,200,2,identified,0.00011602386243869667,0.00011602386243869668,3.70463471085547e-05,1.524302598811745e-07
synthetic,50,0.01,Timoshenko,locations,four,0.25;0.5;0.75;1.0,0.0025,rigid,200,1,identified,-0.033647193277556386,0.03368797964570458,0.0034372485878033632,-1.0714285714285712e-05
synthetic,50,0.01,Timoshenko,locations,four,0.25;0.5;0.75;1.0,0.0025,flexible,200,2,identified,-0.0007307818454196152,0.009410381989474638,0.000944998363606659,-1.630789978964703e-07
synthetic,50,0.01,Timoshenko,locations,four,0.25;0.5;0.75;1.0,0.01,rigid,200,1,identified,-0.03337744950957152,0.03402133998482902,0.0037303524689486856,-1.0714285714285712e-05
synthetic,50,0.01,Timoshenko,locations,four,0.25;0.5;0.75;1.0,0.01,flexible,200,2,identified,0.005270556861907254,0.036802461564818346,0.0033616501231525722,1.249614356452735e-06
synthetic,50,0.01,Timoshenko,locations,four,0.25;0.5;0.75;1.0,0.03,rigid,200,1,identified,-0.033158093114255015,0.03776391569545696,0.005118421338710205,-1.0714285714285712e-05
synthetic,50,0.01,Timoshenko,locations,four,0.25;0.5;0.75;1.0,0.03,flexible,200,2,identified,0.03506098125259231,0.1092021101327872,0.008789987828455291,8.08413236260286e-06
synthetic,50,0.1,Euler-Bernoulli,single,one,1.0,0.0,rigid,200,1,identified,-0.23076923076923084,0.23076923076923087,0.043269230769230775,-0.00010714285714285714
synthetic,50,0.1,Euler-Bernoulli,single,one,1.0,0.0,flexible,200,1,unidentifiable,,,,
synthetic,50,0.1,Euler-Bernoulli,single,one,1.0,0.0025,rigid,200,1,identified,-0.23089252241013136,0.2309011995585238,0.04322466868508837,-0.00010714285714285714
synthetic,50,0.1,Euler-Bernoulli,single,one,1.0,0.0025,flexible,200,1,unidentifiable,,,,
synthetic,50,0.1,Euler-Bernoulli,single,one,1.0,0.01,rigid,200,1,identified,-0.2306246027487891,0.23077154792926685,0.04342105072128712,-0.00010714285714285714
synthetic,50,0.1,Euler-Bernoulli,single,one,1.0,0.01,flexible,200,1,unidentifiable,,,,
synthetic,50,0.1,Euler-Bernoulli,single,one,1.0,0.03,rigid,200,1,identified,-0.2282025591288896,0.22960848286383542,0.04515000712146529,-0.00010714285714285714
synthetic,50,0.1,Euler-Bernoulli,single,one,1.0,0.03,flexible,200,1,unidentifiable,,,,
synthetic,50,0.1,Euler-Bernoulli,single,two_uniform,0.5;1.0,0.0,rigid,200,1,identified,-0.24012979989183322,0.24012979989183314,0.03390829185731251,-0.00010714285714285714
synthetic,50,0.1,Euler-Bernoulli,single,two_uniform,0.5;1.0,0.0,flexible,200,2,identified,-1.1102230246251565e-15,1.1102230246251565e-15,1.4884067784339593e-16,-3.9302328752599536e-19
synthetic,50,0.1,Euler-Bernoulli,single,two_uniform,0.5;1.0,0.0025,rigid,200,1,identified,-0.240144636077237,0.2401507700760267,0.0339068820422487,-0.00010714285714285714
synthetic,50,0.1,Euler-Bernoulli,single,two_uniform,0.5;1.0,0.0025,flexible,200,2,identified,-0.0005913877168200743,0.018158583148159765,0.002084703865953632,-3.011912874446588e-07
synthetic,50,0.1,Euler-Bernoulli,single,two_uniform,0.5;1.0,0.01,rigid,200,1,identified,-0.240993302922436,0.24109254620189746,0.03369330241684198,-0.00010714285714285714
synthetic,50,0.1,Euler-Bernoulli,single,two_uniform,0.5;1.0,0.01,flexible,200,2,identified,0.006847409533683111,0.07575235808304615,0.008213516461193338,1.0004476338751077e-06
synthetic,50,0.1,Euler-Bernoulli,single,two_uniform,0.5;1.0,0.03,rigid,200,1,identified,-0.23909107761526655,0.2399054633712509,0.034636113445606985,-0.00010714285714285714
synthetic,50,0.1,Euler-Bernoulli,single,two_uniform,0.5;1.0,0.03,flexible,200,2,identified,0.05978239774037384,0.2756594595774995,0.02250259965874097,1.2074245482119429e-06
synthetic,50,0.1,Euler-Bernoulli,single,two_selected,0.5;1.0,0.0,rigid,200,1,identified,-0.24012979989183322,0.24012979989183314,0.03390829185731251,-0.00010714285714285714
synthetic,50,0.1,Euler-Bernoulli,single,two_selected,0.5;1.0,0.0,flexible,200,2,identified,-1.1102230246251565e-15,1.1102230246251565e-15,1.4884067784339593e-16,-3.9302328752599536e-19
synthetic,50,0.1,Euler-Bernoulli,single,two_selected,0.5;1.0,0.0025,rigid,200,1,identified,-0.24022517100052737,0.24023059852731599,0.033881635265493516,-0.00010714285714285714
synthetic,50,0.1,Euler-Bernoulli,single,two_selected,0.5;1.0,0.0025,flexible,200,2,identified,-0.0001518572919012867,0.018975220319502648,0.0020855158543907435,-1.1532499975900814e-07
synthetic,50,0.1,Euler-Bernoulli,single,two_selected,0.5;1.0,0.01,rigid,200,1,identified,-0.24081787607694785,0.24091328550852392,0.03374565279552803,-0.00010714285714285714
synthetic,50,0.1,Euler-Bernoulli,single,two_selected,0.5;1.0,0.01,flexible,200,2,identified,-0.0029358035912796236,0.08410319083275665,0.008950045131175631,-2.854120516383396e-06
synthetic,50,0.1,Euler-Bernoulli,single,two_selected,0.5;1.0,0.03,rigid,200,1,identified,-0.2422518607068047,0.24307197647229628,0.03369540280202785,-0.00010714285714285714
synthetic,50,0.1,Euler-Bernoulli,single,two_selected,0.5;1.0,0.03,flexible,200,2,identified,0.05919355037592886,0.28105345358929135,0.023429312752406235,2.4478185022661052e-06
synthetic,50,0.1,Euler-Bernoulli,single,four,0.25;0.5;0.75;1.0,0.0,rigid,200,1,identified,-0.24770340006587907,0.24770340006587896,0.028806032685836765,-0.00010714285714285714
synthetic,50,0.1,Euler-Bernoulli,single,four,0.25;0.5;0.75;1.0,0.0,flexible,200,2,identified,1.5543122344752192e-15,1.5543122344752192e-15,1.6993183777227016e-16,5.149960319306146e-19
synthetic,50,0.1,Euler-Bernoulli,single,four,0.25;0.5;0.75;1.0,0.0025,rigid,200,1,identified,-0.24767357756975897,0.2476772462300803,0.028815554443173585,-0.00010714285714285714
synthetic,50,0.1,Euler-Bernoulli,single,four,0.25;0.5;0.75;1.0,0.0025,flexible,200,2,identified,0.0008302933779912947,0.015874359490213458,0.001418434403374951,1.7256724527852826e-07
synthetic,50,0.1,Euler-Bernoulli,single,four,0.25;0.5;0.75;1.0,0.01,rigid,200,1,identified,-0.24792138821820164,0.24798884740169547,0.028781025422513495,-0.00010714285714285714
synthetic,50,0.1,Euler-Bernoulli,single,four,0.25;0.5;0.75;1.0,0.01,flexible,200,2,identified,0.002536227185084571,0.05551183049266374,0.005004577422034703,-2.2073792430723582e-08
synthetic,50,0.1,Euler-Bernoulli,single,four,0.25;0.5;0.75;1.0,0.03,rigid,200,1,identified,-0.2460837820591286,0.2468274168617161,0.029566579580160426,-0.00010714285714285714
synthetic,50,0.1,Euler-Bernoulli,single,four,0.25;0.5;0.75;1.0,0.03,flexible,200,2,identified,0.04872514561710153,0.1849028019861719,0.01573103974377892,5.644584673142956e-06
synthetic,50,0.1,Euler-Bernoulli,amplitudes,one,1.0,0.0,rigid,200,1,identified,-0.23076923076923087,0.23076923076923095,0.04326923076923072,-0.00010714285714285714
synthetic,50,0.1,Euler-Bernoulli,amplitudes,one,1.0,0.0,flexible,200,1,unidentifiable,,,,
synthetic,50,0.1,Euler-Bernoulli,amplitudes,one,1.0,0.0025,rigid,200,1,identified,-0.23075498995900948,0.2307555851056932,0.04327539455949581,-0.00010714285714285714
synthetic,50,0.1,Euler-Bernoulli,amplitudes,one,1.0,0.0025,flexible,200,1,unidentifiable,,,,
synthetic,50,0.1,Euler-Bernoulli,amplitudes,one,1.0,0.01,rigid,200,1,identified,-0.23094747072986635,0.23095782707326268,0.043203421628491265,-0.00010714285714285714
synthetic,50,0.1,Euler-Bernoulli,amplitudes,one,1.0,0.01,flexible,200,1,unidentifiable,,,,
synthetic,50,0.1,Euler-Bernoulli,amplitudes,one,1.0,0.03,rigid,200,1,identified,-0.23078078171987484,0.23086505574517885,0.04331827259530547,-0.00010714285714285714
synthetic,50,0.1,Euler-Bernoulli,amplitudes,one,1.0,0.03,flexible,200,1,unidentifiable,,,,
synthetic,50,0.1,Euler-Bernoulli,amplitudes,two_uniform,0.5;1.0,0.0,rigid,200,1,identified,-0.24012979989183372,0.24012979989183372,0.033908291857312374,-0.00010714285714285714
synthetic,50,0.1,Euler-Bernoulli,amplitudes,two_uniform,0.5;1.0,0.0,flexible,200,2,identified,-5.551115123125783e-16,5.551115123125783e-16,1.7635240935325816e-16,5.421010862427522e-20
synthetic,50,0.1,Euler-Bernoulli,amplitudes,two_uniform,0.5;1.0,0.0025,rigid,200,1,identified,-0.2401556797916896,0.24015616693732933,0.033900545378363546,-0.00010714285714285714
synthetic,50,0.1,Euler-Bernoulli,amplitudes,two_uniform,0.5;1.0,0.0025,flexible,200,2,identified,-0.0005873674564598163,0.005655889438915055,0.0006086810853770953,-1.9463033962927184e-07
synthetic,50,0.1,Euler-Bernoulli,amplitudes,two_uniform,0.5;1.0,0.01,rigid,200,1,identified,-0.23994039744003728,0.2399477559541618,0.03397059619919578,-0.00010714285714285714
synthetic,50,0.1,Euler-Bernoulli,amplitudes,two_uniform,0.5;1.0,0.01,flexible,200,2,identified,0.0032870683345662443,0.021622079295173603,0.002360176004884823,8.491619640702136e-07
synthetic,50,0.1,Euler-Bernoulli,amplitudes,two_uniform,0.5;1.0,0.03,rigid,200,1,identified,-0.24017364336691746,0.2402413565218465,0.0339297369083253,-0.00010714285714285714
synthetic,50,0.1,Euler-Bernoulli,amplitudes,two_uniform,0.5;1.0,0.03,flexible,200,2,identified,-0.0004037607033345858,0.06400150274041372,0.00711375712814577,-1.4502901934115284e-06
synthetic,50,0.1,Euler-Bernoulli,amplitudes,two_selected,0.5;1.0,0.0,rigid,200,1,identified,-0.24012979989183372,0.24012979989183372,0.033908291857312374,-0.00010714285714285714
synthetic,50,0.1,Euler-Bernoulli,amplitudes,two_selected,0.5;1.0,0.0,flexible,200,2,identified,-5.551115123125783e-16,5.551115123125783e-16,1.7635240935325816e-16,5.421010862427522e-20
synthetic,50,0.1,Euler-Bernoulli,amplitudes,two_selected,0.5;1.0,0.0025,rigid,200,1,identified,-0.24017990144347892,0.2401803908094647,0.03389306037617368,-0.00010714285714285714
synthetic,50,0.1,Euler-Bernoulli,amplitudes,two_selected,0.5;1.0,0.0025,flexible,200,2,identified,0.00022982521707369142,0.005327752654676508,0.0005755903670426678,9.791706372244159e-08
synthetic,50,0.1,Euler-Bernoulli,amplitudes,two_selected,0.5;1.0,0.01,rigid,200,1,identified,-0.24046283775555266,0.24047103477461212,0.03380959153971841,-0.00010714285714285714
synthetic,50,0.1,Euler-Bernoulli,amplitudes,two_selected,0.5;1.0,0.01,flexible,200,2,identified,0.00012584701255137886,0.02250485911750853,0.002419639592850625,6.97128802864643e-08
synthetic,50,0.1,Euler-Bernoulli,amplitudes,two_selected,0.5;1.0,0.03,rigid,200,1,identified,-0.239811838209418,0.23987012521810955,0.034036412049766145,-0.00010714285714285714
synthetic,50,0.1,Euler-Bernoulli,amplitudes,two_selected,0.5;1.0,0.03,flexible,200,2,identified,0.008249946714125028,0.0629918694373754,0.006246337383797287,1.327002168978522e-06
synthetic,50,0.1,Euler-Bernoulli,amplitudes,four,0.25;0.5;0.75;1.0,0.0,rigid,200,1,identified,-0.24770340006587865,0.24770340006587865,0.028806032685836865,-0.00010714285714285714
synthetic,50,0.1,Euler-Bernoulli,amplitudes,four,0.25;0.5;0.75;1.0,0.0,flexible,200,2,identified,-4.440892098500626e-16,4.440892098500626e-16,4.6153534930958746e-17,-1.4907779871675686e-19
synthetic,50,0.1,Euler-Bernoulli,amplitudes,four,0.25;0.5;0.75;1.0,0.0025,rigid,200,1,identified,-0.24775783090690706,0.24775813873140276,0.02879197028389873,-0.00010714285714285714
synthetic,50,0.1,Euler-Bernoulli,amplitudes,four,0.25;0.5;0.75;1.0,0.0025,flexible,200,2,identified,0.00032330680644154287,0.003884505983144176,0.000349353132061757,1.317100452790532e-07
synthetic,50,0.1,Euler-Bernoulli,amplitudes,four,0.25;0.5;0.75;1.0,0.01,rigid,200,1,identified,-0.2476363044792376,0.24764112764253976,0.028825825964830885,-0.00010714285714285714
synthetic,50,0.1,Euler-Bernoulli,amplitudes,four,0.25;0.5;0.75;1.0,0.01,flexible,200,2,identified,0.0008451208238441476,0.015783182298492914,0.0014362796315875409,1.5729829741842012e-07
synthetic,50,0.1,Euler-Bernoulli,amplitudes,four,0.25;0.5;0.75;1.0,0.03,rigid,200,1,identified,-0.24769243509515718,0.24773961046429,0.028831236186831637,-0.00010714285714285714
synthetic,50,0.1,Euler-Bernoulli,amplitudes,four,0.25;0.5;0.75;1.0,0.03,flexible,200,2,identified,0.007284896971409339,0.0506385432349621,0.004369477359728866,1.5767754962582277e-06
synthetic,50,0.1,Euler-Bernoulli,locations,one,1.0,0.0,rigid,200,1,identified,-0.24005564203623372,0.24005564203623364,0.03945052550413195,-0.00010714285714285714
synthetic,50,0.1,Euler-Bernoulli,locations,one,1.0,0.0,flexible,200,2,identified,3.1086244689504383e-15,3.1086244689504383e-15,4.670409358399097e-16,1.179069862577986e-18
synthetic,50,0.1,Euler-Bernoulli,locations,one,1.0,0.0025,rigid,200,1,identified,-0.24014794074151893,0.24015282906794344,0.03941597521795186,-0.00010714285714285714
synthetic,50,0.1,Euler-Bernoulli,locations,one,1.0,0.0025,flexible,200,2,identified,0.005292644658896794,0.03534535894948311,0.004375093167707346,1.4358547134696222e-06
synthetic,50,0.1,Euler-Bernoulli,locations,one,1.0,0.01,rigid,200,1,identified,-0.24016033105748122,0.24024649961448685,0.03947556976873516,-0.00010714285714285714
synthetic,50,0.1,Euler-Bernoulli,locations,one,1.0,0.01,flexible,200,2,identified,0.0372494079454416,0.18008594431856834,0.018666227016151785,4.22370063314295e-06
synthetic,50,0.1,Euler-Bernoulli,locations,one,1.0,0.03,rigid,200,1,identified,-0.2421606779356477,0.24279642925226028,0.03909911070677273,-0.00010714285714285714
synthetic,50,0.1,Euler-Bernoulli,locations,one,1.0,0.03,flexible,200,2,identified,9.98023094088799,135.23631994799405,0.04574720328687397,2.4530396296426035e-05
synthetic,50,0.1,Euler-Bernoulli,locations,two_uniform,0.5;1.0,0.0,rigid,200,1,identified,-0.2494710829021994,0.2494710829021993,0.030992709920255948,-0.00010714285714285714
synthetic,50,0.1,Euler-Bernoulli,locations,two_uniform,0.5;1.0,0.0,flexible,200,2,identified,-4.440892098500626e-16,4.440892098500626e-16,8.510291343143887e-17,-2.710505431213761e-20
synthetic,50,0.1,Euler-Bernoulli,locations,two_uniform,0.5;1.0,0.0025,rigid,200,1,identified,-0.24942809241557523,0.2494329694712709,0.031009376753029158,-0.00010714285714285714
synthetic,50,0.1,Euler-Bernoulli,locations,two_uniform,0.5;1.0,0.0025,flexible,200,2,identified,3.4807647888404066e-05,0.015238870165496092,0.0013969384289318106,-8.630086785016622e-08
synthetic,50,0.1,Euler-Bernoulli,locations,two_uniform,0.5;1.0,0.01,rigid,200,1,identified,-0.248626792193497,0.24868351271174569,0.03129407449135013,-0.00010714285714285714
synthetic,50,0.1,Euler-Bernoulli,locations,two_uniform,0.5;1.0,0.01,flexible,200,2,identified,0.004334919830653504,0.05890563898522058,0.005702666527923781,-1.5592941624937306e-07
synthetic,50,0.1,Euler-Bernoulli,locations,two_uniform,0.5;1.0,0.03,rigid,200,1,identified,-0.24819522762611101,0.24883203290676997,0.03178449478588033,-0.00010714285714285714
synthetic,50,0.1,Euler-Bernoulli,locations,two_uniform,0.5;1.0,0.03,flexible,200,2,identified,0.04702403322151968,0.21787529031321914,0.018377413825430875,2.072091400097493e-06
synthetic,50,0.1,Euler-Bernoulli,locations,two_selected,0.5;1.0,0.0,rigid,200,1,identified,-0.2494710829021994,0.2494710829021993,0.030992709920255948,-0.00010714285714285714
synthetic,50,0.1,Euler-Bernoulli,locations,two_selected,0.5;1.0,0.0,flexible,200,2,identified,-4.440892098500626e-16,4.440892098500626e-16,8.510291343143887e-17,-2.710505431213761e-20
synthetic,50,0.1,Euler-Bernoulli,locations,two_selected,0.5;1.0,0.0025,rigid,200,1,identified,-0.24966433511308878,0.2496682026617709,0.03093428676475665,-0.00010714285714285714
synthetic,50,0.1,Euler-Bernoulli,locations,two_selected,0.5;1.0,0.0025,flexible,200,2,identified,-0.0029448260956211297,0.01654393644468703,0.0015232508885806863,-9.255918602265342e-07
synthetic,50,0.1,Euler-Bernoulli,locations,two_selected,0.5;1.0,0.01,rigid,200,1,identified,-0.2502942045283222,0.2503612452782941,0.030776750593405715,-0.00010714285714285714
synthetic,50,0.1,Euler-Bernoulli,locations,two_selected,0.5;1.0,0.01,flexible,200,2,identified,0.0059727027921543914,0.06565931895933941,0.005783527382415421,1.0782890398179035e-06
synthetic,50,0.1,Euler-Bernoulli,locations,two_selected,0.5;1.0,0.03,rigid,200,1,identified,-0.2503908917700299,0.25095042607215595,0.031063081592459633,-0.00010714285714285714
synthetic,50,0.1,Euler-Bernoulli,locations,two_selected,0.5;1.0,0.03,flexible,200,2,identified,0.03921400491987199,0.23406415839739056,0.018053997546975474,3.2582901032828684e-07
synthetic,50,0.1,Euler-Bernoulli,locations,four,0.25;0.5;0.75;1.0,0.0,rigid,200,1,identified,-0.2566588631178222,0.25665886311782216,0.026451124250077906,-0.00010714285714285714
synthetic,50,0.1,Euler-Bernoulli,locations,four,0.25;0.5;0.75;1.0,0.0,flexible,200,2,identified,-4.440892098500626e-16,4.440892098500626e-16,2.3363446376170667e-17,-1.2197274440461925e-19
synthetic,50,0.1,Euler-Bernoulli,locations,four,0.25;0.5;0.75;1.0,0.0025,rigid,200,1,identified,-0.2566219170678787,0.25662479951598993,0.026462583766293592,-0.00010714285714285714
synthetic,50,0.1,Euler-Bernoulli,locations,four,0.25;0.5;0.75;1.0,0.0025,flexible,200,2,identified,-3.431004242806457e-05,0.011923752375031899,0.0010076015626495273,-7.447506862443399e-08
synthetic,50,0.1,Euler-Bernoulli,locations,four,0.25;0.5;0.75;1.0,0.01,rigid,200,1,identified,-0.25649630581235344,0.2565409450529432,0.026520081650557293,-0.00010714285714285714
synthetic,50,0.1,Euler-Bernoulli,locations,four,0.25;0.5;0.75;1.0,0.01,flexible,200,2,identified,0.004836404307679526,0.04671555016615374,0.0037332888381177987,7.632117953331342e-07
synthetic,50,0.1,Euler-Bernoulli,locations,four,0.25;0.5;0.75;1.0,0.03,rigid,200,1,identified,-0.25539520155983436,0.2558441401502189,0.02703889205005794,-0.00010714285714285714
synthetic,50,0.1,Euler-Bernoulli,locations,four,0.25;0.5;0.75;1.0,0.03,flexible,200,2,identified,0.011225740468218963,0.15273935123199747,0.01113902203654435,-3.5715607499842265e-06
synthetic,50,0.1,Timoshenko,single,one,1.0,0.0,rigid,200,1,identified,-0.23095380185678535,0.2309538018567854,0.04331423076923068,-0.00010714285714285714
synthetic,50,0.1,Timoshenko,single,one,1.0,0.0,flexible,200,1,unidentifiable,,,,
synthetic,50,0.1,Timoshenko,single,one,1.0,0.0025,rigid,200,1,identified,-0.23089415194709736,0.23090267373181392,0.043343888990186145,-0.00010714285714285714
synthetic,50,0.1,Timoshenko,single,one,1.0,0.0025,flexible,200,1,unidentifiable,,,,
synthetic,50,0.1,Timoshenko,single,one,1.0,0.01,rigid,200,1,identified,-0.23083425147575587,0.23095887940255513,0.043441956210499406,-0.00010714285714285714
synthetic,50,0.1,Timoshenko,single,one,1.0,0.01,flexible,200,1,unidentifiable,,,,
synthetic,50,0.1,Timoshenko,single,one,1.0,0.03,rigid,200,1,identified,-0.23273993122885941,0.23383851555003457,0.04332020248856777,-0.00010714285714285714
synthetic,50,0.1,Timoshenko,single,one,1.0,0.03,flexible,200,1,unidentifiable,,,,
synthetic,50,0.1,Timoshenko,single,two_uniform,0.5;1.0,0.0,rigid,200,1,identified,-0.24031951869067034,0.24031951869067025,0.033967733364135784,-0.00010714285714285714
synthetic,50,0.1,Timoshenko,single,two_uniform,0.5;1.0,0.0,flexible,200,2,identified,-2.4424906541753444e-15,2.4424906541753444e-15,4.242640687133896e-05,1.1142857142778964e-07
synthetic,50,0.1,Timoshenko,single,two_uniform,0.5;1.0,0.0025,rigid,200,1,identified,-0.2402346359461073,0.24024294334551302,0.03399825588695419,-0.00010714285714285714
synthetic,50,0.1,Timoshenko,single,two_uniform,0.5;1.0,0.0025,flexible,200,2,identified,0.000663734572989585,0.018234864153195612,0.002007909688698041,1.772731878063255e-07
synthetic,50,0.1,Timoshenko,single,two_uniform,0.5;1.0,0.01,rigid,200,1,identified,-0.24036122208699112,0.24049159027559955,0.03402226585266079,-0.00010714285714285714
synthetic,50,0.1,Timoshenko,single,two_uniform,0.5;1.0,0.01,flexible,200,2,identified,0.017363436071578833,0.08368296820285973,0.00873553951481728,3.851359975697344e-06
synthetic,50,0.1,Timoshenko,single,two_uniform,0.5;1.0,0.03,rigid,200,1,identified,-0.24115196956588164,0.24220183542510873,0.0342580125058966,-0.00010714285714285714
synthetic,50,0.1,Timoshenko,single,two_uniform,0.5;1.0,0.03,flexible,200,2,identified,0.025015316785641284,0.28939725021905416,0.023748929237379375,-1.1516697179250159e-05
synthetic,50,0.1,Timoshenko,single,two_selected,0.5;1.0,0.0,rigid,200,1,identified,-0.24031951869067034,0.24031951869067025,0.033967733364135784,-0.00010714285714285714
synthetic,50,0.1,Timoshenko,single,two_selected,0.5;1.0,0.0,flexible,200,2,identified,-2.4424906541753444e-15,2.4424906541753444e-15,4.242640687133896e-05,1.1142857142778964e-07
synthetic,50,0.1,Timoshenko,single,two_selected,0.5;1.0,0.0025,rigid,200,1,identified,-0.24028171513016275,0.24028863299114592,0.03398299122666043,-0.00010714285714285714
synthetic,50,0.1,Timoshenko,single,two_selected,0.5;1.0,0.0025,flexible,200,2,identified,0.0008135917058979225,0.01985809017888391,0.0022550840835093818,2.3441554423059986e-07
synthetic,50,0.1,Timoshenko,single,two_selected,0.5;1.0,0.01,rigid,200,1,identified,-0.24028877759292144,0.24039115097976252,0.03403013507043428,-0.00010714285714285714
synthetic,50,0.1,Timoshenko,single,two_selected,0.5;1.0,0.01,flexible,200,2,identified,0.001786491326823843,0.07478143230798937,0.00833864224856226,-1.1449315576504606e-06
synthetic,50,0.1,Timoshenko,single,two_selected,0.5;1.0,0.03,rigid,200,1,identified,-0.24123721944316742,0.24229904967248872,0.034239046853313304,-0.00010714285714285714
synthetic,50,0.1,Timoshenko,single,two_selected,0.5;1.0,0.03,flexible,200,2,identified,0.0784995448818321,0.289311685672139,0.023451632274894732,7.633998500456535e-06
synthetic,50,0.1,Timoshenko,single,four,0.25;0.5;0.75;1.0,0.0,rigid,200,1,identified,-0.24789715043623609,0.24789715043623617,0.02886259831573175,-0.00010714285714285714
synthetic,50,0.1,Timoshenko,single,four,0.25;0.5;0.75;1.0,0.0,flexible,200,2,identified,8.881784197001252e-16,8.881784197001252e-16,3.6742346141662684e-05,1.1142857142892805e-07
synthetic,50,0.1,Timoshenko,single,four,0.25;0.5;0.75;1.0,0.0025,rigid,200,1,identified,-0.24792473954190408,0.24793005998945838,0.028857917381720426,-0.00010714285714285714
synthetic,50,0.1,Timoshenko,single,four,0.25;0.5;0.75;1.0,0.0025,flexible,200,2,identified,2.6242097490475345e-06,0.015046202073745324,0.0013915258414102223,5.669375579525457e-08
synthetic,50,0.1,Timoshenko,single,four,0.25;0.5;0.75;1.0,0.01,rigid,200,1,identified,-0.24738042946501243,0.24746718349842434,0.02903794803936079,-0.00010714285714285714
synthetic,50,0.1,Timoshenko,single,four,0.25;0.5;0.75;1.0,0.01,flexible,200,2,identified,0.003681020662831396,0.05813638607229636,0.004916394613695836,-4.4483093049396614e-08
synthetic,50,0.1,Timoshenko,single,four,0.25;0.5;0.75;1.0,0.03,rigid,200,1,identified,-0.24971509731670471,0.25034930200878464,0.028699301854908675,-0.00010714285714285714
synthetic,50,0.1,Timoshenko,single,four,0.25;0.5;0.75;1.0,0.03,flexible,200,2,identified,0.015789257027705297,0.17838283772200772,0.01393569864593407,-2.477151929276125e-06
synthetic,50,0.1,Timoshenko,amplitudes,one,1.0,0.0,rigid,200,1,identified,-0.23095380185678535,0.23095380185678524,0.043314230769230744,-0.00010714285714285714
synthetic,50,0.1,Timoshenko,amplitudes,one,1.0,0.0,flexible,200,1,unidentifiable,,,,
synthetic,50,0.1,Timoshenko,amplitudes,one,1.0,0.0025,rigid,200,1,identified,-0.23092479849536687,0.23092538205060698,0.04332638975071253,-0.00010714285714285714
synthetic,50,0.1,Timoshenko,amplitudes,one,1.0,0.0025,flexible,200,1,unidentifiable,,,,
synthetic,50,0.1,Timoshenko,amplitudes,one,1.0,0.01,rigid,200,1,identified,-0.2310555986859228,0.23106604848379939,0.04327951867834843,-0.00010714285714285714
synthetic,50,0.1,Timoshenko,amplitudes,one,1.0,0.01,flexible,200,1,unidentifiable,,,,
synthetic,50,0.1,Timoshenko,amplitudes,one,1.0,0.03,rigid,200,1,identified,-0.23141225495350923,0.2314909754463551,0.04317831114370095,-0.00010714285714285714
synthetic,50,0.1,Timoshenko,amplitudes,one,1.0,0.03,flexible,200,1,unidentifiable,,,,
synthetic,50,0.1,Timoshenko,amplitudes,two_uniform,0.5;1.0,0.0,rigid,200,1,identified,-0.2403195186906705,0.24031951869067056,0.03396773336413569,-0.00010714285714285714
synthetic,50,0.1,Timoshenko,amplitudes,two_uniform,0.5;1.0,0.0,flexible,200,2,identified,-2.220446049250313e-16,2.220446049250313e-16,4.242640687113255e-05,1.1142857142871121e-07
synthetic,50,0.1,Timoshenko,amplitudes,two_uniform,0.5;1.0,0.0025,rigid,200,1,identified,-0.24038368426418097,0.2403842170630854,0.03394817227956519,-0.00010714285714285714
synthetic,50,0.1,Timoshenko,amplitudes,two_uniform,0.5;1.0,0.0025,flexible,200,2,identified,-0.0006407792279909408,0.005172355209391956,0.0005900791042800471,-7.70108797673328e-08
synthetic,50,0.1,Timoshenko,amplitudes,two_uniform,0.5;1.0,0.01,rigid,200,1,identified,-0.2405186645005482,0.24052653869723925,0.03391023415096019,-0.00010714285714285714
synthetic,50,0.1,Timoshenko,amplitudes,two_uniform,0.5;1.0,0.01,flexible,200,2,identified,-0.0010829818052650807,0.01970178502224887,0.0022593568431732484,-2.687685321655381e-07
synthetic,50,0.1,Timoshenko,amplitudes,two_uniform,0.5;1.0,0.03,rigid,200,1,identified,-0.24058076637075929,0.24066144710093143,0.03392877836508137,-0.00010714285714285714
synthetic,50,0.1,Timoshenko,amplitudes,two_uniform,0.5;1.0,0.03,flexible,200,2,identified,0.002936852638527219,0.05524599460128028,0.006089537061782801,2.769326467763514e-07
synthetic,50,0.1,Timoshenko,amplitudes,two_selected,0.5;1.0,0.0,rigid,200,1,identified,-0.2403195186906705,0.24031951869067056,0.03396773336413569,-0.00010714285714285714
synthetic,50,0.1,Timoshenko,amplitudes,two_selected,0.5;1.0,0.0,flexible,200,2,identified,-2.220446049250313e-16,2.220446049250313e-16,4.242640687113255e-05,1.1142857142871121e-07
synthetic,50,0.1,Timoshenko,amplitudes,two_selected,0.5;1.0,0.0025,rigid,200,1,identified,-0.24036891820844683,0.24036944295541762,0.03395273307496156,-0.00010714285714285714
synthetic,50,0.1,Timoshenko,amplitudes,two_selected,0.5;1.0,0.0025,flexible,200,2,identified,0.0001993021071250306,0.005185935830952597,0.0005847593141306049,1.991141125135863e-07
synthetic,50,0.1,Timoshenko,amplitudes,two_selected,0.5;1.0,0.01,rigid,200,1,identified,-0.2406058845896512,0.2406145507435915,0.03388367922614243,-0.00010714285714285714
synthetic,50,0.1,Timoshenko,amplitudes,two_selected,0.5;1.0,0.01,flexible,200,2,identified,-0.002259263946523428,0.02207602496110223,0.0023693520578707047,-6.486994982918057e-07
synthetic,50,0.1,Timoshenko,amplitudes,two_selected,0.5;1.0,0.03,rigid,200,1,identified,-0.23987953190351946,0.23995268796281358,0.03414093981878508,-0.00010714285714285714
synthetic,50,0.1,Timoshenko,amplitudes,two_selected,0.5;1.0,0.03,flexible,200,2,identified,0.0034475740453007325,0.0626003508538451,0.006931189199540152,-2.6269063873681084e-07
synthetic,50,0.1,Timoshenko,amplitudes,four,0.25;0.5;0.75;1.0,0.0,rigid,200,1,identified,-0.24789715043623609,0.24789715043623617,0.02886259831573175,-0.00010714285714285714
synthetic,50,0.1,Timoshenko,amplitudes,four,0.25;0.5;0.75;1.0,0.0,flexible,200,2,identified,-5.551115123125783e-16,5.551115123125783e-16,3.674234614177143e-05,1.1142857142842661e-07
synthetic,50,0.1,Timoshenko,amplitudes,four,0.25;0.5;0.75;1.0,0.0025,rigid,200,1,identified,-0.24787828635093503,0.24787859144672786,0.02886766808670794,-0.00010714285714285714
synthetic,50,0.1,Timoshenko,amplitudes,four,0.25;0.5;0.75;1.0,0.0025,flexible,200,2,identified,0.0006870211353973316,0.004336304097222845,0.00034615493219067436,3.1814967995588883e-07
synthetic,50,0.1,Timoshenko,amplitudes,four,0.25;0.5;0.75;1.0,0.01,rigid,200,1,identified,-0.24786917918886794,0.24787477954859316,0.028872555770688656,-0.00010714285714285714
synthetic,50,0.1,Timoshenko,amplitudes,four,0.25;0.5;0.75;1.0,0.01,flexible,200,2,identified,0.0008895175452025089,0.017477765232691338,0.0016161124589044226,2.8835435616435646e-07
synthetic,50,0.1,Timoshenko,amplitudes,four,0.25;0.5;0.75;1.0,0.03,rigid,200,1,identified,-0.24828786766386826,0.24833056677917234,0.028780898968743994,-0.00010714285714285714
synthetic,50,0.1,Timoshenko,amplitudes,four,0.25;0.5;0.75;1.0,0.03,flexible,200,2,identified,-0.0033613489741372905,0.04323444617617391,0.003940405581349595,-1.3489205738548014e-06
synthetic,50,0.1,Timoshenko,locations,one,1.0,0.0,rigid,200,1,identified,-0.24024532076943886,0.2402453207694389,0.03949155405065616,-0.00010714285714285714
synthetic,50,0.1,Timoshenko,locations,one,1.0,0.0,flexible,200,2,identified,-4.440892098500626e-16,4.440892098500626e-16,5.838011697998871e-17,1.1142857142854858e-07
synthetic,50,0.1,Timoshenko,locations,one,1.0,0.0025,rigid,200,1,identified,-0.2401335989953749,0.2401381514273452,0.039541668846028624,-0.00010714285714285714
synthetic,50,0.1,Timoshenko,locations,one,1.0,0.0025,flexible,200,2,identified,0.00269207022619087,0.034818164864677224,0.004409738504753512,5.530983110644729e-07
synthetic,50,0.1,Timoshenko,locations,one,1.0,0.01,rigid,200,1,identified,-0.24020666877150584,0.24029203326139564,0.039574879741672266,-0.00010714285714285714
synthetic,50,0.1,Timoshenko,locations,one,1.0,0.01,flexible,200,2,identified,0.022545481074861446,0.14291476108396445,0.016944794879449956,1.4010547638803916e-06
synthetic,50,0.1,Timoshenko,locations,one,1.0,0.03,rigid,200,1,identified,-0.2390013767070238,0.23976437415659896,0.040584021180532906,-0.00010714285714285714
synthetic,50,0.1,Timoshenko,locations,one,1.0,0.03,flexible,200,2,identified,5000000000.462523,70710678118.58405,0.04140107543852656,1.6125979347588806e-05
synthetic,50,0.1,Timoshenko,locations,two_uniform,0.5;1.0,0.0,rigid,200,1,identified,-0.24966886393057117,0.24966886393057103,0.03104888917524291,-0.00010714285714285714
synthetic,50,0.1,Timoshenko,locations,two_uniform,0.5;1.0,0.0,flexible,200,2,identified,9.816834781384287e-05,9.816834781384287e-05,3.741684374271846e-05,1.4484756792574618e-07
synthetic,50,0.1,Timoshenko,locations,two_uniform,0.5;1.0,0.0025,rigid,200,1,identified,-0.24982484631949517,0.24982926451620277,0.031002550205472223,-0.00010714285714285714
synthetic,50,0.1,Timoshenko,locations,two_uniform,0.5;1.0,0.0025,flexible,200,2,identified,0.0016548239135073506,0.015599810599812108,0.001538140541328606,6.596407580703854e-07
synthetic,50,0.1,Timoshenko,locations,two_uniform,0.5;1.0,0.01,rigid,200,1,identified,-0.24949645902098497,0.24955838170648395,0.031142716082793277,-0.00010714285714285714
synthetic,50,0.1,Timoshenko,locations,two_uniform,0.5;1.0,0.01,flexible,200,2,identified,0.00130869738478729,0.06132139737260305,0.005912012531709063,-7.501400491845183e-07
synthetic,50,0.1,Timoshenko,locations,two_uniform,0.5;1.0,0.03,rigid,200,1,identified,-0.24705267813429707,0.247737514861057,0.032276766943655014,-0.00010714285714285714
synthetic,50,0.1,Timoshenko,locations,two_uniform,0.5;1.0,0.03,flexible,200,2,identified,0.04943827025293751,0.23724372294342685,0.017693683395873586,2.289114018341621e-06
synthetic,50,0.1,Timoshenko,locations,two_selected,0.5;1.0,0.0,rigid,200,1,identified,-0.24966886393057117,0.24966886393057103,0.03104888917524291,-0.00010714285714285714
synthetic,50,0.1,Timoshenko,locations,two_selected,0.5;1.0,0.0,flexible,200,2,identified,9.816834781384287e-05,9.816834781384287e-05,3.741684374271846e-05,1.4484756792574618e-07
synthetic,50,0.1,Timoshenko,locations,two_selected,0.5;1.0,0.0025,rigid,200,1,identified,-0.24946326451672224,0.24946784876622635,0.03111660747894781,-0.00010714285714285714
synthetic,50,0.1,Timoshenko,locations,two_selected,0.5;1.0,0.0025,flexible,200,2,identified,-0.0004958788660143343,0.0159109975303727,0.0015480380409269433,-2.442940221388025e-07
synthetic,50,0.1,Timoshenko,locations,two_selected,0.5;1.0,0.01,rigid,200,1,identified,-0.2501004707251642,0.2501761990303238,0.030961731329637025,-0.00010714285714285714
synthetic,50,0.1,Timoshenko,locations,two_selected,0.5;1.0,0.01,flexible,200,2,identified,0.004871811064104078,0.06139723670732854,0.006059502172514111,7.712754449030432e-07
synthetic,50,0.1,Timoshenko,locations,two_selected,0.5;1.0,0.03,rigid,200,1,identified,-0.2507516826857068,0.2514240652591676,0.03115087261559776,-0.00010714285714285714
synthetic,50,0.1,Timoshenko,locations,two_selected,0.5;1.0,0.03,flexible,200,2,identified,0.02254413350768296,0.20087834711547542,0.016477181826251044,-2.555272753717533e-06
synthetic,50,0.1,Timoshenko,locations,four,0.25;0.5;0.75;1.0,0.0,rigid,200,1,identified,-0.2568661296562837,0.2568661296562837,0.026503477199687795,-0.00010714285714285714
synthetic,50,0.1,Timoshenko,locations,four,0.25;0.5;0.75;1.0,0.0,flexible,200,2,identified,0.00011602386243758644,0.00011602386243758646,2.9352105786062764e-05,1.5243025988081874e-07
synthetic,50,0.1,Timoshenko,locations,four,0.25;0.5;0.75;1.0,0.0025,rigid,200,1,identified,-0.2569546609818638,0.25695759390183626,0.026481735594995698,-0.00010714285714285714
synthetic,50,0.1,Timoshenko,locations,four,0.25;0.5;0.75;1.0,0.0025,flexible,200,2,identified,-0.0004779291130132218,0.011510284907495758,0.0009590456145465243,-2.2093807611427544e-08
synthetic,50,0.1,Timoshenko,locations,four,0.25;0.5;0.75;1.0,0.01,rigid,200,1,identified,-0.2569385831360428,0.25699251743360685,0.02651573525500079,-0.00010714285714285714
synthetic,50,0.1,Timoshenko,locations,four,0.25;0.5;0.75;1.0,0.01,flexible,200,2,identified,0.001639860253886502,0.04310096881344794,0.0038250494172233887,1.1179959316569713e-07
synthetic,50,0.1,Timoshenko,locations,four,0.25;0.5;0.75;1.0,0.03,rigid,200,1,identified,-0.2567897896301032,0.2571977043939056,0.02675831257190695,-0.00010714285714285714
synthetic,50,0.1,Timoshenko,locations,four,0.25;0.5;0.75;1.0,0.03,flexible,200,2,identified,0.016475914803356365,0.14429478977523547,0.011089508207635549,-4.116783083240016e-07
synthetic,100,0.0,Euler-Bernoulli,single,one,1.0,0.0,rigid,200,1,identified,0.0,0.0,0.0,-0.0
synthetic,100,0.0,Euler-Bernoulli,single,one,1.0,0.0,flexible,200,1,unidentifiable,,,,
synthetic,100,0.0,Euler-Bernoulli,single,one,1.0,0.0025,rigid,200,1,identified,3.035531430839178e-05,0.0026361790006706504,0.000823198191273591,-0.0
synthetic,100,0.0,Euler-Bernoulli,single,one,1.0,0.0025,flexible,200,1,unidentifiable,,,,
synthetic,100,0.0,Euler-Bernoulli,single,one,1.0,0.01,rigid,200,1,identified,-0.0006418229415502247,0.009973086099876351,0.0031314414761048227,-0.0
synthetic,100,0.0,Euler-Bernoulli,single,one,1.0,0.01,flexible,200,1,unidentifiable,,,,
synthetic,100,0.0,Euler-Bernoulli,single,one,1.0,0.03,rigid,200,1,identified,0.00025474219717407765,0.025974628194190337,0.008059728414065546,-0.0
synthetic,100,0.0,Euler-Bernoulli,single,one,1.0,0.03,flexible,200,1,unidentifiable,,,,
synthetic,100,0.0,Euler-Bernoulli,single,two_uniform,0.5;1.0,0.0,rigid,200,1,identified,2.220446049250313e-16,2.220446049250313e-16,2.999979770512318e-17,-0.0
synthetic,100,0.0,Euler-Bernoulli,single,two_uniform,0.5;1.0,0.0,flexible,200,2,identified,2.220446049250313e-16,2.220446049250313e-16,2.999979770512318e-17,0.0
synthetic,100,0.0,Euler-Bernoulli,single,two_uniform,0.5;1.0,0.0025,rigid,200,1,identified,0.0002729021390646641,0.0024505133246133463,0.0005826660729610821,-0.0
synthetic,100,0.0,Euler-Bernoulli,single,two_uniform,0.5;1.0,0.0025,flexible,200,2,identified,0.007088705253596597,0.011991375872532408,0.0016662648520158173,1.8122871048942187e-05
synthetic,100,0.0,Euler-Bernoulli,single,two_uniform,0.5;1.0,0.01,rigid,200,1,identified,0.00040272806236933635,0.00848696310658328,0.002017454929786021,-0.0
synthetic,100,0.0,Euler-Bernoulli,single,two_uniform,0.5;1.0,0.01,flexible,200,2,identified,0.027198250112405037,0.05004494171961632,0.006372290972606306,6.677173771219462e-05
synthetic,100,0.0,Euler-Bernoulli,single,two_uniform,0.5;1.0,0.03,rigid,200,1,identified,-0.0028636064834881665,0.02930839809184486,0.007127211807199305,-0.0
synthetic,100,0.0,Euler-Bernoulli,single,two_uniform,0.5;1.0,0.03,flexible,200,2,identified,0.09098990276822116,0.1657923788556751,0.0204971152802071,0.0002022292957573425
synthetic,100,0.0,Euler-Bernoulli,single,two_selected,0.5;1.0,0.0,rigid,200,1,identified,2.220446049250313e-16,2.220446049250313e-16,2.999979770512318e-17,-0.0
synthetic,100,0.0,Euler-Bernoulli,single,two_selected,0.5;1.0,0.0,flexible,200,2,identified,2.220446049250313e-16,2.220446049250313e-16,2.999979770512318e-17,0.0
synthetic,100,0.0,Euler-Bernoulli,single,two_selected,0.5;1.0,0.0025,rigid,200,1,identified,-0.00013360511228170614,0.0025027926835123255,0.0005953325199895083,-0.0
synthetic,100,0.0,Euler-Bernoulli,single,two_selected,0.5;1.0,0.0025,flexible,200,2,identified,0.005007419098038149,0.009862260787601036,0.001434856790110538,1.3703148531639796e-05
synthetic,100,0.0,Euler-Bernoulli,single,two_selected,0.5;1.0,0.01,rigid,200,1,identified,0.0003860958550824356,0.009688254521585983,0.0023034019698551333,-0.0
synthetic,100,0.0,Euler-Bernoulli,single,two_selected,0.5;1.0,0.01,flexible,200,2,identified,0.026740527019637347,0.04768869550711469,0.006615489372625334,6.621700737647223e-05
synthetic,100,0.0,Euler-Bernoulli,single,two_selected,0.5;1.0,0.03,rigid,200,1,identified,0.005956090117076908,0.029720065884964644,0.006953274549439318,-0.0
synthetic,100,0.0,Euler-Bernoulli,single,two_selected,0.5;1.0,0.03,flexible,200,2,identified,0.09915954247920425,0.1991171858483433,0.018701129673310477,0.00018441984618224958
synthetic,100,0.0,Euler-Bernoulli,single,four,0.25;0.5;0.75;1.0,0.0,rigid,200,1,identified,2.220446049250313e-16,2.220446049250313e-16,2.855895656800437e-17,-0.0
synthetic,100,0.0,Euler-Bernoulli,single,four,0.25;0.5;0.75;1.0,0.0,flexible,200,2,identified,-2.220446049250313e-16,2.220446049250313e-16,4.373184431841593e-17,0.0
synthetic,100,0.0,Euler-Bernoulli,single,four,0.25;0.5;0.75;1.0,0.0025,rigid,200,1,identified,-1.160217553101639e-05,0.001920836714751369,0.0003873197987212379,-0.0
synthetic,100,0.0,Euler-Bernoulli,single,four,0.25;0.5;0.75;1.0,0.0025,flexible,200,2,identified,0.0033198869541201,0.006431102211164041,0.0008024128920751482,8.576108596343763e-06
synthetic,100,0.0,Euler-Bernoulli,single,four,0.25;0.5;0.75;1.0,0.01,rigid,200,1,identified,-0.0005435852939549634,0.008312737019292485,0.00168194053030958,-0.0
synthetic,100,0.0,Euler-Bernoulli,single,four,0.25;0.5;0.75;1.0,0.01,flexible,200,2,identified,0.01946536911935284,0.036030920627798474,0.004191673144063391,4.912438089663437e-05
synthetic,100,0.0,Euler-Bernoulli,single,four,0.25;0.5;0.75;1.0,0.03,rigid,200,1,identified,-0.001799649159521799,0.025380707823543736,0.005115270400575933,-0.0
synthetic,100,0.0,Euler-Bernoulli,single,four,0.25;0.5;0.75;1.0,0.03,flexible,200,2,identified,0.05213617669351471,0.10309062384161911,0.011164802860591579,0.00011980011481158534
synthetic,100,0.0,Euler-Bernoulli,amplitudes,one,1.0,0.0,rigid,200,1,identified,-2.220446049250313e-16,2.220446049250313e-16,7.589415207398532e-17,-0.0
synthetic,100,0.0,Euler-Bernoulli,amplitudes,one,1.0,0.0,flexible,200,1,unidentifiable,,,,
synthetic,100,0.0,Euler-Bernoulli,amplitudes,one,1.0,0.0025,rigid,200,1,identified,2.924579891164958e-05,0.0005866430501258753,0.00018330584699886369,-0.0
synthetic,100,0.0,Euler-Bernoulli,amplitudes,one,1.0,0.0025,flexible,200,1,unidentifiable,,,,
synthetic,100,0.0,Euler-Bernoulli,amplitudes,one,1.0,0.01,rigid,200,1,identified,0.00013195342334924366,0.0027887865924598005,0.0008711754090106969,-0.0
synthetic,100,0.0,Euler-Bernoulli,amplitudes,one,1.0,0.01,flexible,200,1,unidentifiable,,,,
synthetic,100,0.0,Euler-Bernoulli,amplitudes,one,1.0,0.03,rigid,200,1,identified,0.00034442531257302013,0.007672490101432451,0.0023959966671509678,-0.0
synthetic,100,0.0,Euler-Bernoulli,amplitudes,one,1.0,0.03,flexible,200,1,unidentifiable,,,,
synthetic,100,0.0,Euler-Bernoulli,amplitudes,two_uniform,0.5;1.0,0.0,rigid,200,1,identified,0.0,0.0,0.0,-0.0
synthetic,100,0.0,Euler-Bernoulli,amplitudes,two_uniform,0.5;1.0,0.0,flexible,200,2,identified,0.0,0.0,0.0,0.0
synthetic,100,0.0,Euler-Bernoulli,amplitudes,two_uniform,0.5;1.0,0.0025,rigid,200,1,identified,3.805900276709129e-05,0.0006333537828565337,0.00015072184668011535,-0.0
synthetic,100,0.0,Euler-Bernoulli,amplitudes,two_uniform,0.5;1.0,0.0025,flexible,200,2,identified,0.0014750899324291334,0.002733332479569646,0.00038877175839442294,3.87869234826573e-06
synthetic,100,0.0,Euler-Bernoulli,amplitudes,two_uniform,0.5;1.0,0.01,rigid,200,1,identified,-0.00020901706773249762,0.0027536466527562325,0.0006555969451823604,-0.0
synthetic,100,0.0,Euler-Bernoulli,amplitudes,two_uniform,0.5;1.0,0.01,flexible,200,2,identified,0.00576277452284468,0.011305679477371227,0.0016624343443898226,1.5879760742849505e-05
synthetic,100,0.0,Euler-Bernoulli,amplitudes,two_uniform,0.5;1.0,0.03,rigid,200,1,identified,-0.0003192068424752842,0.007285469120872213,0.0017367711916006193,-0.0
synthetic,100,0.0,Euler-Bernoulli,amplitudes,two_uniform,0.5;1.0,0.03,flexible,200,2,identified,0.02132086828266419,0.040000973682264206,0.005076043655143652,5.483504616443644e-05
synthetic,100,0.0,Euler-Bernoulli,amplitudes,two_selected,0.5;1.0,0.0,rigid,200,1,identified,0.0,0.0,0.0,-0.0
synthetic,100,0.0,Euler-Bernoulli,amplitudes,two_selected,0.5;1.0,0.0,flexible,200,2,identified,0.0,0.0,0.0,0.0
synthetic,100,0.0,Euler-Bernoulli,amplitudes,two_selected,0.5;1.0,0.0025,rigid,200,1,identified,-3.9400411437872096e-05,0.0006464459904644677,0.0001538516871008172,-0.0
synthetic,100,0.0,Euler-Bernoulli,amplitudes,two_selected,0.5;1.0,0.0025,flexible,200,2,identified,0.0017200767053500649,0.003005205991030697,0.0004409091208147834,4.749109140491628e-06
synthetic,100,0.0,Euler-Bernoulli,amplitudes,two_selected,0.5;1.0,0.01,rigid,200,1,identified,0.0002723262040481594,0.002501082580199091,0.0005947693986264582,-0.0
synthetic,100,0.0,Euler-Bernoulli,amplitudes,two_selected,0.5;1.0,0.01,flexible,200,2,identified,0.006075014653218008,0.011468560677570669,0.0014897114192261864,1.5409625189007173e-05
synthetic,100,0.0,Euler-Bernoulli,amplitudes,two_selected,0.5;1.0,0.03,rigid,200,1,identified,0.00037193407354531804,0.007285314283835548,0.0017311491292524696,-0.0
synthetic,100,0.0,Euler-Bernoulli,amplitudes,two_selected,0.5;1.0,0.03,flexible,200,2,identified,0.022244133570689672,0.03976476670367729,0.005248938588219463,5.554750272766664e-05
synthetic,100,0.0,Euler-Bernoulli,amplitudes,four,0.25;0.5;0.75;1.0,0.0,rigid,200,1,identified,0.0,0.0,0.0,-0.0
synthetic,100,0.0,Euler-Bernoulli,amplitudes,four,0.25;0.5;0.75;1.0,0.0,flexible,200,2,identified,0.0,0.0,0.0,0.0
synthetic,100,0.0,Euler-Bernoulli,amplitudes,four,0.25;0.5;0.75;1.0,0.0025,rigid,200,1,identified,-2.0049234501279268e-06,0.0004932332950389184,9.946193832956792e-05,-0.0
synthetic,100,0.0,Euler-Bernoulli,amplitudes,four,0.25;0.5;0.75;1.0,0.0025,flexible,200,2,identified,0.0010551962396327108,0.0019968567372919666,0.00024460008778858086,2.7424226783060526e-06
synthetic,100,0.0,Euler-Bernoulli,amplitudes,four,0.25;0.5;0.75;1.0,0.01,rigid,200,1,identified,0.00031750546691462875,0.00216428956282083,0.00043606517356808966,-0.0
synthetic,100,0.0,Euler-Bernoulli,amplitudes,four,0.25;0.5;0.75;1.0,0.01,flexible,200,2,identified,0.004398938198649829,0.008167403366831479,0.0009255515535462092,1.0466558515700862e-05
synthetic,100,0.0,Euler-Bernoulli,amplitudes,four,0.25;0.5;0.75;1.0,0.03,rigid,200,1,identified,-0.0002246114484549111,0.006532088366740675,0.0013175908765752698,-0.0
synthetic,100,0.0,Euler-Bernoulli,amplitudes,four,0.25;0.5;0.75;1.0,0.03,flexible,200,2,identified,0.015885838134355807,0.030613229487804674,0.0034377849925137003,3.9777270721391094e-05
synthetic,100,0.0,Euler-Bernoulli,locations,one,1.0,0.0,rigid,200,1,identified,2.220446049250313e-16,2.220446049250313e-16,3.794707603699266e-17,-0.0
synthetic,100,0.0,Euler-Bernoulli,locations,one,1.0,0.0,flexible,200,2,identified,2.220446049250313e-16,2.220446049250313e-16,3.794707603699266e-17,0.0
synthetic,100,0.0,Euler-Bernoulli,locations,one,1.0,0.0025,rigid,200,1,identified,-0.00020905566684661036,0.002129555132464384,0.000665559002526668,-0.0
synthetic,100,0.0,Euler-Bernoulli,locations,one,1.0,0.0025,flexible,200,2,identified,0.011801736909587168,0.021659312356450897,0.003541897352538854,3.139117556544037e-05
synthetic,100,0.0,Euler-Bernoulli,locations,one,1.0,0.01,rigid,200,1,identified,0.0006016436622204735,0.009140182205387103,0.002850207559913902,-0.0
synthetic,100,0.0,Euler-Bernoulli,locations,one,1.0,0.01,flexible,200,2,identified,0.050523133297098656,0.09099980835355996,0.011963528257845253,0.0001170446613161527
synthetic,100,0.0,Euler-Bernoulli,locations,one,1.0,0.03,rigid,200,1,identified,-0.0009761032870023151,0.02456270656825458,0.007698753328037339,-0.0
synthetic,100,0.0,Euler-Bernoulli,locations,one,1.0,0.03,flexible,200,2,identified,0.20250198180850454,0.41918725395477857,0.03444505524193659,0.0003265008573813873
synthetic,100,0.0,Euler-Bernoulli,locations,two_uniform,0.5;1.0,0.0,rigid,200,1,identified,0.0,0.0,0.0,-0.0
synthetic,100,0.0,Euler-Bernoulli,locations,two_uniform,0.5;1.0,0.0,flexible,200,2,identified,0.0,0.0,0.0,0.0
synthetic,100,0.0,Euler-Bernoulli,locations,two_uniform,0.5;1.0,0.0025,rigid,200,1,identified,9.46465532111307e-06,0.002008425558367494,0.00047835423875380585,-0.0
synthetic,100,0.0,Euler-Bernoulli,locations,two_uniform,0.5;1.0,0.0025,flexible,200,2,identified,0.005138289765275689,0.008795452826805881,0.0011571312393051116,1.3040115688289515e-05
synthetic,100,0.0,Euler-Bernoulli,locations,two_uniform,0.5;1.0,0.01,rigid,200,1,identified,-8.862733325708416e-05,0.007597488813602403,0.0018076273747395404,-0.0
synthetic,100,0.0,Euler-Bernoulli,locations,two_uniform,0.5;1.0,0.01,flexible,200,2,identified,0.017361985895926794,0.03263032578589419,0.00403705052782584,4.2584390842378573e-05
synthetic,100,0.0,Euler-Bernoulli,locations,two_uniform,0.5;1.0,0.03,rigid,200,1,identified,2.1770387914805123e-05,0.023724919269537213,0.0056442964645703345,-0.0
synthetic,100,0.0,Euler-Bernoulli,locations,two_uniform,0.5;1.0,0.03,flexible,200,2,identified,0.07372022841456,0.13618127034065913,0.01396592767993381,0.00015387237686605008
synthetic,100,0.0,Euler-Bernoulli,locations,two_selected,0.5;1.0,0.0,rigid,200,1,identified,0.0,0.0,0.0,-0.0
synthetic,100,0.0,Euler-Bernoulli,locations,two_selected,0.5;1.0,0.0,flexible,200,2,identified,0.0,0.0,0.0,0.0
synthetic,100,0.0,Euler-Bernoulli,locations,two_selected,0.5;1.0,0.0025,rigid,200,1,identified,-1.7737724658595798e-05,0.002115237945744027,0.0005030445250849307,-0.0
synthetic,100,0.0,Euler-Bernoulli,locations,two_selected,0.5;1.0,0.0025,flexible,200,2,identified,0.004630796100029178,0.008909031712125629,0.001110395344144484,1.1798119055654571e-05
synthetic,100,0.0,Euler-Bernoulli,locations,two_selected,0.5;1.0,0.01,rigid,200,1,identified,-0.0006655108366556295,0.008778313461276459,0.0020857586669940724,-0.0
synthetic,100,0.0,Euler-Bernoulli,locations,two_selected,0.5;1.0,0.01,flexible,200,2,identified,0.015727095454884245,0.032601077436935515,0.004220250643067319,3.99139040049248e-05
synthetic,100,0.0,Euler-Bernoulli,locations,two_selected,0.5;1.0,0.03,rigid,200,1,identified,0.0009475098240972141,0.024922295734618828,0.005908163978897389,-0.0
synthetic,100,0.0,Euler-Bernoulli,locations,two_selected,0.5;1.0,0.03,flexible,200,2,identified,0.0609132244058617,0.13177951870232324,0.013265489092986606,0.00012390664765166162
synthetic,100,0.0,Euler-Bernoulli,locations,four,0.25;0.5;0.75;1.0,0.0,rigid,200,1,identified,2.220446049250313e-16,2.220446049250313e-16,2.855895656800437e-17,-0.0
synthetic,100,0.0,Euler-Bernoulli,locations,four,0.25;0.5;0.75;1.0,0.0,flexible,200,2,identified,2.220446049250313e-16,2.220446049250313e-16,2.855895656800437e-17,0.0
synthetic,100,0.0,Euler-Bernoulli,locations,four,0.25;0.5;0.75;1.0,0.0025,rigid,200,1,identified,-1.3316641389866658e-05,0.0017384091222102977,0.0003505902858480725,-0.0
synthetic,100,0.0,Euler-Bernoulli,locations,four,0.25;0.5;0.75;1.0,0.0025,flexible,200,2,identified,0.00373130566819288,0.006923655247927107,0.0007177575055679352,9.186191326064582e-06
synthetic,100,0.0,Euler-Bernoulli,locations,four,0.25;0.5;0.75;1.0,0.01,rigid,200,1,identified,0.00033698471957763654,0.007310055475694664,0.001472316455919499,-0.0
synthetic,100,0.0,Euler-Bernoulli,locations,four,0.25;0.5;0.75;1.0,0.01,flexible,200,2,identified,0.012819632309832057,0.024507527709989874,0.002576812469165643,2.970693034639644e-05
synthetic,100,0.0,Euler-Bernoulli,locations,four,0.25;0.5;0.75;1.0,0.03,rigid,200,1,identified,-0.0031923203361276476,0.023278684494253833,0.004740019695953498,-0.0
synthetic,100,0.0,Euler-Bernoulli,locations,four,0.25;0.5;0.75;1.0,0.03,flexible,200,2,identified,0.05089252431070964,0.10516273600310667,0.01012589944750311,0.00011374100916305409
synthetic,100,0.0,Timoshenko,single,one,1.0,0.0,rigid,200,1,identified,-7.799391647433929e-05,7.799391647433927e-05,1.4625000000081198e-05,-0.0
synthetic,100,0.0,Timoshenko,single,one,1.0,0.0,flexible,200,1,unidentifiable,,,,
synthetic,100,0.0,Timoshenko,single,one,1.0,0.0025,rigid,200,1,identified,-9.2525434186011e-05,0.002440630884177973,0.0007626762715374685,-0.0
synthetic,100,0.0,Timoshenko,single,one,1.0,0.0025,flexible,200,1,unidentifiable,,,,
synthetic,100,0.0,Timoshenko,single,one,1.0,0.01,rigid,200,1,identified,0.001923909326157776,0.010001071320410771,0.0031086526691060496,-0.0
synthetic,100,0.0,Timoshenko,single,one,1.0,0.01,flexible,200,1,unidentifiable,,,,
synthetic,100,0.0,Timoshenko,single,one,1.0,0.03,rigid,200,1,identified,0.003175309785301131,0.031096517867434142,0.009553519480504064,-0.0
synthetic,100,0.0,Timoshenko,single,one,1.0,0.03,flexible,200,1,unidentifiable,,,,
synthetic,100,0.0,Timoshenko,single,two_uniform,0.5;1.0,0.0,rigid,200,1,identified,-8.21569507483133e-05,8.215695074831329e-05,2.2393203440792608e-05,-0.0
synthetic,100,0.0,Timoshenko,single,two_uniform,0.5;1.0,0.0,flexible,200,2,identified,6.661338147750939e-16,6.661338147750939e-16,1.378858223308454e-05,2.228571428588625e-07
synthetic,100,0.0,Timoshenko,single,two_uniform,0.5;1.0,0.0025,rigid,200,1,identified,-8.500759873494579e-05,0.002408382563700102,0.0005734324552489252,-0.0
synthetic,100,0.0,Timoshenko,single,two_uniform,0.5;1.0,0.0025,flexible,200,2,identified,0.006330721645659427,0.011526409634770526,0.0015372085944675787,1.7065850041262175e-05
synthetic,100,0.0,Timoshenko,single,two_uniform,0.5;1.0,0.01,rigid,200,1,identified,0.000258270272581177,0.009580002852466407,0.002278728866087151,-0.0
synthetic,100,0.0,Timoshenko,single,two_uniform,0.5;1.0,0.01,flexible,200,2,identified,0.030590766299979536,0.053095016362452056,0.0068907699765631165,7.565971194635887e-05
synthetic,100,0.0,Timoshenko,single,two_uniform,0.5;1.0,0.03,rigid,200,1,identified,-0.0038479624435781967,0.02929472619217922,0.007087136219574193,-0.0
synthetic,100,0.0,Timoshenko,single,two_uniform,0.5;1.0,0.03,flexible,200,2,identified,0.1236738800039493,0.23859479870061664,0.022709923624734927,0.00025172353134226037
synthetic,100,0.0,Timoshenko,single,two_selected,0.5;1.0,0.0,rigid,200,1,identified,-8.21569507483133e-05,8.215695074831329e-05,2.2393203440792608e-05,-0.0
synthetic,100,0.0,Timoshenko,single,two_selected,0.5;1.0,0.0,flexible,200,2,identified,6.661338147750939e-16,6.661338147750939e-16,1.378858223308454e-05,2.228571428588625e-07
synthetic,100,0.0,Timoshenko,single,two_selected,0.5;1.0,0.0025,rigid,200,1,identified,9.73275269374424e-05,0.0021741084967119967,0.0005204435654804933,-0.0
synthetic,100,0.0,Timoshenko,single,two_selected,0.5;1.0,0.0025,flexible,200,2,identified,0.005990824336846457,0.011244195497247068,0.0015582165114394239,1.5664599259784842e-05
synthetic,100,0.0,Timoshenko,single,two_selected,0.5;1.0,0.01,rigid,200,1,identified,7.885089161923154e-05,0.00975009836745087,0.0023242002532462367,-0.0
synthetic,100,0.0,Timoshenko,single,two_selected,0.5;1.0,0.01,flexible,200,2,identified,0.02571536965082079,0.04766269416261001,0.006323801760748792,6.42131616868415e-05
synthetic,100,0.0,Timoshenko,single,two_selected,0.5;1.0,0.03,rigid,200,1,identified,-0.0007972727020089421,0.027967027733446625,0.006681530695062353,-0.0
synthetic,100,0.0,Timoshenko,single,two_selected,0.5;1.0,0.03,flexible,200,2,identified,0.08039039442736691,0.16074441313221874,0.01739099691606809,0.00017303056971455476
synthetic,100,0.0,Timoshenko,single,four,0.25;0.5;0.75;1.0,0.0,rigid,200,1,identified,-8.560103962829135e-05,8.560103962829135e-05,2.014227206374692e-05,-0.0
synthetic,100,0.0,Timoshenko,single,four,0.25;0.5;0.75;1.0,0.0,flexible,200,2,identified,-4.440892098500626e-16,4.440892098500626e-16,1.1941262496078132e-05,2.2285714285629195e-07
synthetic,100,0.0,Timoshenko,single,four,0.25;0.5;0.75;1.0,0.0025,rigid,200,1,identified,-0.00013567850425434902,0.0021177300970031563,0.00042668984767087615,-0.0
synthetic,100,0.0,Timoshenko,single,four,0.25;0.5;0.75;1.0,0.0025,flexible,200,2,identified,0.004213863559408895,0.007793584534676469,0.0009796258601871594,1.1178987440790549e-05
synthetic,100,0.0,Timoshenko,single,four,0.25;0.5;0.75;1.0,0.01,rigid,200,1,identified,-0.0003144856545504121,0.007803143211964712,0.0015727128623111205,-0.0
synthetic,100,0.0,Timoshenko,single,four,0.25;0.5;0.75;1.0,0.01,flexible,200,2,identified,0.015488007189206114,0.031056621377461832,0.0035571246051946783,3.895377225677362e-05
synthetic,100,0.0,Timoshenko,single,four,0.25;0.5;0.75;1.0,0.03,rigid,200,1,identified,0.0015249274380753125,0.02320115531659651,0.004637694132145779,-0.0
synthetic,100,0.0,Timoshenko,single,four,0.25;0.5;0.75;1.0,0.03,flexible,200,2,identified,0.07600119232323198,0.1407098066898286,0.01290354961936464,0.00015672334730629442
synthetic,100,0.0,Timoshenko,amplitudes,one,1.0,0.0,rigid,200,1,identified,-7.799391647478338e-05,7.799391647478338e-05,1.4624999999929413e-05,-0.0
synthetic,100,0.0,Timoshenko,amplitudes,one,1.0,0.0,flexible,200,1,unidentifiable,,,,
synthetic,100,0.0,Timoshenko,amplitudes,one,1.0,0.0025,rigid,200,1,identified,-3.08085869181618e-05,0.00072050366431902,0.000226869759431813,-0.0
synthetic,100,0.0,Timoshenko,amplitudes,one,1.0,0.0025,flexible,200,1,unidentifiable,,,,
synthetic,100,0.0,Timoshenko,amplitudes,one,1.0,0.01,rigid,200,1,identified,0.0001148268892465154,0.002655601986984172,0.0008318862453723717,-0.0
synthetic,100,0.0,Timoshenko,amplitudes,one,1.0,0.01,flexible,200,1,unidentifiable,,,,
synthetic,100,0.0,Timoshenko,amplitudes,one,1.0,0.03,rigid,200,1,identified,-0.00042503643367955814,0.007613473160483145,0.002373966987634731,-0.0
synthetic,100,0.0,Timoshenko,amplitudes,one,1.0,0.03,flexible,200,1,unidentifiable,,,,
synthetic,100,0.0,Timoshenko,amplitudes,two_uniform,0.5;1.0,0.0,rigid,200,1,identified,-8.215695074864637e-05,8.215695074864639e-05,2.2393203440756975e-05,-0.0
synthetic,100,0.0,Timoshenko,amplitudes,two_uniform,0.5;1.0,0.0,flexible,200,2,identified,0.0,0.0,1.3788582233097956e-05,2.228571428577408e-07
synthetic,100,0.0,Timoshenko,amplitudes,two_uniform,0.5;1.0,0.0025,rigid,200,1,identified,-0.00011752833367015881,0.0006964789780673149,0.00016431468394141068,-0.0
synthetic,100,0.0,Timoshenko,amplitudes,two_uniform,0.5;1.0,0.0025,flexible,200,2,identified,0.0015297981201021764,0.0028151313523237537,0.00042826571875602496,4.448077626346024e-06
synthetic,100,0.0,Timoshenko,amplitudes,two_uniform,0.5;1.0,0.01,rigid,200,1,identified,-2.955163225027646e-05,0.002508772208942947,0.0005979368643229461,-0.0
synthetic,100,0.0,Timoshenko,amplitudes,two_uniform,0.5;1.0,0.01,flexible,200,2,identified,0.005280159939382534,0.009815838226606761,0.0014273718466023097,1.4162835975853514e-05
synthetic,100,0.0,Timoshenko,amplitudes,two_uniform,0.5;1.0,0.03,rigid,200,1,identified,-0.000569286707630574,0.008255252641366924,0.0019641266406253705,-0.0
synthetic,100,0.0,Timoshenko,amplitudes,two_uniform,0.5;1.0,0.03,flexible,200,2,identified,0.01789526640997986,0.03420791503333059,0.004749236399537086,4.734254568033159e-05
synthetic,100,0.0,Timoshenko,amplitudes,two_selected,0.5;1.0,0.0,rigid,200,1,identified,-8.215695074864637e-05,8.215695074864639e-05,2.2393203440756975e-05,-0.0
synthetic,100,0.0,Timoshenko,amplitudes,two_selected,0.5;1.0,0.0,flexible,200,2,identified,0.0,0.0,1.3788582233097956e-05,2.228571428577408e-07
synthetic,100,0.0,Timoshenko,amplitudes,two_selected,0.5;1.0,0.0025,rigid,200,1,identified,-0.00011528282128913159,0.0006435478051620115,0.00015174539391889295,-0.0
synthetic,100,0.0,Timoshenko,amplitudes,two_selected,0.5;1.0,0.0025,flexible,200,2,identified,0.0017478089540490665,0.0031894614188559094,0.0004681633589850337,5.027083015086028e-06
synthetic,100,0.0,Timoshenko,amplitudes,two_selected,0.5;1.0,0.01,rigid,200,1,identified,-9.810075550104325e-05,0.0025837873673424648,0.0006148504394099658,-0.0
synthetic,100,0.0,Timoshenko,amplitudes,two_selected,0.5;1.0,0.01,flexible,200,2,identified,0.007644426102809405,0.012848566367508467,0.001816664097481022,2.058248647095727e-05
synthetic,100,0.0,Timoshenko,amplitudes,two_selected,0.5;1.0,0.03,rigid,200,1,identified,0.0009978113099256896,0.007382314545867768,0.0017544825976461376,-0.0
synthetic,100,0.0,Timoshenko,amplitudes,two_selected,0.5;1.0,0.03,flexible,200,2,identified,0.024798595450888136,0.03982785489424699,0.00531928668933019,6.069528359589267e-05
synthetic,100,0.0,Timoshenko,amplitudes,four,0.25;0.5;0.75;1.0,0.0,rigid,200,1,identified,-8.560103962829135e-05,8.560103962829135e-05,2.014227206374692e-05,-0.0
synthetic,100,0.0,Timoshenko,amplitudes,four,0.25;0.5;0.75;1.0,0.0,flexible,200,2,identified,-2.220446049250313e-16,2.220446049250313e-16,1.1941262496155591e-05,2.228571428556343e-07
synthetic,100,0.0,Timoshenko,amplitudes,four,0.25;0.5;0.75;1.0,0.0025,rigid,200,1,identified,-6.463018633006745e-05,0.0005830556711334487,0.00011921548438212483,-0.0
synthetic,100,0.0,Timoshenko,amplitudes,four,0.25;0.5;0.75;1.0,0.0025,flexible,200,2,identified,0.0012474618379978769,0.002269615527709542,0.00027277638665601034,3.403198680515419e-06
synthetic,100,0.0,Timoshenko,amplitudes,four,0.25;0.5;0.75;1.0,0.01,rigid,200,1,identified,-0.00010896109224663442,0.0020882625988879484,0.00042068405007514726,-0.0
synthetic,100,0.0,Timoshenko,amplitudes,four,0.25;0.5;0.75;1.0,0.01,flexible,200,2,identified,0.0051414882548944975,0.009095890792515939,0.0010948631766154655,1.3468011820457508e-05
synthetic,100,0.0,Timoshenko,amplitudes,four,0.25;0.5;0.75;1.0,0.03,rigid,200,1,identified,0.0010150479225228654,0.0068090355761319015,0.0013752977147688252,-0.0
synthetic,100,0.0,Timoshenko,amplitudes,four,0.25;0.5;0.75;1.0,0.03,flexible,200,2,identified,0.014109642155104001,0.024675260193406986,0.002854044273379292,3.2700775314421044e-05
synthetic,100,0.0,Timoshenko,locations,one,1.0,0.0,rigid,200,1,identified,-8.212356678061195e-05,8.212356678061195e-05,1.3334277620404794e-05,-0.0
synthetic,100,0.0,Timoshenko,locations,one,1.0,0.0,flexible,200,2,identified,3.3306690738754696e-15,3.3306690738754696e-15,4.55364912443912e-16,2.2285714286563147e-07
synthetic,100,0.0,Timoshenko,locations,one,1.0,0.0025,rigid,200,1,identified,-0.00022577383781574424,0.002137157310761211,0.0006649352726036848,-0.0
synthetic,100,0.0,Timoshenko,locations,one,1.0,0.0025,flexible,200,2,identified,0.009725156128554372,0.018494235123176595,0.00288049998991557,2.6123214378050577e-05
synthetic,100,0.0,Timoshenko,locations,one,1.0,0.01,rigid,200,1,identified,-0.0009707132477578306,0.008078876276380166,0.002531679750676949,-0.0
synthetic,100,0.0,Timoshenko,locations,one,1.0,0.01,flexible,200,2,identified,0.036580624667760325,0.06977420073922443,0.010096635938529178,9.069701739825093e-05
synthetic,100,0.0,Timoshenko,locations,one,1.0,0.03,rigid,200,1,identified,0.0016377626920871934,0.02702708075601662,0.008366314256313238,-0.0
synthetic,100,0.0,Timoshenko,locations,one,1.0,0.03,flexible,200,2,identified,0.31142647144056146,0.9232820151995437,0.039551172570740194,0.0003859951336454279
synthetic,100,0.0,Timoshenko,locations,two_uniform,0.5;1.0,0.0,rigid,200,1,identified,-8.779425761706872e-05,8.779425761706873e-05,2.143669806887656e-05,-0.0
synthetic,100,0.0,Timoshenko,locations,two_uniform,0.5;1.0,0.0,flexible,200,2,identified,2.4540280144647042e-05,2.4540280144647045e-05,1.2160474216438043e-05,2.896951358499893e-07
synthetic,100,0.0,Timoshenko,locations,two_uniform,0.5;1.0,0.0025,rigid,200,1,identified,3.593016766878565e-05,0.0018789895027132176,0.00044930370754147936,-0.0
synthetic,100,0.0,Timoshenko,locations,two_uniform,0.5;1.0,0.0025,flexible,200,2,identified,0.0054502035518922765,0.009417048048359692,0.0011639156440978306,1.3746769383408285e-05
synthetic,100,0.0,Timoshenko,locations,two_uniform,0.5;1.0,0.01,rigid,200,1,identified,-0.00012928777452820618,0.0077869365044249,0.001854888586922884,-0.0
synthetic,100,0.0,Timoshenko,locations,two_uniform,0.5;1.0,0.01,flexible,200,2,identified,0.018810427293603122,0.03517745491302173,0.004244201450392679,4.604621220121175e-05
synthetic,100,0.0,Timoshenko,locations,two_uniform,0.5;1.0,0.03,rigid,200,1,identified,-0.0007491529066509784,0.024755738286392662,0.005856911575244805,-0.0
synthetic,100,0.0,Timoshenko,locations,two_uniform,0.5;1.0,0.03,flexible,200,2,identified,0.06417615288783693,0.12302338404620725,0.01327788296799301,0.00013883053620693145
synthetic,100,0.0,Timoshenko,locations,two_selected,0.5;1.0,0.0,rigid,200,1,identified,-8.779425761706872e-05,8.779425761706873e-05,2.143669806887656e-05,-0.0
synthetic,100,0.0,Timoshenko,locations,two_selected,0.5;1.0,0.0,flexible,200,2,identified,2.4540280144647042e-05,2.4540280144647045e-05,1.2160474216438043e-05,2.896951358499893e-07
synthetic,100,0.0,Timoshenko,locations,two_selected,0.5;1.0,0.0025,rigid,200,1,identified,3.973342411354941e-05,0.0018723302731035172,0.0004478938267776118,-0.0
synthetic,100,0.0,Timoshenko,locations,two_selected,0.5;1.0,0.0025,flexible,200,2,identified,0.005247582811885274,0.009695409908014239,0.0011843844270950398,1.3201023317417236e-05
synthetic,100,0.0,Timoshenko,locations,two_selected,0.5;1.0,0.01,rigid,200,1,identified,-0.0007825063252580339,0.00799389164053557,0.0019020551952548652,-0.0
synthetic,100,0.0,Timoshenko,locations,two_selected,0.5;1.0,0.01,flexible,200,2,identified,0.015738445227523823,0.03163724677497462,0.004180725380928303,4.0363226011894685e-05
synthetic,100,0.0,Timoshenko,locations,two_selected,0.5;1.0,0.03,rigid,200,1,identified,-0.001161663657506264,0.02397984270554611,0.005762164829939998,-0.0
synthetic,100,0.0,Timoshenko,locations,two_selected,0.5;1.0,0.03,flexible,200,2,identified,0.06903504429625784,0.13925658105698024,0.013724913521941108,0.00014477806058588256
synthetic,100,0.0,Timoshenko,locations,four,0.25;0.5;0.75;1.0,0.0,rigid,200,1,identified,-9.379360826666794e-05,9.379360826666794e-05,1.890802335579231e-05,-0.0
synthetic,100,0.0,Timoshenko,locations,four,0.25;0.5;0.75;1.0,0.0,flexible,200,2,identified,2.900344179090908e-05,2.900344179090908e-05,9.539434380506053e-06,3.0486051976079093e-07
synthetic,100,0.0,Timoshenko,locations,four,0.25;0.5;0.75;1.0,0.0025,rigid,200,1,identified,-0.00019685097842226661,0.0016639627265188392,0.0003336004674714959,-0.0
synthetic,100,0.0,Timoshenko,locations,four,0.25;0.5;0.75;1.0,0.0025,flexible,200,2,identified,0.003725421079709364,0.006945148058545719,0.0007667879528821598,9.625890121332924e-06
synthetic,100,0.0,Timoshenko,locations,four,0.25;0.5;0.75;1.0,0.01,rigid,200,1,identified,-0.0009365250133739822,0.006522284507945745,0.0013146099887554337,-0.0
synthetic,100,0.0,Timoshenko,locations,four,0.25;0.5;0.75;1.0,0.01,flexible,200,2,identified,0.015758448153278582,0.02989702042105524,0.003199118503095401,3.946906772135144e-05
synthetic,100,0.0,Timoshenko,locations,four,0.25;0.5;0.75;1.0,0.03,rigid,200,1,identified,0.0016530881019996184,0.021609107221601084,0.00432258546195513,-0.0
synthetic,100,0.0,Timoshenko,locations,four,0.25;0.5;0.75;1.0,0.03,flexible,200,2,identified,0.05065574658460628,0.09958160686493928,0.008298711871371942,0.00010280229512115474
synthetic,100,0.01,Euler-Bernoulli,single,one,1.0,0.0,rigid,200,1,identified,-0.02912621359223333,0.02912621359223333,0.00546116504854361,-8.57142857142857e-05
synthetic,100,0.01,Euler-Bernoulli,single,one,1.0,0.0,flexible,200,1,unidentifiable,,,,
synthetic,100,0.01,Euler-Bernoulli,single,one,1.0,0.0025,rigid,200,1,identified,-0.02899915005050305,0.029097060035166586,0.005553521367490348,-8.57142857142857e-05
synthetic,100,0.01,Euler-Bernoulli,single,one,1.0,0.0025,flexible,200,1,unidentifiable,,,,
synthetic,100,0.01,Euler-Bernoulli,single,one,1.0,0.01,rigid,200,1,identified,-0.02899388519793739,0.030585510710596217,0.006303887267350688,-8.57142857142857e-05
synthetic,100,0.01,Euler-Bernoulli,single,one,1.0,0.01,flexible,200,1,unidentifiable,,,,
synthetic,100,0.01,Euler-Bernoulli,single,one,1.0,0.03,rigid,200,1,identified,-0.02933782749969743,0.04165215809601983,0.010763741419180153,-8.57142857142857e-05
synthetic,100,0.01,Euler-Bernoulli,single,one,1.0,0.03,flexible,200,1,unidentifiable,,,,
synthetic,100,0.01,Euler-Bernoulli,single,two_uniform,0.5;1.0,0.0,rigid,200,1,identified,-0.030633365530564394,0.030633365530564387,0.004279687321796712,-8.57142857142857e-05
synthetic,100,0.01,Euler-Bernoulli,single,two_uniform,0.5;1.0,0.0,flexible,200,2,identified,-1.3322676295501878e-15,1.3322676295501878e-15,1.3025550869883036e-16,-3.1170812458958252e-18
synthetic,100,0.01,Euler-Bernoulli,single,two_uniform,0.5;1.0,0.0025,rigid,200,1,identified,-0.030810816308164495,0.030893602243962356,0.004272221826655785,-8.57142857142857e-05
synthetic,100,0.01,Euler-Bernoulli,single,two_uniform,0.5;1.0,0.0025,flexible,200,2,identified,0.0001149309805610027,0.014741250734364709,0.002103975153028821,2.512335780520961e-07
synthetic,100,0.01,Euler-Bernoulli,single,two_uniform,0.5;1.0,0.01,rigid,200,1,identified,-0.02955901383348737,0.03106271325012197,0.005086555837960409,-8.57142857142857e-05
synthetic,100,0.01,Euler-Bernoulli,single,two_uniform,0.5;1.0,0.01,flexible,200,2,identified,0.011659644020779007,0.05202475678050632,0.006560442647064049,2.209213382962219e-05
synthetic,100,0.01,Euler-Bernoulli,single,two_uniform,0.5;1.0,0.03,rigid,200,1,identified,-0.029687690565806193,0.040877188693428164,0.00814011565801779,-8.57142857142857e-05
synthetic,100,0.01,Euler-Bernoulli,single,two_uniform,0.5;1.0,0.03,flexible,200,2,identified,0.09162323899115997,0.23419251034488514,0.020378553405884056,0.0001585565101522974
synthetic,100,0.01,Euler-Bernoulli,single,two_selected,0.5;1.0,0.0,rigid,200,1,identified,-0.030633365530564394,0.030633365530564387,0.004279687321796712,-8.57142857142857e-05
synthetic,100,0.01,Euler-Bernoulli,single,two_selected,0.5;1.0,0.0,flexible,200,2,identified,-1.3322676295501878e-15,1.3322676295501878e-15,1.3025550869883036e-16,-3.1170812458958252e-18
synthetic,100,0.01,Euler-Bernoulli,single,two_selected,0.5;1.0,0.0025,rigid,200,1,identified,-0.0307141634681642,0.030792514437684385,0.004293205166369981,-8.57142857142857e-05
synthetic,100,0.01,Euler-Bernoulli,single,two_selected,0.5;1.0,0.0025,flexible,200,2,identified,-0.001841920410809299,0.01467681436742547,0.0020378336034615565,-5.3327788898095975e-06
synthetic,100,0.01,Euler-Bernoulli,single,two_selected,0.5;1.0,0.01,rigid,200,1,identified,-0.03151051173031952,0.032771697237569675,0.004617833809721337,-8.57142857142857e-05
synthetic,100,0.01,Euler-Bernoulli,single,two_selected,0.5;1.0,0.01,flexible,200,2,identified,0.013181832815860283,0.05389344546809519,0.006957221115354183,3.1335394339373266e-05
synthetic,100,0.01,Euler-Bernoulli,single,two_selected,0.5;1.0,0.03,rigid,200,1,identified,-0.030566529638607162,0.04122670660986626,0.007941626942137197,-8.57142857142857e-05
synthetic,100,0.01,Euler-Bernoulli,single,two_selected,0.5;1.0,0.03,flexible,200,2,identified,0.0834370581601715,0.177202661838122,0.018420307138906574,0.00016614556294297845
synthetic,100,0.01,Euler-Bernoulli,single,four,0.25;0.5;0.75;1.0,0.0,rigid,200,1,identified,-0.03187671323203889,0.03187671323203889,0.003635712863260938,-8.57142857142857e-05
synthetic,100,0.01,Euler-Bernoulli,single,four,0.25;0.5;0.75;1.0,0.0,flexible,200,2,identified,6.661338147750939e-16,6.661338147750939e-16,6.178561279082688e-17,1.4772254600114998e-18
synthetic,100,0.01,Euler-Bernoulli,single,four,0.25;0.5;0.75;1.0,0.0025,rigid,200,1,identified,-0.03197188712124332,0.03202093844391558,0.0036350266837970905,-8.57142857142857e-05
synthetic,100,0.01,Euler-Bernoulli,single,four,0.25;0.5;0.75;1.0,0.0025,flexible,200,2,identified,5.4457253373152995e-05,0.0117062740786312,0.0013592862116178263,5.9056984065385536e-08
synthetic,100,0.01,Euler-Bernoulli,single,four,0.25;0.5;0.75;1.0,0.01,rigid,200,1,identified,-0.031171079653065936,0.032092874728522625,0.0040859463149683075,-8.57142857142857e-05
synthetic,100,0.01,Euler-Bernoulli,single,four,0.25;0.5;0.75;1.0,0.01,flexible,200,2,identified,0.013380413754995591,0.04362783911521349,0.00500437245500873,2.8382559721234473e-05
synthetic,100,0.01,Euler-Bernoulli,single,four,0.25;0.5;0.75;1.0,0.03,rigid,200,1,identified,-0.033652924780898666,0.04192220777816693,0.006136366348404629,-8.57142857142857e-05
synthetic,100,0.01,Euler-Bernoulli,single,four,0.25;0.5;0.75;1.0,0.03,flexible,200,2,identified,0.04940697421683637,0.14562057373746717,0.012616560573347634,9.75639545108539e-05
synthetic,100,0.01,Euler-Bernoulli,amplitudes,one,1.0,0.0,rigid,200,1,identified,-0.02912621359223333,0.02912621359223333,0.00546116504854361,-8.57142857142857e-05
synthetic,100,0.01,Euler-Bernoulli,amplitudes,one,1.0,0.0,flexible,200,1,unidentifiable,,,,
synthetic,100,0.01,Euler-Bernoulli,amplitudes,one,1.0,0.0025,rigid,200,1,identified,-0.029179614347621542,0.029185998773795668,0.005447397130261164,-8.57142857142857e-05
synthetic,100,0.01,Euler-Bernoulli,amplitudes,one,1.0,0.0025,flexible,200,1,unidentifiable,,,,
synthetic,100,0.01,Euler-Bernoulli,amplitudes,one,1.0,0.01,rigid,200,1,identified,-0.02924490909080335,0.02937492113282665,0.005492841266310758,-8.57142857142857e-05
synthetic,100,0.01,Euler-Bernoulli,amplitudes,one,1.0,0.01,flexible,200,1,unidentifiable,,,,
synthetic,100,0.01,Euler-Bernoulli,amplitudes,one,1.0,0.03,rigid,200,1,identified,-0.027930358043256782,0.0286702735089834,0.00619078644207267,-8.57142857142857e-05
synthetic,100,0.01,Euler-Bernoulli,amplitudes,one,1.0,0.03,flexible,200,1,unidentifiable,,,,
synthetic,100,0.01,Euler-Bernoulli,amplitudes,two_uniform,0.5;1.0,0.0,rigid,200,1,identified,-0.03063336553056406,0.030633365530564054,0.004279687321796799,-8.57142857142857e-05
synthetic,100,0.01,Euler-Bernoulli,amplitudes,two_uniform,0.5;1.0,0.0,flexible,200,2,identified,-4.440892098500626e-16,4.440892098500626e-16,1.2288280114112004e-16,-1.6127507315721878e-18
synthetic,100,0.01,Euler-Bernoulli,amplitudes,two_uniform,0.5;1.0,0.0025,rigid,200,1,identified,-0.030700548070803246,0.030706369300561268,0.004266031818251846,-8.57142857142857e-05
synthetic,100,0.01,Euler-Bernoulli,amplitudes,two_uniform,0.5;1.0,0.0025,flexible,200,2,identified,0.00034803267785013634,0.004330807755970781,0.0005677670457635535,1.088181246375427e-06
synthetic,100,0.01,Euler-Bernoulli,amplitudes,two_uniform,0.5;1.0,0.01,rigid,200,1,identified,-0.030760905268951366,0.030850093682642025,0.00428677784170355,-8.57142857142857e-05
synthetic,100,0.01,Euler-Bernoulli,amplitudes,two_uniform,0.5;1.0,0.01,flexible,200,2,identified,0.0003142281861141283,0.015938515144712416,0.002141592929662162,5.520304783742183e-07
synthetic,100,0.01,Euler-Bernoulli,amplitudes,two_uniform,0.5;1.0,0.03,rigid,200,1,identified,-0.030582378980997332,0.031477239402443936,0.00465351031993358,-8.57142857142857e-05
synthetic,100,0.01,Euler-Bernoulli,amplitudes,two_uniform,0.5;1.0,0.03,flexible,200,2,identified,0.006334596266137371,0.0389188903842037,0.005055616680379765,1.330493584358064e-05
synthetic,100,0.01,Euler-Bernoulli,amplitudes,two_selected,0.5;1.0,0.0,rigid,200,1,identified,-0.03063336553056406,0.030633365530564054,0.004279687321796799,-8.57142857142857e-05
synthetic,100,0.01,Euler-Bernoulli,amplitudes,two_selected,0.5;1.0,0.0,flexible,200,2,identified,-4.440892098500626e-16,4.440892098500626e-16,1.2288280114112004e-16,-1.6127507315721878e-18
synthetic,100,0.01,Euler-Bernoulli,amplitudes,two_selected,0.5;1.0,0.0025,rigid,200,1,identified,-0.030703909057683845,0.030710128894874542,0.00426539450017524,-8.57142857142857e-05
synthetic,100,0.01,Euler-Bernoulli,amplitudes,two_selected,0.5;1.0,0.0025,flexible,200,2,identified,-0.000298787603635064,0.0040352508149639294,0.0005623187582065727,-6.49905819823372e-07
synthetic,100,0.01,Euler-Bernoulli,amplitudes,two_selected,0.5;1.0,0.01,rigid,200,1,identified,-0.030908934356574744,0.03101198062506645,0.004257636914957979,-8.57142857142857e-05
synthetic,100,0.01,Euler-Bernoulli,amplitudes,two_selected,0.5;1.0,0.01,flexible,200,2,identified,0.0015030589356266034,0.016602874201029554,0.0022656742489956883,4.148079462658636e-06
synthetic,100,0.01,Euler-Bernoulli,amplitudes,two_selected,0.5;1.0,0.03,rigid,200,1,identified,-0.03016956758088716,0.030970504443071173,0.004702941775870651,-8.57142857142857e-05
synthetic,100,0.01,Euler-Bernoulli,amplitudes,two_selected,0.5;1.0,0.03,flexible,200,2,identified,0.010030044923407396,0.0440198466109397,0.005560037779257813,2.110829999101081e-05
synthetic,100,0.01,Euler-Bernoulli,amplitudes,four,0.25;0.5;0.75;1.0,0.0,rigid,200,1,identified,-0.03187671323203889,0.03187671323203889,0.003635712863260938,-8.57142857142857e-05
synthetic,100,0.01,Euler-Bernoulli,amplitudes,four,0.25;0.5;0.75;1.0,0.0,flexible,200,2,identified,-4.440892098500626e-16,4.440892098500626e-16,6.90784151158847e-17,-2.439454888092385e-19
synthetic,100,0.01,Euler-Bernoulli,amplitudes,four,0.25;0.5;0.75;1.0,0.0025,rigid,200,1,identified,-0.031827571805272695,0.0318319424891612,0.003647096945645333,-8.57142857142857e-05
synthetic,100,0.01,Euler-Bernoulli,amplitudes,four,0.25;0.5;0.75;1.0,0.0025,flexible,200,2,identified,-6.949318719184028e-05,0.0029338831518618716,0.00034574462471079735,-3.3902035148798646e-07
synthetic,100,0.01,Euler-Bernoulli,amplitudes,four,0.25;0.5;0.75;1.0,0.01,rigid,200,1,identified,-0.03191735818849163,0.03199442647283931,0.0036561236213430224,-8.57142857142857e-05
synthetic,100,0.01,Euler-Bernoulli,amplitudes,four,0.25;0.5;0.75;1.0,0.01,flexible,200,2,identified,-0.0012246563606000754,0.012755742811915553,0.001475245068071506,-3.4859005089716058e-06
synthetic,100,0.01,Euler-Bernoulli,amplitudes,four,0.25;0.5;0.75;1.0,0.03,rigid,200,1,identified,-0.032659053223164286,0.033261601800821335,0.0037137170265471703,-8.57142857142857e-05
synthetic,100,0.01,Euler-Bernoulli,amplitudes,four,0.25;0.5;0.75;1.0,0.03,flexible,200,2,identified,0.0018065102785165643,0.031202381782422083,0.0037363026739219833,4.527706397522298e-06
synthetic,100,0.01,Euler-Bernoulli,locations,one,1.0,0.0,rigid,200,1,identified,-0.03062129802533209,0.030621298025332092,0.004979192539356357,-8.57142857142857e-05
synthetic,100,0.01,Euler-Bernoulli,locations,one,1.0,0.0,flexible,200,2,identified,3.1086244689504383e-15,3.1086244689504383e-15,6.263109637173546e-16,9.52742659071637e-18
synthetic,100,0.01,Euler-Bernoulli,locations,one,1.0,0.0025,rigid,200,1,identified,-0.03061494124982735,0.03068908864180447,0.005027051433915083,-8.57142857142857e-05
synthetic,100,0.01,Euler-Bernoulli,locations,one,1.0,0.0025,flexible,200,2,identified,0.0030016391146896735,0.025701676550877985,0.004232538486380347,6.38209518225825e-06
synthetic,100,0.01,Euler-Bernoulli,locations,one,1.0,0.01,rigid,200,1,identified,-0.030650951568024266,0.0317354102853906,0.00561392765948903,-8.57142857142857e-05
synthetic,100,0.01,Euler-Bernoulli,locations,one,1.0,0.01,flexible,200,2,identified,0.046383770841381615,0.10262182655145394,0.01376271279177173,0.00010243331924073697
synthetic,100,0.01,Euler-Bernoulli,locations,one,1.0,0.03,rigid,200,1,identified,-0.03076562620100674,0.0397929012285826,0.009387723425541158,-8.57142857142857e-05
synthetic,100,0.01,Euler-Bernoulli,locations,one,1.0,0.03,flexible,200,2,identified,0.23818503799266133,0.5953550774271598,0.03735462470658017,0.00030157594109318027
synthetic,100,0.01,Euler-Bernoulli,locations,two_uniform,0.5;1.0,0.0,rigid,200,1,identified,-0.032170057453081546,0.032170057453081546,0.003911701252071146,-8.57142857142857e-05
synthetic,100,0.01,Euler-Bernoulli,locations,two_uniform,0.5;1.0,0.0,flexible,200,2,identified,-4.440892098500626e-16,4.440892098500626e-16,1.5190272105229666e-16,-1.9244588561617704e-18
synthetic,100,0.01,Euler-Bernoulli,locations,two_uniform,0.5;1.0,0.0025,rigid,200,1,identified,-0.032281485200890886,0.03235438017355997,0.003920620897893095,-8.57142857142857e-05
synthetic,100,0.01,Euler-Bernoulli,locations,two_uniform,0.5;1.0,0.0025,flexible,200,2,identified,0.0005527528681153193,0.01199768883579421,0.0015508176232052512,1.3746115430821122e-06
synthetic,100,0.01,Euler-Bernoulli,locations,two_uniform,0.5;1.0,0.01,rigid,200,1,identified,-0.031964970448591395,0.03297758433416526,0.004421818434147278,-8.57142857142857e-05
synthetic,100,0.01,Euler-Bernoulli,locations,two_uniform,0.5;1.0,0.01,flexible,200,2,identified,0.00713885526109804,0.043085623417472275,0.004936580129511138,1.3504808738784544e-05
synthetic,100,0.01,Euler-Bernoulli,locations,two_uniform,0.5;1.0,0.03,rigid,200,1,identified,-0.030422307541597887,0.038289900291338566,0.007093393367697806,-8.57142857142857e-05
synthetic,100,0.01,Euler-Bernoulli,locations,two_uniform,0.5;1.0,0.03,flexible,200,2,identified,0.05077247687509101,0.130917672751375,0.013186876358854899,9.369525953490373e-05
synthetic,100,0.01,Euler-Bernoulli,locations,two_selected,0.5;1.0,0.0,rigid,200,1,identified,-0.032170057453081546,0.032170057453081546,0.003911701252071146,-8.57142857142857e-05
synthetic,100,0.01,Euler-Bernoulli,locations,two_selected,0.5;1.0,0.0,flexible,200,2,identified,-4.440892098500626e-16,4.440892098500626e-16,1.5190272105229666e-16,-1.9244588561617704e-18
synthetic,100,0.01,Euler-Bernoulli,locations,two_selected,0.5;1.0,0.0025,rigid,200,1,identified,-0.032118177597580316,0.03217399727973907,0.0039509589639216795,-8.57142857142857e-05
synthetic,100,0.01,Euler-Bernoulli,locations,two_selected,0.5;1.0,0.0025,flexible,200,2,identified,0.0005848730818546649,0.013313585879322206,0.0016222856176810242,9.194644317726346e-07
synthetic,100,0.01,Euler-Bernoulli,locations,two_selected,0.5;1.0,0.01,rigid,200,1,identified,-0.03212900575147773,0.03311311608057372,0.004376190886344309,-8.57142857142857e-05
synthetic,100,0.01,Euler-Bernoulli,locations,two_selected,0.5;1.0,0.01,flexible,200,2,identified,0.002114334750906551,0.03820391596224848,0.00452798114943352,1.902145101801603e-06
synthetic,100,0.01,Euler-Bernoulli,locations,two_selected,0.5;1.0,0.03,rigid,200,1,identified,-0.03058363307919773,0.039383398918941395,0.007388483460931571,-8.57142857142857e-05
synthetic,100,0.01,Euler-Bernoulli,locations,two_selected,0.5;1.0,0.03,flexible,200,2,identified,0.06382101984585341,0.1594767915479677,0.013600986514625487,0.00011551629798869115
synthetic,100,0.01,Euler-Bernoulli,locations,four,0.25;0.5;0.75;1.0,0.0,rigid,200,1,identified,-0.03337536009122888,0.03337536009122887,0.0033384914102039696,-8.57142857142857e-05
synthetic,100,0.01,Euler-Bernoulli,locations,four,0.25;0.5;0.75;1.0,0.0,flexible,200,2,identified,4.440892098500626e-16,4.440892098500626e-16,1.6190502990696183e-16,2.2497195079074217e-18
synthetic,100,0.01,Euler-Bernoulli,locations,four,0.25;0.5;0.75;1.0,0.0025,rigid,200,1,identified,-0.03341681401103819,0.03344841234081859,0.0033437734221682456,-8.57142857142857e-05
synthetic,100,0.01,Euler-Bernoulli,locations,four,0.25;0.5;0.75;1.0,0.0025,flexible,200,2,identified,0.00034084825474419046,0.009868137439216908,0.000983824070952302,7.20762173868493e-07
synthetic,100,0.01,Euler-Bernoulli,locations,four,0.25;0.5;0.75;1.0,0.01,rigid,200,1,identified,-0.03292022034468047,0.03350094642525458,0.003658912236835139,-8.57142857142857e-05
synthetic,100,0.01,Euler-Bernoulli,locations,four,0.25;0.5;0.75;1.0,0.01,flexible,200,2,identified,0.006150610281713792,0.03390113260281663,0.003393499683000637,1.1444944625263718e-05
synthetic,100,0.01,Euler-Bernoulli,locations,four,0.25;0.5;0.75;1.0,0.03,rigid,200,1,identified,-0.03128427549930857,0.03715407164483185,0.005582311211375254,-8.57142857142857e-05
synthetic,100,0.01,Euler-Bernoulli,locations,four,0.25;0.5;0.75;1.0,0.03,flexible,200,2,identified,0.03920950452387236,0.1104535871319737,0.00870244902599598,6.933205719228749e-05
synthetic,100,0.01,Timoshenko,single,one,1.0,0.0,rigid,200,1,identified,-0.029199730505845234,0.029199730505845234,0.005475364077669901,-8.57142857142857e-05
synthetic,100,0.01,Timoshenko,single,one,1.0,0.0,flexible,200,1,unidentifiable,,,,
synthetic,100,0.01,Timoshenko,single,one,1.0,0.0025,rigid,200,1,identified,-0.02906977572226991,0.029166206154297464,0.005567825415440423,-8.57142857142857e-05
synthetic,100,0.01,Timoshenko,single,one,1.0,0.0025,flexible,200,1,unidentifiable,,,,
synthetic,100,0.01,Timoshenko,single,one,1.0,0.01,rigid,200,1,identified,-0.027759869054972696,0.029844318828325084,0.0068738038104266975,-8.57142857142857e-05
synthetic,100,0.01,Timoshenko,single,one,1.0,0.01,flexible,200,1,unidentifiable,,,,
synthetic,100,0.01,Timoshenko,single,one,1.0,0.03,rigid,200,1,identified,-0.028707480334446783,0.039440481984960044,0.010283236723182496,-8.57142857142857e-05
synthetic,100,0.01,Timoshenko,single,one,1.0,0.03,flexible,200,1,unidentifiable,,,,
synthetic,100,0.01,Timoshenko,single,two_uniform,0.5;1.0,0.0,rigid,200,1,identified,-0.030710566284137153,0.030710566284137153,0.00429845157424391,-8.57142857142857e-05
synthetic,100,0.01,Timoshenko,single,two_uniform,0.5;1.0,0.0,flexible,200,2,identified,-1.1102230246251565e-15,1.1102230246251565e-15,1.3386973041998984e-05,2.2285714285369548e-07
synthetic,100,0.01,Timoshenko,single,two_uniform,0.5;1.0,0.0025,rigid,200,1,identified,-0.030745547686438748,0.0308237904459637,0.004322701835979178,-8.57142857142857e-05
synthetic,100,0.01,Timoshenko,single,two_uniform,0.5;1.0,0.0025,flexible,200,2,identified,0.00030053646690061497,0.013721701440316692,0.0020254437434916502,6.445541459185172e-07
synthetic,100,0.01,Timoshenko,single,two_uniform,0.5;1.0,0.01,rigid,200,1,identified,-0.0306007297832382,0.0321656580401058,0.004942741991257857,-8.57142857142857e-05
synthetic,100,0.01,Timoshenko,single,two_uniform,0.5;1.0,0.01,flexible,200,2,identified,0.011065186706436787,0.04706059064544263,0.006665837946755794,2.4593274003747236e-05
synthetic,100,0.01,Timoshenko,single,two_uniform,0.5;1.0,0.03,rigid,200,1,identified,-0.029192701685927934,0.03917124851757708,0.007782403279209649,-8.57142857142857e-05
synthetic,100,0.01,Timoshenko,single,two_uniform,0.5;1.0,0.03,flexible,200,2,identified,0.08386061155486754,0.1881997040855204,0.019396977275678316,0.00015908143433549142
synthetic,100,0.01,Timoshenko,single,two_selected,0.5;1.0,0.0,rigid,200,1,identified,-0.030710566284137153,0.030710566284137153,0.00429845157424391,-8.57142857142857e-05
synthetic,100,0.01,Timoshenko,single,two_selected,0.5;1.0,0.0,flexible,200,2,identified,-1.1102230246251565e-15,1.1102230246251565e-15,1.3386973041998984e-05,2.2285714285369548e-07
synthetic,100,0.01,Timoshenko,single,two_selected,0.5;1.0,0.0025,rigid,200,1,identified,-0.030674394990335783,0.030750521381197427,0.004338671987854218,-8.57142857142857e-05
synthetic,100,0.01,Timoshenko,single,two_selected,0.5;1.0,0.0025,flexible,200,2,identified,-0.0008006093242022683,0.013646050382180619,0.0019531211597904042,-2.543883589079056e-06
synthetic,100,0.01,Timoshenko,single,two_selected,0.5;1.0,0.01,rigid,200,1,identified,-0.030387407207787633,0.03195765532119971,0.004984613710798956,-8.57142857142857e-05
synthetic,100,0.01,Timoshenko,single,two_selected,0.5;1.0,0.01,flexible,200,2,identified,0.014658327054532249,0.053244414285560274,0.0064871766802390134,3.2275745511044145e-05
synthetic,100,0.01,Timoshenko,single,two_selected,0.5;1.0,0.03,rigid,200,1,identified,-0.028534400800867044,0.038885443030734296,0.007993339741419334,-8.57142857142857e-05
synthetic,100,0.01,Timoshenko,single,two_selected,0.5;1.0,0.03,flexible,200,2,identified,0.08549020574683037,0.19998445339204535,0.01795396795116019,0.0001571478552531981
synthetic,100,0.01,Timoshenko,single,four,0.25;0.5;0.75;1.0,0.0,rigid,200,1,identified,-0.03195694411234962,0.03195694411234962,0.0036535664850296428,-8.57142857142857e-05
synthetic,100,0.01,Timoshenko,single,four,0.25;0.5;0.75;1.0,0.0,flexible,200,2,identified,6.661338147750939e-16,6.661338147750939e-16,1.159345873406772e-05,2.2285714285770703e-07
synthetic,100,0.01,Timoshenko,single,four,0.25;0.5;0.75;1.0,0.0025,rigid,200,1,identified,-0.03206471848488709,0.032118697693557796,0.003652212897063047,-8.57142857142857e-05
synthetic,100,0.01,Timoshenko,single,four,0.25;0.5;0.75;1.0,0.0025,flexible,200,2,identified,0.0003627949786992324,0.01169924583222549,0.0013451358870373124,1.121140704924297e-06
synthetic,100,0.01,Timoshenko,single,four,0.25;0.5;0.75;1.0,0.01,rigid,200,1,identified,-0.032316400985936265,0.03319845630759736,0.00390940101498582,-8.57142857142857e-05
synthetic,100,0.01,Timoshenko,single,four,0.25;0.5;0.75;1.0,0.01,flexible,200,2,identified,0.00911620425071966,0.043340011106990754,0.004670189384143865,2.0566800685976034e-05
synthetic,100,0.01,Timoshenko,single,four,0.25;0.5;0.75;1.0,0.03,rigid,200,1,identified,-0.030580695590848198,0.037984150447633556,0.0060612856203114615,-8.57142857142857e-05
synthetic,100,0.01,Timoshenko,single,four,0.25;0.5;0.75;1.0,0.03,flexible,200,2,identified,0.05526874946020726,0.147345758635508,0.012219740163772403,0.00010107912957686073
synthetic,100,0.01,Timoshenko,amplitudes,one,1.0,0.0,rigid,200,1,identified,-0.029199730505845234,0.029199730505845234,0.005475364077669901,-8.57142857142857e-05
synthetic,100,0.01,Timoshenko,amplitudes,one,1.0,0.0,flexible,200,1,unidentifiable,,,,
synthetic,100,0.01,Timoshenko,amplitudes,one,1.0,0.0025,rigid,200,1,identified,-0.029259177825628986,0.02926708876939376,0.00546046786499878,-8.57142857142857e-05
synthetic,100,0.01,Timoshenko,amplitudes,one,1.0,0.0025,flexible,200,1,unidentifiable,,,,
synthetic,100,0.01,Timoshenko,amplitudes,one,1.0,0.01,rigid,200,1,identified,-0.029325577099694362,0.029429970302339365,0.0054910399011414614,-8.57142857142857e-05
synthetic,100,0.01,Timoshenko,amplitudes,one,1.0,0.01,flexible,200,1,unidentifiable,,,,
synthetic,100,0.01,Timoshenko,amplitudes,one,1.0,0.03,rigid,200,1,identified,-0.02887383452797238,0.02988614190225643,0.006091581934458255,-8.57142857142857e-05
synthetic,100,0.01,Timoshenko,amplitudes,one,1.0,0.03,flexible,200,1,unidentifiable,,,,
synthetic,100,0.01,Timoshenko,amplitudes,two_uniform,0.5;1.0,0.0,rigid,200,1,identified,-0.030710566284137042,0.030710566284137045,0.004298451574243969,-8.57142857142857e-05
synthetic,100,0.01,Timoshenko,amplitudes,two_uniform,0.5;1.0,0.0,flexible,200,2,identified,-2.220446049250313e-16,2.220446049250313e-16,1.3386973041907804e-05,2.2285714285644664e-07
synthetic,100,0.01,Timoshenko,amplitudes,two_uniform,0.5;1.0,0.0025,rigid,200,1,identified,-0.030719285874164202,0.030726412078098914,0.00429933697821393,-8.57142857142857e-05
synthetic,100,0.01,Timoshenko,amplitudes,two_uniform,0.5;1.0,0.0025,flexible,200,2,identified,-0.00012042721736560902,0.004071325544162902,0.0005775177301167488,-1.2224106243182433e-07
synthetic,100,0.01,Timoshenko,amplitudes,two_uniform,0.5;1.0,0.01,rigid,200,1,identified,-0.031030129126800258,0.031123950522314925,0.004262095685888663,-8.57142857142857e-05
synthetic,100,0.01,Timoshenko,amplitudes,two_uniform,0.5;1.0,0.01,flexible,200,2,identified,-0.0004723979512989457,0.016550678584020283,0.0022660411431249415,-8.578939794448997e-07
synthetic,100,0.01,Timoshenko,amplitudes,two_uniform,0.5;1.0,0.03,rigid,200,1,identified,-0.0307691542364468,0.03158743203520366,0.0046206816517211724,-8.57142857142857e-05
synthetic,100,0.01,Timoshenko,amplitudes,two_uniform,0.5;1.0,0.03,flexible,200,2,identified,0.0063699741537651434,0.03966969578991307,0.00533856258737274,1.3786334019706501e-05
synthetic,100,0.01,Timoshenko,amplitudes,two_selected,0.5;1.0,0.0,rigid,200,1,identified,-0.030710566284137042,0.030710566284137045,0.004298451574243969,-8.57142857142857e-05
synthetic,100,0.01,Timoshenko,amplitudes,two_selected,0.5;1.0,0.0,flexible,200,2,identified,-2.220446049250313e-16,2.220446049250313e-16,1.3386973041907804e-05,2.2285714285644664e-07
synthetic,100,0.01,Timoshenko,amplitudes,two_selected,0.5;1.0,0.0025,rigid,200,1,identified,-0.030757095710739667,0.030763723083500033,0.0042900793861301596,-8.57142857142857e-05
synthetic,100,0.01,Timoshenko,amplitudes,two_selected,0.5;1.0,0.0025,flexible,200,2,identified,-4.1015289207093074e-05,0.004333219545430908,0.0005818890523068455,1.96200792274686e-07
synthetic,100,0.01,Timoshenko,amplitudes,two_selected,0.5;1.0,0.01,rigid,200,1,identified,-0.03071316001922852,0.030803042116222958,0.004335206299089995,-8.57142857142857e-05
synthetic,100,0.01,Timoshenko,amplitudes,two_selected,0.5;1.0,0.01,flexible,200,2,identified,0.0008279962007832476,0.016977249880303698,0.0023404748950632244,1.7158589198882668e-06
synthetic,100,0.01,Timoshenko,amplitudes,two_selected,0.5;1.0,0.03,rigid,200,1,identified,-0.030942237715898956,0.03198834575002149,0.004674368056909288,-8.57142857142857e-05
synthetic,100,0.01,Timoshenko,amplitudes,two_selected,0.5;1.0,0.03,flexible,200,2,identified,0.0023331581301286775,0.0400075190547436,0.005121561405426975,3.3396060892518328e-06
synthetic,100,0.01,Timoshenko,amplitudes,four,0.25;0.5;0.75;1.0,0.0,rigid,200,1,identified,-0.03195694411234962,0.03195694411234962,0.0036535664850296428,-8.57142857142857e-05
synthetic,100,0.01,Timoshenko,amplitudes,four,0.25;0.5;0.75;1.0,0.0,flexible,200,2,identified,0.0,0.0,1.1593458734011317e-05,2.2285714285766637e-07
synthetic,100,0.01,Timoshenko,amplitudes,four,0.25;0.5;0.75;1.0,0.0025,rigid,200,1,identified,-0.031978801735665384,0.03198345578489741,0.003650938786983025,-8.57142857142857e-05
synthetic,100,0.01,Timoshenko,amplitudes,four,0.25;0.5;0.75;1.0,0.0025,flexible,200,2,identified,-0.00026906604627274734,0.0031111910890529093,0.0003619746026715168,-4.412018143721298e-07
synthetic,100,0.01,Timoshenko,amplitudes,four,0.25;0.5;0.75;1.0,0.01,rigid,200,1,identified,-0.031912930114894246,0.03198550181327817,0.0036889009179781095,-8.57142857142857e-05
synthetic,100,0.01,Timoshenko,amplitudes,four,0.25;0.5;0.75;1.0,0.01,flexible,200,2,identified,-0.0007289126409375002,0.01249358577459664,0.0013282828686122434,-2.189459706396133e-06
synthetic,100,0.01,Timoshenko,amplitudes,four,0.25;0.5;0.75;1.0,0.03,rigid,200,1,identified,-0.0325960734991991,0.0333825744504073,0.003826422455290722,-8.57142857142857e-05
synthetic,100,0.01,Timoshenko,amplitudes,four,0.25;0.5;0.75;1.0,0.03,flexible,200,2,identified,0.0033166025175990093,0.03192093442321576,0.003582225643216618,8.199824243206947e-06
synthetic,100,0.01,Timoshenko,locations,one,1.0,0.0,rigid,200,1,identified,-0.030698469330054046,0.030698469330054042,0.0049921384399588395,-8.57142857142857e-05
synthetic,100,0.01,Timoshenko,locations,one,1.0,0.0,flexible,200,2,identified,3.1086244689504383e-15,3.1086244689504383e-15,5.157854995319391e-16,2.228571428655946e-07
synthetic,100,0.01,Timoshenko,locations,one,1.0,0.0025,rigid,200,1,identified,-0.030604996408655553,0.030669969161494445,0.005062160208367986,-8.57142857142857e-05
synthetic,100,0.01,Timoshenko,locations,one,1.0,0.0025,flexible,200,2,identified,0.0002509323751937398,0.025523874841618385,0.004017059180005126,-1.0911243416629264e-06
synthetic,100,0.01,Timoshenko,locations,one,1.0,0.01,rigid,200,1,identified,-0.030831475907392672,0.03184058622717224,0.005557735235479005,-8.57142857142857e-05
synthetic,100,0.01,Timoshenko,locations,one,1.0,0.01,flexible,200,2,identified,0.030208016282172147,0.08814074428126496,0.012071173479680676,6.489169129744377e-05
synthetic,100,0.01,Timoshenko,locations,one,1.0,0.03,rigid,200,1,identified,-0.030043898513739363,0.038070281833867445,0.009113253387132267,-8.57142857142857e-05
synthetic,100,0.01,Timoshenko,locations,one,1.0,0.03,flexible,200,2,identified,0.2780595542780914,0.63742292572115,0.04002940023332683,0.00034689369683300734
synthetic,100,0.01,Timoshenko,locations,two_uniform,0.5;1.0,0.0,rigid,200,1,identified,-0.032252294109723745,0.032252294109723745,0.003929436795616017,-8.57142857142857e-05
synthetic,100,0.01,Timoshenko,locations,two_uniform,0.5;1.0,0.0,flexible,200,2,identified,2.4540280144647042e-05,2.4540280144647045e-05,1.180628564700098e-05,2.8969513585066565e-07
synthetic,100,0.01,Timoshenko,locations,two_uniform,0.5;1.0,0.0025,rigid,200,1,identified,-0.03222696451990025,0.03228175655527175,0.0039618762125500145,-8.57142857142857e-05
synthetic,100,0.01,Timoshenko,locations,two_uniform,0.5;1.0,0.0025,flexible,200,2,identified,-7.888186864573487e-05,0.01258158868541419,0.0014844067231512541,-4.4435385865750117e-07
synthetic,100,0.01,Timoshenko,locations,two_uniform,0.5;1.0,0.01,rigid,200,1,identified,-0.03223440852395175,0.03331429300204241,0.004432351259349702,-8.57142857142857e-05
synthetic,100,0.01,Timoshenko,locations,two_uniform,0.5;1.0,0.01,flexible,200,2,identified,0.010159831317087548,0.04577009942520965,0.005843727341438396,2.153998851533767e-05
synthetic,100,0.01,Timoshenko,locations,two_uniform,0.5;1.0,0.03,rigid,200,1,identified,-0.0313519951940446,0.039503067554250704,0.007178708684146652,-8.57142857142857e-05
synthetic,100,0.01,Timoshenko,locations,two_uniform,0.5;1.0,0.03,flexible,200,2,identified,0.05543825112075176,0.1299095061221581,0.012375380917503148,0.00010824629330722556
synthetic,100,0.01,Timoshenko,locations,two_selected,0.5;1.0,0.0,rigid,200,1,identified,-0.032252294109723745,0.032252294109723745,0.003929436795616017,-8.57142857142857e-05
synthetic,100,0.01,Timoshenko,locations,two_selected,0.5;1.0,0.0,flexible,200,2,identified,2.4540280144647042e-05,2.4540280144647045e-05,1.180628564700098e-05,2.8969513585066565e-07
synthetic,100,0.01,Timoshenko,locations,two_selected,0.5;1.0,0.0025,rigid,200,1,identified,-0.0322758308592686,0.03232698212809472,0.003948533159230197,-8.57142857142857e-05
synthetic,100,0.01,Timoshenko,locations,two_selected,0.5;1.0,0.0025,flexible,200,2,identified,0.0009992757772976514,0.013497799635681852,0.0015561722949293817,2.4076685472151106e-06
synthetic,100,0.01,Timoshenko,locations,two_selected,0.5;1.0,0.01,rigid,200,1,identified,-0.032387668734880484,0.03317100398732772,0.004270641033700086,-8.57142857142857e-05
synthetic,100,0.01,Timoshenko,locations,two_selected,0.5;1.0,0.01,flexible,200,2,identified,0.0074327261629885165,0.04342662158443658,0.005197079860051586,1.5301289592873737e-05
synthetic,100,0.01,Timoshenko,locations,two_selected,0.5;1.0,0.03,rigid,200,1,identified,-0.03076944139080614,0.039014615390553876,0.007201323952087131,-8.57142857142857e-05
synthetic,100,0.01,Timoshenko,locations,two_selected,0.5;1.0,0.03,flexible,200,2,identified,0.057634312754007516,0.1473654784376271,0.013616233107069204,0.00010593521543478326
synthetic,100,0.01,Timoshenko,locations,four,0.25;0.5;0.75;1.0,0.0,rigid,200,1,identified,-0.03346299766101124,0.03346299766101124,0.0033550162772982076,-8.57142857142857e-05
synthetic,100,0.01,Timoshenko,locations,four,0.25;0.5;0.75;1.0,0.0,flexible,200,2,identified,2.9003441791797258e-05,2.9003441791797254e-05,9.261586777070179e-06,3.0486051976493075e-07
synthetic,100,0.01,Timoshenko,locations,four,0.25;0.5;0.75;1.0,0.0025,rigid,200,1,identified,-0.03340445991979323,0.03344378031345161,0.003383115299818607,-8.57142857142857e-05
synthetic,100,0.01,Timoshenko,locations,four,0.25;0.5;0.75;1.0,0.0025,flexible,200,2,identified,-0.0010349475714237844,0.010027795914571445,0.0010348220150427443,-2.7351037153234343e-06
synthetic,100,0.01,Timoshenko,locations,four,0.25;0.5;0.75;1.0,0.01,rigid,200,1,identified,-0.03352657442365244,0.03416607193218107,0.00360800043004133,-8.57142857142857e-05
synthetic,100,0.01,Timoshenko,locations,four,0.25;0.5;0.75;1.0,0.01,flexible,200,2,identified,0.004002725903223549,0.031542535643424845,0.003270343471575548,8.053907437333834e-06
synthetic,100,0.01,Timoshenko,locations,four,0.25;0.5;0.75;1.0,0.03,rigid,200,1,identified,-0.034397555263919986,0.04014783224808668,0.005340116871534857,-8.57142857142857e-05
synthetic,100,0.01,Timoshenko,locations,four,0.25;0.5;0.75;1.0,0.03,flexible,200,2,identified,0.04365618409178992,0.10303284567076232,0.009686909121797982,9.043459413150178e-05
synthetic,100,0.1,Euler-Bernoulli,single,one,1.0,0.0,rigid,200,1,identified,-0.23076923076923084,0.23076923076923087,0.043269230769230775,-0.0008571428571428571
synthetic,100,0.1,Euler-Bernoulli,single,one,1.0,0.0,flexible,200,1,unidentifiable,,,,
synthetic,100,0.1,Euler-Bernoulli,single,one,1.0,0.0025,rigid,200,1,identified,-0.2308305088211646,0.2308375529158492,0.04324882098841769,-0.0008571428571428571
synthetic,100,0.1,Euler-Bernoulli,single,one,1.0,0.0025,flexible,200,1,unidentifiable,,,,
synthetic,100,0.1,Euler-Bernoulli,single,one,1.0,0.01,rigid,200,1,identified,-0.2308240460882064,0.23092340284248963,0.04331028466095728,-0.0008571428571428571
synthetic,100,0.1,Euler-Bernoulli,single,one,1.0,0.01,flexible,200,1,unidentifiable,,,,
synthetic,100,0.1,Euler-Bernoulli,single,one,1.0,0.03,rigid,200,1,identified,-0.22907134098964796,0.23009695614895312,0.04458135465120353,-0.0008571428571428571
synthetic,100,0.1,Euler-Bernoulli,single,one,1.0,0.03,flexible,200,1,unidentifiable,,,,
synthetic,100,0.1,Euler-Bernoulli,single,two_uniform,0.5;1.0,0.0,rigid,200,1,identified,-0.24012979989183322,0.24012979989183314,0.03390829185731251,-0.0008571428571428571
synthetic,100,0.1,Euler-Bernoulli,single,two_uniform,0.5;1.0,0.0,flexible,200,2,identified,-1.1102230246251565e-15,1.1102230246251565e-15,1.4884067784339593e-16,-3.144186300207963e-18
synthetic,100,0.1,Euler-Bernoulli,single,two_uniform,0.5;1.0,0.0025,rigid,200,1,identified,-0.24009495691472954,0.24010211003221676,0.03392275469001158,-0.0008571428571428571
synthetic,100,0.1,Euler-Bernoulli,single,two_uniform,0.5;1.0,0.0025,flexible,200,2,identified,0.0008486744082365888,0.01907964883163957,0.002099998610917898,1.1736169320264542e-06
synthetic,100,0.1,Euler-Bernoulli,single,two_uniform,0.5;1.0,0.01,rigid,200,1,identified,-0.24018211536574172,0.24028414275520774,0.033944995234693465,-0.0008571428571428571
synthetic,100,0.1,Euler-Bernoulli,single,two_uniform,0.5;1.0,0.01,flexible,200,2,identified,0.012157121154452777,0.0790677475332022,0.007872113922996445,1.7295395315328896e-05
synthetic,100,0.1,Euler-Bernoulli,single,two_uniform,0.5;1.0,0.03,rigid,200,1,identified,-0.24176315994316994,0.2426129765779829,0.033858744892988825,-0.0008571428571428571
synthetic,100,0.1,Euler-Bernoulli,single,two_uniform,0.5;1.0,0.03,flexible,200,2,identified,0.07485966739005523,0.304833960276787,0.024519699808619188,4.431442296143968e-05
synthetic,100,0.1,Euler-Bernoulli,single,two_selected,0.5;1.0,0.0,rigid,200,1,identified,-0.24012979989183322,0.24012979989183314,0.03390829185731251,-0.0008571428571428571
synthetic,100,0.1,Euler-Bernoulli,single,two_selected,0.5;1.0,0.0,flexible,200,2,identified,-1.1102230246251565e-15,1.1102230246251565e-15,1.4884067784339593e-16,-3.144186300207963e-18
synthetic,100,0.1,Euler-Bernoulli,single,two_selected,0.5;1.0,0.0025,rigid,200,1,identified,-0.24012290116314472,0.24012924426015367,0.03391370251561086,-0.0008571428571428571
synthetic,100,0.1,Euler-Bernoulli,single,two_selected,0.5;1.0,0.0025,flexible,200,2,identified,0.0009617956346714507,0.020413770994372804,0.002281809386624,1.464615806252655e-06
synthetic,100,0.1,Euler-Bernoulli,single,two_selected,0.5;1.0,0.01,rigid,200,1,identified,-0.24017063396612762,0.24027710853838696,0.03395052019052886,-0.0008571428571428571
synthetic,100,0.1,Euler-Bernoulli,single,two_selected,0.5;1.0,0.01,flexible,200,2,identified,0.010341290677108449,0.08259491823301883,0.009332543508791978,1.0815613849035712e-05
synthetic,100,0.1,Euler-Bernoulli,single,two_selected,0.5;1.0,0.03,rigid,200,1,identified,-0.24272266262361333,0.24376447584348485,0.033654592594516114,-0.0008571428571428571
synthetic,100,0.1,Euler-Bernoulli,single,two_selected,0.5;1.0,0.03,flexible,200,2,identified,0.05245937610640498,0.2595782647104015,0.023292949466044585,2.3577711999097353e-05
synthetic,100,0.1,Euler-Bernoulli,single,four,0.25;0.5;0.75;1.0,0.0,rigid,200,1,identified,-0.24770340006587907,0.24770340006587896,0.028806032685836765,-0.0008571428571428571
synthetic,100,0.1,Euler-Bernoulli,single,four,0.25;0.5;0.75;1.0,0.0,flexible,200,2,identified,1.5543122344752192e-15,1.5543122344752192e-15,1.6993183777227016e-16,4.119968255444917e-18
synthetic,100,0.1,Euler-Bernoulli,single,four,0.25;0.5;0.75;1.0,0.0025,rigid,200,1,identified,-0.24777183871500502,0.24777660741121604,0.02879043034693694,-0.0008571428571428571
synthetic,100,0.1,Euler-Bernoulli,single,four,0.25;0.5;0.75;1.0,0.0025,flexible,200,2,identified,-0.0007400756602560932,0.013868783868996206,0.0012268206072436848,-2.099327852098913e-06
synthetic,100,0.1,Euler-Bernoulli,single,four,0.25;0.5;0.75;1.0,0.01,rigid,200,1,identified,-0.24774656992111205,0.24782815728233995,0.02883355827547278,-0.0008571428571428571
synthetic,100,0.1,Euler-Bernoulli,single,four,0.25;0.5;0.75;1.0,0.01,flexible,200,2,identified,0.0024878758890186027,0.05992075561488794,0.005647698796129751,-2.3047319209127156e-06
synthetic,100,0.1,Euler-Bernoulli,single,four,0.25;0.5;0.75;1.0,0.03,rigid,200,1,identified,-0.24673146986374356,0.24739042100798272,0.029360228501990923,-0.0008571428571428571
synthetic,100,0.1,Euler-Bernoulli,single,four,0.25;0.5;0.75;1.0,0.03,flexible,200,2,identified,0.043119450670213555,0.18185593197133557,0.015295267902916698,3.412872605630904e-05
synthetic,100,0.1,Euler-Bernoulli,amplitudes,one,1.0,0.0,rigid,200,1,identified,-0.23076923076923087,0.23076923076923095,0.04326923076923072,-0.0008571428571428571
synthetic,100,0.1,Euler-Bernoulli,amplitudes,one,1.0,0.0,flexible,200,1,unidentifiable,,,,
synthetic,100,0.1,Euler-Bernoulli,amplitudes,one,1.0,0.0025,rigid,200,1,identified,-0.23075539841342063,0.23075596363967693,0.04327520943013157,-0.0008571428571428571
synthetic,100,0.1,Euler-Bernoulli,amplitudes,one,1.0,0.0025,flexible,200,1,unidentifiable,,,,
synthetic,100,0.1,Euler-Bernoulli,amplitudes,one,1.0,0.01,rigid,200,1,identified,-0.23086151611627506,0.23087083079808654,0.043237666654869736,-0.0008571428571428571
synthetic,100,0.1,Euler-Bernoulli,amplitudes,one,1.0,0.01,flexible,200,1,unidentifiable,,,,
synthetic,100,0.1,Euler-Bernoulli,amplitudes,one,1.0,0.03,rigid,200,1,identified,-0.23173264514865205,0.23181990149323412,0.04293435571579733,-0.0008571428571428571
synthetic,100,0.1,Euler-Bernoulli,amplitudes,one,1.0,0.03,flexible,200,1,unidentifiable,,,,
synthetic,100,0.1,Euler-Bernoulli,amplitudes,two_uniform,0.5;1.0,0.0,rigid,200,1,identified,-0.24012979989183372,0.24012979989183372,0.033908291857312374,-0.0008571428571428571
synthetic,100,0.1,Euler-Bernoulli,amplitudes,two_uniform,0.5;1.0,0.0,flexible,200,2,identified,-5.551115123125783e-16,5.551115123125783e-16,1.7635240935325816e-16,4.336808689942018e-19
synthetic,100,0.1,Euler-Bernoulli,amplitudes,two_uniform,0.5;1.0,0.0025,rigid,200,1,identified,-0.2401482910793022,0.2401487035244917,0.033902790290049126,-0.0008571428571428571
synthetic,100,0.1,Euler-Bernoulli,amplitudes,two_uniform,0.5;1.0,0.0025,flexible,200,2,identified,-0.000559905226181967,0.005535502736522284,0.0005970786878823182,-1.5138058733627408e-06
synthetic,100,0.1,Euler-Bernoulli,amplitudes,two_uniform,0.5;1.0,0.01,rigid,200,1,identified,-0.24000770081731437,0.2400160004073731,0.033950296790732096,-0.0008571428571428571
synthetic,100,0.1,Euler-Bernoulli,amplitudes,two_uniform,0.5;1.0,0.01,flexible,200,2,identified,0.0025317698925787883,0.022537316178385877,0.0023677819995911653,4.949444343196135e-06
synthetic,100,0.1,Euler-Bernoulli,amplitudes,two_uniform,0.5;1.0,0.03,rigid,200,1,identified,-0.240194385743267,0.2402615596629274,0.033922891088501765,-0.0008571428571428571
synthetic,100,0.1,Euler-Bernoulli,amplitudes,two_uniform,0.5;1.0,0.03,flexible,200,2,identified,0.0034313000851631074,0.06897315882738038,0.007368417898015055,-2.7605374285836484e-06
synthetic,100,0.1,Euler-Bernoulli,amplitudes,two_selected,0.5;1.0,0.0,rigid,200,1,identified,-0.24012979989183372,0.24012979989183372,0.033908291857312374,-0.0008571428571428571
synthetic,100,0.1,Euler-Bernoulli,amplitudes,two_selected,0.5;1.0,0.0,flexible,200,2,identified,-5.551115123125783e-16,5.551115123125783e-16,1.7635240935325816e-16,4.336808689942018e-19
synthetic,100,0.1,Euler-Bernoulli,amplitudes,two_selected,0.5;1.0,0.0025,rigid,200,1,identified,-0.24014788971068277,0.2401483535227808,0.03390294089482211,-0.0008571428571428571
synthetic,100,0.1,Euler-Bernoulli,amplitudes,two_selected,0.5;1.0,0.0025,flexible,200,2,identified,0.00022323421587242264,0.005205757908357829,0.000562570797801257,6.18382410563584e-07
synthetic,100,0.1,Euler-Bernoulli,amplitudes,two_selected,0.5;1.0,0.01,rigid,200,1,identified,-0.23998878833122173,0.2399975454324583,0.0339563769613375,-0.0008571428571428571
synthetic,100,0.1,Euler-Bernoulli,amplitudes,two_selected,0.5;1.0,0.01,flexible,200,2,identified,0.002167092760024779,0.02006824336552221,0.002047813280706172,4.1580744216411145e-06
synthetic,100,0.1,Euler-Bernoulli,amplitudes,two_selected,0.5;1.0,0.03,rigid,200,1,identified,-0.24036571230839116,0.2404355513192777,0.033871598066924746,-0.0008571428571428571
synthetic,100,0.1,Euler-Bernoulli,amplitudes,two_selected,0.5;1.0,0.03,flexible,200,2,identified,-0.006913226391615275,0.05926546374612277,0.006317769481168388,-2.7058107857027445e-05
synthetic,100,0.1,Euler-Bernoulli,amplitudes,four,0.25;0.5;0.75;1.0,0.0,rigid,200,1,identified,-0.24770340006587865,0.24770340006587865,0.028806032685836865,-0.0008571428571428571
synthetic,100,0.1,Euler-Bernoulli,amplitudes,four,0.25;0.5;0.75;1.0,0.0,flexible,200,2,identified,-4.440892098500626e-16,4.440892098500626e-16,4.6153534930958746e-17,-1.1926223897340549e-18
synthetic,100,0.1,Euler-Bernoulli,amplitudes,four,0.25;0.5;0.75;1.0,0.0025,rigid,200,1,identified,-0.2477433554633917,0.24774370618200023,0.02879576939746726,-0.0008571428571428571
synthetic,100,0.1,Euler-Bernoulli,amplitudes,four,0.25;0.5;0.75;1.0,0.0025,flexible,200,2,identified,0.00026011759510782774,0.003991811651126261,0.00036383431681193124,8.205619859295555e-07
synthetic,100,0.1,Euler-Bernoulli,amplitudes,four,0.25;0.5;0.75;1.0,0.01,rigid,200,1,identified,-0.24755502625256726,0.24756032698425204,0.028847259617793202,-0.0008571428571428571
synthetic,100,0.1,Euler-Bernoulli,amplitudes,four,0.25;0.5;0.75;1.0,0.01,flexible,200,2,identified,-0.0006348964306119448,0.01668146916305695,0.0014798671809235586,-3.045345399127964e-06
synthetic,100,0.1,Euler-Bernoulli,amplitudes,four,0.25;0.5;0.75;1.0,0.03,rigid,200,1,identified,-0.24753906970601847,0.24758847045909613,0.028872173456911465,-0.0008571428571428571
synthetic,100,0.1,Euler-Bernoulli,amplitudes,four,0.25;0.5;0.75;1.0,0.03,flexible,200,2,identified,0.006163246014029274,0.04429010998257593,0.0038530932733671077,1.0426870040155848e-05
synthetic,100,0.1,Euler-Bernoulli,locations,one,1.0,0.0,rigid,200,1,identified,-0.24005564203623372,0.24005564203623364,0.03945052550413195,-0.0008571428571428571
synthetic,100,0.1,Euler-Bernoulli,locations,one,1.0,0.0,flexible,200,2,identified,3.1086244689504383e-15,3.1086244689504383e-15,4.670409358399097e-16,9.432558900623889e-18
synthetic,100,0.1,Euler-Bernoulli,locations,one,1.0,0.0025,rigid,200,1,identified,-0.23977079014141064,0.23977594987593273,0.03957310552400387,-0.0008571428571428571
synthetic,100,0.1,Euler-Bernoulli,locations,one,1.0,0.0025,flexible,200,2,identified,0.007159138354984928,0.03742502447778778,0.004542900911069839,1.4404683185069678e-05
synthetic,100,0.1,Euler-Bernoulli,locations,one,1.0,0.01,rigid,200,1,identified,-0.2401648737188969,0.24024875879150545,0.03947142350392062,-0.0008571428571428571
synthetic,100,0.1,Euler-Bernoulli,locations,one,1.0,0.01,flexible,200,2,identified,0.021906515756465003,0.15268118518683463,0.01716752057399803,5.245994526039094e-06
synthetic,100,0.1,Euler-Bernoulli,locations,one,1.0,0.03,rigid,200,1,identified,-0.23710081191675791,0.23781896974127414,0.041204058852608486,-0.0008571428571428571
synthetic,100,0.1,Euler-Bernoulli,locations,one,1.0,0.03,flexible,200,2,identified,0.4736694011882168,1.7723288634414454,0.04395522679445795,0.00018464017128061788
synthetic,100,0.1,Euler-Bernoulli,locations,two_uniform,0.5;1.0,0.0,rigid,200,1,identified,-0.2494710829021994,0.2494710829021993,0.030992709920255948,-0.0008571428571428571
synthetic,100,0.1,Euler-Bernoulli,locations,two_uniform,0.5;1.0,0.0,flexible,200,2,identified,-4.440892098500626e-16,4.440892098500626e-16,8.510291343143887e-17,-2.168404344971009e-19
synthetic,100,0.1,Euler-Bernoulli,locations,two_uniform,0.5;1.0,0.0025,rigid,200,1,identified,-0.24941283927195118,0.24941714386302763,0.031013819590520412,-0.0008571428571428571
synthetic,100,0.1,Euler-Bernoulli,locations,two_uniform,0.5;1.0,0.0025,flexible,200,2,identified,0.0007586524535302974,0.015858136508423448,0.001522296000985665,1.0544507634010233e-06
synthetic,100,0.1,Euler-Bernoulli,locations,two_uniform,0.5;1.0,0.01,rigid,200,1,identified,-0.2485682046825038,0.24864117806584962,0.03132242278402903,-0.0008571428571428571
synthetic,100,0.1,Euler-Bernoulli,locations,two_uniform,0.5;1.0,0.01,flexible,200,2,identified,0.004095654449025531,0.06171206604707877,0.0062169458598816275,-3.041583317170067e-06
synthetic,100,0.1,Euler-Bernoulli,locations,two_uniform,0.5;1.0,0.03,rigid,200,1,identified,-0.25054033042913837,0.251138324533179,0.031052841813272686,-0.0008571428571428571
synthetic,100,0.1,Euler-Bernoulli,locations,two_uniform,0.5;1.0,0.03,flexible,200,2,identified,0.033813065217013015,0.24575840065141846,0.018889245647102225,-2.3578552372450264e-05
synthetic,100,0.1,Euler-Bernoulli,locations,two_selected,0.5;1.0,0.0,rigid,200,1,identified,-0.2494710829021994,0.2494710829021993,0.030992709920255948,-0.0008571428571428571
synthetic,100,0.1,Euler-Bernoulli,locations,two_selected,0.5;1.0,0.0,flexible,200,2,identified,-4.440892098500626e-16,4.440892098500626e-16,8.510291343143887e-17,-2.168404344971009e-19
synthetic,100,0.1,Euler-Bernoulli,locations,two_selected,0.5;1.0,0.0025,rigid,200,1,identified,-0.2494994753010304,0.24950347158605726,0.03098632209588064,-0.0008571428571428571
synthetic,100,0.1,Euler-Bernoulli,locations,two_selected,0.5;1.0,0.0025,flexible,200,2,identified,-0.0009647749743965412,0.017352230011403923,0.0016176620590733482,-3.1228278433605128e-06
synthetic,100,0.1,Euler-Bernoulli,locations,two_selected,0.5;1.0,0.01,rigid,200,1,identified,-0.24991748021442348,0.2499846350601067,0.03089524295955718,-0.0008571428571428571
synthetic,100,0.1,Euler-Bernoulli,locations,two_selected,0.5;1.0,0.01,flexible,200,2,identified,0.003704791922813458,0.0636376788901022,0.005831750085528103,1.5721972109146973e-06
synthetic,100,0.1,Euler-Bernoulli,locations,two_selected,0.5;1.0,0.03,rigid,200,1,identified,-0.2474147246268793,0.24797308486029646,0.03197929731990678,-0.0008571428571428571
synthetic,100,0.1,Euler-Bernoulli,locations,two_selected,0.5;1.0,0.03,flexible,200,2,identified,0.06624980826148379,0.2468823438770988,0.017616482529521374,4.971672438153259e-05
synthetic,100,0.1,Euler-Bernoulli,locations,four,0.25;0.5;0.75;1.0,0.0,rigid,200,1,identified,-0.2566588631178222,0.25665886311782216,0.026451124250077906,-0.0008571428571428571
synthetic,100,0.1,Euler-Bernoulli,locations,four,0.25;0.5;0.75;1.0,0.0,flexible,200,2,identified,-4.440892098500626e-16,4.440892098500626e-16,2.3363446376170667e-17,-9.75781955236954e-19
synthetic,100,0.1,Euler-Bernoulli,locations,four,0.25;0.5;0.75;1.0,0.0025,rigid,200,1,identified,-0.256727547911437,0.2567299622227609,0.026434344237960365,-0.0008571428571428571
synthetic,100,0.1,Euler-Bernoulli,locations,four,0.25;0.5;0.75;1.0,0.0025,flexible,200,2,identified,-0.000864436935397011,0.011454373702414611,0.0009609781577400328,-2.1551128266850477e-06
synthetic,100,0.1,Euler-Bernoulli,locations,four,0.25;0.5;0.75;1.0,0.01,rigid,200,1,identified,-0.2566105364213759,0.25665564326634593,0.026490130044636736,-0.0008571428571428571
synthetic,100,0.1,Euler-Bernoulli,locations,four,0.25;0.5;0.75;1.0,0.01,flexible,200,2,identified,0.007459326079160487,0.05001561172804083,0.003850064841047803,1.2458645615751376e-05
synthetic,100,0.1,Euler-Bernoulli,locations,four,0.25;0.5;0.75;1.0,0.03,rigid,200,1,identified,-0.25627176595188034,0.25670487586220647,0.026802470968079764,-0.0008571428571428571
synthetic,100,0.1,Euler-Bernoulli,locations,four,0.25;0.5;0.75;1.0,0.03,flexible,200,2,identified,0.022982954455315778,0.14682584366120263,0.011790106376078795,7.66308260613099e-06
synthetic,100,0.1,Timoshenko,single,one,1.0,0.0,rigid,200,1,identified,-0.23081538184632008,0.23081538184632008,0.04328048076923075,-0.0008571428571428571
synthetic,100,0.1,Timoshenko,single,one,1.0,0.0,flexible,200,1,unidentifiable,,,,
synthetic,100,0.1,Timoshenko,single,one,1.0,0.0025,rigid,200,1,identified,-0.23088379836132142,0.23089135080483436,0.04325750062577401,-0.0008571428571428571
synthetic,100,0.1,Timoshenko,single,one,1.0,0.0025,flexible,200,1,unidentifiable,,,,
synthetic,100,0.1,Timoshenko,single,one,1.0,0.01,rigid,200,1,identified,-0.23138717353588986,0.23154246613001084,0.04314767251539079,-0.0008571428571428571
synthetic,100,0.1,Timoshenko,single,one,1.0,0.01,flexible,200,1,unidentifiable,,,,
synthetic,100,0.1,Timoshenko,single,one,1.0,0.03,rigid,200,1,identified,-0.23011296696716754,0.23142375078634758,0.0443790102459698,-0.0008571428571428571
synthetic,100,0.1,Timoshenko,single,one,1.0,0.03,flexible,200,1,unidentifiable,,,,
synthetic,100,0.1,Timoshenko,single,two_uniform,0.5;1.0,0.0,rigid,200,1,identified,-0.24017723847462988,0.2401772384746298,0.03392314887841293,-0.0008571428571428571
synthetic,100,0.1,Timoshenko,single,two_uniform,0.5;1.0,0.0,flexible,200,2,identified,-2.886579864025407e-15,2.886579864025407e-15,1.0606601718035988e-05,2.228571428481525e-07
synthetic,100,0.1,Timoshenko,single,two_uniform,0.5;1.0,0.0025,rigid,200,1,identified,-0.24027357835830712,0.24027976563429776,0.03389656854061925,-0.0008571428571428571
synthetic,100,0.1,Timoshenko,single,two_uniform,0.5;1.0,0.0025,flexible,200,2,identified,-0.0005458410914052031,0.018844278781698195,0.002042739734467399,-1.7485782446582932e-06
synthetic,100,0.1,Timoshenko,single,two_uniform,0.5;1.0,0.01,rigid,200,1,identified,-0.23988467251884393,0.23999637964626797,0.034070866045816446,-0.0008571428571428571
synthetic,100,0.1,Timoshenko,single,two_uniform,0.5;1.0,0.01,flexible,200,2,identified,0.00281800628348725,0.07543137989038254,0.008466022850245327,-8.28912889533265e-06
synthetic,100,0.1,Timoshenko,single,two_uniform,0.5;1.0,0.03,rigid,200,1,identified,-0.23717712691038692,0.23817817738676395,0.03532354544566626,-0.0008571428571428571
synthetic,100,0.1,Timoshenko,single,two_uniform,0.5;1.0,0.03,flexible,200,2,identified,0.08696634918932072,0.3485890060676766,0.02435780513241618,2.9860014880887808e-05
synthetic,100,0.1,Timoshenko,single,two_selected,0.5;1.0,0.0,rigid,200,1,identified,-0.24017723847462988,0.2401772384746298,0.03392314887841293,-0.0008571428571428571
synthetic,100,0.1,Timoshenko,single,two_selected,0.5;1.0,0.0,flexible,200,2,identified,-2.886579864025407e-15,2.886579864025407e-15,1.0606601718035988e-05,2.228571428481525e-07
synthetic,100,0.1,Timoshenko,single,two_selected,0.5;1.0,0.0025,rigid,200,1,identified,-0.24024398795473093,0.240249890695672,0.033905572243766204,-0.0008571428571428571
synthetic,100,0.1,Timoshenko,single,two_selected,0.5;1.0,0.0025,flexible,200,2,identified,-0.0013414355323486638,0.01967303763633676,0.0021183036295550567,-4.142654216114559e-06
synthetic,100,0.1,Timoshenko,single,two_selected,0.5;1.0,0.01,rigid,200,1,identified,-0.2400513428565041,0.24017397897838436,0.03402552771795077,-0.0008571428571428571
synthetic,100,0.1,Timoshenko,single,two_selected,0.5;1.0,0.01,flexible,200,2,identified,0.009219787934032537,0.07768868002404672,0.00879786846932514,9.152097937716454e-06
synthetic,100,0.1,Timoshenko,single,two_selected,0.5;1.0,0.03,rigid,200,1,identified,-0.24024973754724258,0.2415549792380994,0.03457032438792114,-0.0008571428571428571
synthetic,100,0.1,Timoshenko,single,two_selected,0.5;1.0,0.03,flexible,200,2,identified,0.04731356658645648,0.2548433049855173,0.02338918492529593,-4.588413105867774e-07
synthetic,100,0.1,Timoshenko,single,four,0.25;0.5;0.75;1.0,0.0,rigid,200,1,identified,-0.2477518470164273,0.24775184701642725,0.028820172006941352,-0.0008571428571428571
synthetic,100,0.1,Timoshenko,single,four,0.25;0.5;0.75;1.0,0.0,flexible,200,2,identified,1.3322676295501878e-15,1.3322676295501878e-15,9.185586535306185e-06,2.228571428615966e-07
synthetic,100,0.1,Timoshenko,single,four,0.25;0.5;0.75;1.0,0.0025,rigid,200,1,identified,-0.2476808092544954,0.2476845239247325,0.028840473536837923,-0.0008571428571428571
synthetic,100,0.1,Timoshenko,single,four,0.25;0.5;0.75;1.0,0.0025,flexible,200,2,identified,0.000761636386337467,0.014271828288470609,0.0012981622793619694,1.3619537835300148e-06
synthetic,100,0.1,Timoshenko,single,four,0.25;0.5;0.75;1.0,0.01,rigid,200,1,identified,-0.24723807871429443,0.24731425897239928,0.02898997305258416,-0.0008571428571428571
synthetic,100,0.1,Timoshenko,single,four,0.25;0.5;0.75;1.0,0.01,flexible,200,2,identified,0.00691211496530893,0.060212863428841294,0.005425332185455709,6.896290194829485e-06
synthetic,100,0.1,Timoshenko,single,four,0.25;0.5;0.75;1.0,0.03,rigid,200,1,identified,-0.24839681025389168,0.24895974732516588,0.028920681820662583,-0.0008571428571428571
synthetic,100,0.1,Timoshenko,single,four,0.25;0.5;0.75;1.0,0.03,flexible,200,2,identified,0.008436526614393303,0.18251358253064312,0.013910554359050248,-4.414824826159419e-05
synthetic,100,0.1,Timoshenko,amplitudes,one,1.0,0.0,rigid,200,1,identified,-0.23081538184632017,0.23081538184632022,0.0432804807692307,-0.0008571428571428571
synthetic,100,0.1,Timoshenko,amplitudes,one,1.0,0.0,flexible,200,1,unidentifiable,,,,
synthetic,100,0.1,Timoshenko,amplitudes,one,1.0,0.0025,rigid,200,1,identified,-0.23083555912970227,0.23083613817648188,0.04327265135461332,-0.0008571428571428571
synthetic,100,0.1,Timoshenko,amplitudes,one,1.0,0.0025,flexible,200,1,unidentifiable,,,,
synthetic,100,0.1,Timoshenko,amplitudes,one,1.0,0.01,rigid,200,1,identified,-0.23093893375800417,0.23094739382958257,0.043235672990015156,-0.0008571428571428571
synthetic,100,0.1,Timoshenko,amplitudes,one,1.0,0.01,flexible,200,1,unidentifiable,,,,
synthetic,100,0.1,Timoshenko,amplitudes,one,1.0,0.03,rigid,200,1,identified,-0.2305320696041791,0.23061891762804707,0.04345044681592889,-0.0008571428571428571
synthetic,100,0.1,Timoshenko,amplitudes,one,1.0,0.03,flexible,200,1,unidentifiable,,,,
synthetic,100,0.1,Timoshenko,amplitudes,two_uniform,0.5;1.0,0.0,rigid,200,1,identified,-0.24017723847462996,0.24017723847462996,0.033923148878412836,-0.0008571428571428571
synthetic,100,0.1,Timoshenko,amplitudes,two_uniform,0.5;1.0,0.0,flexible,200,2,identified,-4.440892098500626e-16,4.440892098500626e-16,1.060660171772638e-05,2.228571428578019e-07
synthetic,100,0.1,Timoshenko,amplitudes,two_uniform,0.5;1.0,0.0025,rigid,200,1,identified,-0.240191329632121,0.24019183504830202,0.033919054800469986,-0.0008571428571428571
synthetic,100,0.1,Timoshenko,amplitudes,two_uniform,0.5;1.0,0.0025,flexible,200,2,identified,-0.00026871297580229546,0.005290260363549165,0.0005837637910359872,-5.142460546857063e-07
synthetic,100,0.1,Timoshenko,amplitudes,two_uniform,0.5;1.0,0.01,rigid,200,1,identified,-0.24008814158513783,0.240096254819284,0.03395486747951901,-0.0008571428571428571
synthetic,100,0.1,Timoshenko,amplitudes,two_uniform,0.5;1.0,0.01,flexible,200,2,identified,-0.0005240848747632676,0.02033582848633025,0.0022841377170124315,-2.715459118627805e-06
synthetic,100,0.1,Timoshenko,amplitudes,two_uniform,0.5;1.0,0.03,rigid,200,1,identified,-0.2395902694108536,0.23965607537221367,0.03413809442403752,-0.0008571428571428571
synthetic,100,0.1,Timoshenko,amplitudes,two_uniform,0.5;1.0,0.03,flexible,200,2,identified,0.0037450800141314118,0.0634929076213501,0.0070089607989718885,-3.015846309107818e-06
synthetic,100,0.1,Timoshenko,amplitudes,two_selected,0.5;1.0,0.0,rigid,200,1,identified,-0.24017723847462996,0.24017723847462996,0.033923148878412836,-0.0008571428571428571
synthetic,100,0.1,Timoshenko,amplitudes,two_selected,0.5;1.0,0.0,flexible,200,2,identified,-4.440892098500626e-16,4.440892098500626e-16,1.060660171772638e-05,2.228571428578019e-07
synthetic,100,0.1,Timoshenko,amplitudes,two_selected,0.5;1.0,0.0025,rigid,200,1,identified,-0.24021299783762004,0.24021345298534605,0.03391233159334824,-0.0008571428571428571
synthetic,100,0.1,Timoshenko,amplitudes,two_selected,0.5;1.0,0.0025,flexible,200,2,identified,-0.0006222935385071998,0.005093902538224381,0.0005599323552127688,-1.3661811138128943e-06
synthetic,100,0.1,Timoshenko,amplitudes,two_selected,0.5;1.0,0.01,rigid,200,1,identified,-0.23998585628763763,0.23999195172674276,0.033985425029251774,-0.0008571428571428571
synthetic,100,0.1,Timoshenko,amplitudes,two_selected,0.5;1.0,0.01,flexible,200,2,identified,0.0019223429325465834,0.020583709336280516,0.0023125266016820255,3.407912422103726e-06
synthetic,100,0.1,Timoshenko,amplitudes,two_selected,0.5;1.0,0.03,rigid,200,1,identified,-0.24002197046472504,0.24009012950940833,0.034006087876838134,-0.0008571428571428571
synthetic,100,0.1,Timoshenko,amplitudes,two_selected,0.5;1.0,0.03,flexible,200,2,identified,0.008243382406444545,0.059406300616313905,0.006161471053517207,1.2817562601024693e-05
synthetic,100,0.1,Timoshenko,amplitudes,four,0.25;0.5;0.75;1.0,0.0,rigid,200,1,identified,-0.2477518470164273,0.24775184701642725,0.028820172006941352,-0.0008571428571428571
synthetic,100,0.1,Timoshenko,amplitudes,four,0.25;0.5;0.75;1.0,0.0,flexible,200,2,identified,-4.440892098500626e-16,4.440892098500626e-16,9.18558653547898e-06,2.228571428556335e-07
synthetic,100,0.1,Timoshenko,amplitudes,four,0.25;0.5;0.75;1.0,0.0025,rigid,200,1,identified,-0.24772313462328335,0.24772350056373907,0.028827840371941846,-0.0008571428571428571
synthetic,100,0.1,Timoshenko,amplitudes,four,0.25;0.5;0.75;1.0,0.0025,flexible,200,2,identified,-0.0001033742291497497,0.0036661262608507854,0.00037239258757478183,-2.1222154606297486e-07
synthetic,100,0.1,Timoshenko,amplitudes,four,0.25;0.5;0.75;1.0,0.01,rigid,200,1,identified,-0.24770957557421536,0.2477146945187755,0.02883362879814527,-0.0008571428571428571
synthetic,100,0.1,Timoshenko,amplitudes,four,0.25;0.5;0.75;1.0,0.01,flexible,200,2,identified,0.0006820149752997646,0.0151714944402488,0.0013787150102313134,1.2217346520934127e-06
synthetic,100,0.1,Timoshenko,amplitudes,four,0.25;0.5;0.75;1.0,0.03,rigid,200,1,identified,-0.24769442558116772,0.24774524479485777,0.02885931459685794,-0.0008571428571428571
synthetic,100,0.1,Timoshenko,amplitudes,four,0.25;0.5;0.75;1.0,0.03,flexible,200,2,identified,0.003574313392119271,0.04821365226326419,0.004250460658911137,3.452274044598994e-06
synthetic,100,0.1,Timoshenko,locations,one,1.0,0.0,rigid,200,1,identified,-0.24010307059800354,0.24010307059800365,0.039460782640762915,-0.0008571428571428571
synthetic,100,0.1,Timoshenko,locations,one,1.0,0.0,flexible,200,2,identified,4.218847493575595e-15,4.218847493575595e-15,7.005614037598645e-16,2.2285714286983654e-07
synthetic,100,0.1,Timoshenko,locations,one,1.0,0.0025,rigid,200,1,identified,-0.24001927325024308,0.2400242222755831,0.03949957355986884,-0.0008571428571428571
synthetic,100,0.1,Timoshenko,locations,one,1.0,0.0025,flexible,200,2,identified,0.0052626517291783715,0.03542603279445094,0.004206024969719153,1.0809570212646651e-05
synthetic,100,0.1,Timoshenko,locations,one,1.0,0.01,rigid,200,1,identified,-0.23953512022950144,0.23960765913416954,0.03975381904565767,-0.0008571428571428571
synthetic,100,0.1,Timoshenko,locations,one,1.0,0.01,flexible,200,2,identified,0.0034013617648505777,0.1412625723184041,0.01678465864669487,-4.304572119183671e-05
synthetic,100,0.1,Timoshenko,locations,one,1.0,0.03,rigid,200,1,identified,-0.24125721627713154,0.24191512756521397,0.03950713307543554,-0.0008571428571428571
synthetic,100,0.1,Timoshenko,locations,one,1.0,0.03,flexible,200,2,identified,10000000000.31945,99999999999.9,0.04569095991857231,0.00016133888533113422
synthetic,100,0.1,Timoshenko,locations,two_uniform,0.5;1.0,0.0,rigid,200,1,identified,-0.24952053793366602,0.24952053793366602,0.031006751122419383,-0.0008571428571428571
synthetic,100,0.1,Timoshenko,locations,two_uniform,0.5;1.0,0.0,flexible,200,2,identified,2.4540280143758864e-05,2.4540280143758867e-05,9.354210935668489e-06,2.896951358513297e-07
synthetic,100,0.1,Timoshenko,locations,two_uniform,0.5;1.0,0.0025,rigid,200,1,identified,-0.24937146790391929,0.2493760292242719,0.03105663355483666,-0.0008571428571428571
synthetic,100,0.1,Timoshenko,locations,two_uniform,0.5;1.0,0.0025,flexible,200,2,identified,0.0008708379751671285,0.01594239822464871,0.0015415258954841902,1.1486904711805764e-06
synthetic,100,0.1,Timoshenko,locations,two_uniform,0.5;1.0,0.01,rigid,200,1,identified,-0.2494335502968904,0.2495223196633678,0.031091183146667062,-0.0008571428571428571
synthetic,100,0.1,Timoshenko,locations,two_uniform,0.5;1.0,0.01,flexible,200,2,identified,0.013140207612391977,0.07132241811278736,0.0062638165027893945,2.1659154216750092e-05
synthetic,100,0.1,Timoshenko,locations,two_uniform,0.5;1.0,0.03,rigid,200,1,identified,-0.248406388832776,0.24901184029612022,0.031738098554737214,-0.0008571428571428571
synthetic,100,0.1,Timoshenko,locations,two_uniform,0.5;1.0,0.03,flexible,200,2,identified,0.03931030398165868,0.2021028482726618,0.016870301436510284,1.0143129508028246e-05
synthetic,100,0.1,Timoshenko,locations,two_selected,0.5;1.0,0.0,rigid,200,1,identified,-0.24952053793366602,0.24952053793366602,0.031006751122419383,-0.0008571428571428571
synthetic,100,0.1,Timoshenko,locations,two_selected,0.5;1.0,0.0,flexible,200,2,identified,2.4540280143758864e-05,2.4540280143758867e-05,9.354210935668489e-06,2.896951358513297e-07
synthetic,100,0.1,Timoshenko,locations,two_selected,0.5;1.0,0.0025,rigid,200,1,identified,-0.24953193589599254,0.2495362719152241,0.03100593896600441,-0.0008571428571428571
synthetic,100,0.1,Timoshenko,locations,two_selected,0.5;1.0,0.0025,flexible,200,2,identified,-0.0009705966269365835,0.01406652912574005,0.001333044998828677,-2.720113681143684e-06
synthetic,100,0.1,Timoshenko,locations,two_selected,0.5;1.0,0.01,rigid,200,1,identified,-0.24987646936054184,0.24994530989915373,0.030938982880710727,-0.0008571428571428571
synthetic,100,0.1,Timoshenko,locations,two_selected,0.5;1.0,0.01,flexible,200,2,identified,-0.0015220502395996939,0.06159513668397758,0.005799863035095156,-1.1606047024570998e-05
synthetic,100,0.1,Timoshenko,locations,two_selected,0.5;1.0,0.03,rigid,200,1,identified,-0.2504769286755321,0.2512280260423817,0.031188876546269253,-0.0008571428571428571
synthetic,100,0.1,Timoshenko,locations,two_selected,0.5;1.0,0.03,flexible,200,2,identified,0.052075954625654244,0.21979356826817265,0.0174711052527674,4.1316909682215916e-05
synthetic,100,0.1,Timoshenko,locations,four,0.25;0.5;0.75;1.0,0.0,rigid,200,1,identified,-0.25671069059076634,0.25671069059076645,0.026464210206414783,-0.0008571428571428571
synthetic,100,0.1,Timoshenko,locations,four,0.25;0.5;0.75;1.0,0.0,flexible,200,2,identified,2.9003441790687035e-05,2.9003441790687035e-05,7.338026446505296e-06,3.048605197618001e-07
synthetic,100,0.1,Timoshenko,locations,four,0.25;0.5;0.75;1.0,0.0025,rigid,200,1,identified,-0.25681906696178336,0.25682226946712655,0.026437376450344257,-0.0008571428571428571
synthetic,100,0.1,Timoshenko,locations,four,0.25;0.5;0.75;1.0,0.0025,flexible,200,2,identified,0.0005870596699868208,0.01225095119891065,0.0010074957677265154,1.8154221132315677e-06
synthetic,100,0.1,Timoshenko,locations,four,0.25;0.5;0.75;1.0,0.01,rigid,200,1,identified,-0.25653504583967357,0.2565845058302962,0.026539378649013238,-0.0008571428571428571
synthetic,100,0.1,Timoshenko,locations,four,0.25;0.5;0.75;1.0,0.01,flexible,200,2,identified,-0.002945807620057879,0.047640522971510654,0.003970673828385626,-1.3348151041206523e-05
synthetic,100,0.1,Timoshenko,locations,four,0.25;0.5;0.75;1.0,0.03,rigid,200,1,identified,-0.25659436129033636,0.25698829885869323,0.026722539111816778,-0.0008571428571428571
synthetic,100,0.1,Timoshenko,locations,four,0.25;0.5;0.75;1.0,0.03,flexible,200,2,identified,0.021548942780107157,0.16700176162767913,0.011492620190802372,-4.351770550271498e-06
